[{"semestre": null, "pos_requisitos": [], "disciplina": "Enade/Ingressante", "creditos": null, "tipo": "Complementar", "pre_requisitos": [], "codigo_departamento": 13050000.0, "codigo_disciplina": 1305254, "horas": null}, {"semestre": null, "pos_requisitos": [1301063], "disciplina": "Introdu\u00e7\u00e3o a Sociologia", "creditos": null, "tipo": "Obrigat\u00f3ria", "pre_requisitos": [], "codigo_departamento": 13010000.0, "codigo_disciplina": 1305027, "horas": null}, {"semestre": null, "pos_requisitos": [], "disciplina": "Orcamento P\u00fablico", "creditos": null, "tipo": "Complementar", "pre_requisitos": [1114031], "codigo_departamento": 13010000.0, "codigo_disciplina": 1301074, "horas": null}, {"semestre": null, "pos_requisitos": [], "disciplina": "Contabilidade Publica", "creditos": null, "tipo": "Complementar", "pre_requisitos": [1301001], "codigo_departamento": 13010000.0, "codigo_disciplina": 1301075, "horas": null}, {"semestre": null, "pos_requisitos": [], "disciplina": "Administra\u00e7\u00e3o Municipal", "creditos": null, "tipo": "Complementar", "pre_requisitos": [], "codigo_departamento": 13010000.0, "codigo_disciplina": 1301029, "horas": null}, {"semestre": null, "pos_requisitos": [], "disciplina": "M\u00e9todo e T\u00e9cnica de Pesquisa I", "creditos": null, "tipo": "Obrigat\u00f3ria", "pre_requisitos": [1114031], "codigo_departamento": 13050000.0, "codigo_disciplina": 1305052, "horas": null}, {"semestre": null, "pos_requisitos": [], "disciplina": "Enade/Concluinte", "creditos": null, "tipo": "Complementar", "pre_requisitos": [], "codigo_departamento": 13050000.0, "codigo_disciplina": 1305253, "horas": null}, {"semestre": null, "pos_requisitos": [], "disciplina": "Introdu\u00e7\u00e3o a Pol\u00edtica", "creditos": null, "tipo": "Complementar", "pre_requisitos": [], "codigo_departamento": 13050000.0, "codigo_disciplina": 1305184, "horas": null}, {"semestre": null, "pos_requisitos": [], "disciplina": "Direito Administrativo", "creditos": null, "tipo": "Complementar", "pre_requisitos": [1305072], "codigo_departamento": 13050000.0, "codigo_disciplina": 1305075, "horas": null}, {"semestre": null, "pos_requisitos": [], "disciplina": "Est\u00e1gio Supervisionado (Publica)", "creditos": null, "tipo": "Obrigat\u00f3ria", "pre_requisitos": [], "codigo_departamento": 13010000.0, "codigo_disciplina": 1301111, "horas": null}, {"semestre": 1.0, "pos_requisitos": [1301004, 1301075], "disciplina": "Contabilidade Geral", "creditos": 6.0, "tipo": "Obrigat\u00f3ria", "pre_requisitos": [], "codigo_departamento": 13010000.0, "codigo_disciplina": 1301001, "horas": 90.0}, {"semestre": 1.0, "pos_requisitos": [1301026], "disciplina": "Introdu\u00e7\u00e3o a Administra\u00e7\u00e3o", "creditos": 4.0, "tipo": "Obrigat\u00f3ria", "pre_requisitos": [], "codigo_departamento": 13010000.0, "codigo_disciplina": 1301005, "horas": 60.0}, {"semestre": 1.0, "pos_requisitos": [1303002], "disciplina": "Economia I", "creditos": 4.0, "tipo": "Obrigat\u00f3ria", "pre_requisitos": [], "codigo_departamento": 13030000.0, "codigo_disciplina": 1303001, "horas": 60.0}, {"semestre": 1.0, "pos_requisitos": [1109084], "disciplina": "Matem\u00e1tica Aplicada \u00e0 Administra\u00e7\u00e3o I", "creditos": 4.0, "tipo": "Obrigat\u00f3ria", "pre_requisitos": [], "codigo_departamento": 11090000.0, "codigo_disciplina": 1109083, "horas": 60.0}, {"semestre": 2.0, "pos_requisitos": [1301057], "disciplina": "Estrutura e An\u00e1lise de Balan\u00e7o", "creditos": 4.0, "tipo": "Obrigat\u00f3ria", "pre_requisitos": [1301001], "codigo_departamento": 13010000.0, "codigo_disciplina": 1301004, "horas": 60.0}, {"semestre": 2.0, "pos_requisitos": [1301027], "disciplina": "Teoria Geral Administra\u00e7\u00e3o I", "creditos": 4.0, "tipo": "Obrigat\u00f3ria", "pre_requisitos": [1301005], "codigo_departamento": 13010000.0, "codigo_disciplina": 1301026, "horas": 60.0}, {"semestre": 2.0, "pos_requisitos": [], "disciplina": "L\u00edngua Portuguesa", "creditos": 5.0, "tipo": "Complementar", "pre_requisitos": [], "codigo_departamento": 13070000.0, "codigo_disciplina": 1307045, "horas": 75.0}, {"semestre": 2.0, "pos_requisitos": [1114031, 1301019], "disciplina": "Matem\u00e1tica Aplicada \u00e0 Administra\u00e7\u00e3o II", "creditos": 4.0, "tipo": "Obrigat\u00f3ria", "pre_requisitos": [1109083], "codigo_departamento": 11090000.0, "codigo_disciplina": 1109084, "horas": 60.0}, {"semestre": 2.0, "pos_requisitos": [], "disciplina": "Economia II", "creditos": 4.0, "tipo": "Obrigat\u00f3ria", "pre_requisitos": [1303001], "codigo_departamento": 13030000.0, "codigo_disciplina": 1303002, "horas": 60.0}, {"semestre": 3.0, "pos_requisitos": [1301057], "disciplina": "Matem\u00e1tica Financeira", "creditos": 4.0, "tipo": "Obrigat\u00f3ria", "pre_requisitos": [], "codigo_departamento": 13010000.0, "codigo_disciplina": 1301011, "horas": 60.0}, {"semestre": 3.0, "pos_requisitos": [1301072, 1301061, 1301068, 1301064], "disciplina": "Teoria Geral Administra\u00e7\u00e3o II", "creditos": 4.0, "tipo": "Obrigat\u00f3ria", "pre_requisitos": [1301026], "codigo_departamento": 13010000.0, "codigo_disciplina": 1301027, "horas": 60.0}, {"semestre": 3.0, "pos_requisitos": [1301072], "disciplina": "Introdu\u00e7\u00e3o \u00e0 Inform\u00e1tica", "creditos": 4.0, "tipo": "Obrigat\u00f3ria", "pre_requisitos": [], "codigo_departamento": 14110000.0, "codigo_disciplina": 1411137, "horas": 60.0}, {"semestre": 3.0, "pos_requisitos": [1305073, 1305074, 1305075], "disciplina": "Inst do Direito Publ e Privado", "creditos": 4.0, "tipo": "Obrigat\u00f3ria", "pre_requisitos": [], "codigo_departamento": 13050000.0, "codigo_disciplina": 1305072, "horas": 60.0}, {"semestre": 4.0, "pos_requisitos": [1114032, 1301085, 1305052, 1301074], "disciplina": "Estatistica Descritiva", "creditos": 4.0, "tipo": "Obrigat\u00f3ria", "pre_requisitos": [1109084], "codigo_departamento": 11140000.0, "codigo_disciplina": 1114031, "horas": 60.0}, {"semestre": 4.0, "pos_requisitos": [], "disciplina": "Sociologia das Organizacoes", "creditos": 4.0, "tipo": "Obrigat\u00f3ria", "pre_requisitos": [1305027], "codigo_departamento": 13010000.0, "codigo_disciplina": 1301063, "horas": 60.0}, {"semestre": 4.0, "pos_requisitos": [1301073, 1301066, 1301037, 1411138], "disciplina": "Organizacao, Sist e M\u00e9todos I", "creditos": 4.0, "tipo": "Obrigat\u00f3ria", "pre_requisitos": [1301027, 1411137], "codigo_departamento": 13010000.0, "codigo_disciplina": 1301072, "horas": 60.0}, {"semestre": 4.0, "pos_requisitos": [], "disciplina": "Legislacao Social", "creditos": 4.0, "tipo": "Obrigat\u00f3ria", "pre_requisitos": [1305072], "codigo_departamento": 13050000.0, "codigo_disciplina": 1305073, "horas": 60.0}, {"semestre": 4.0, "pos_requisitos": [1301062], "disciplina": "Introdu\u00e7\u00e3o \u00e0 Psicologia", "creditos": 4.0, "tipo": "Obrigat\u00f3ria", "pre_requisitos": [], "codigo_departamento": 13010000.0, "codigo_disciplina": 1304015, "horas": 60.0}, {"semestre": 5.0, "pos_requisitos": [1301058], "disciplina": "Administra\u00e7\u00e3o Financeira I", "creditos": 4.0, "tipo": "Obrigat\u00f3ria", "pre_requisitos": [1301011, 1301004], "codigo_departamento": 13010000.0, "codigo_disciplina": 1301057, "horas": 60.0}, {"semestre": 5.0, "pos_requisitos": [], "disciplina": "Inferencia Estatistica", "creditos": 4.0, "tipo": "Obrigat\u00f3ria", "pre_requisitos": [1114031], "codigo_departamento": 11140000.0, "codigo_disciplina": 1114032, "horas": 60.0}, {"semestre": 5.0, "pos_requisitos": [], "disciplina": "Processo Decisorio", "creditos": 4.0, "tipo": "Obrigat\u00f3ria", "pre_requisitos": [1301027], "codigo_departamento": 13010000.0, "codigo_disciplina": 1301061, "horas": 60.0}, {"semestre": 5.0, "pos_requisitos": [], "disciplina": "Psicologia das Organizacoes", "creditos": 4.0, "tipo": "Obrigat\u00f3ria", "pre_requisitos": [1304015], "codigo_departamento": 13010000.0, "codigo_disciplina": 1301062, "horas": 60.0}, {"semestre": 5.0, "pos_requisitos": [1301070], "disciplina": "Organizacao, Sist e M\u00e9todos II", "creditos": 4.0, "tipo": "Obrigat\u00f3ria", "pre_requisitos": [1301072], "codigo_departamento": 13010000.0, "codigo_disciplina": 1301073, "horas": 60.0}, {"semestre": 6.0, "pos_requisitos": [1301037, 1301007], "disciplina": "Administra\u00e7\u00e3o Financeira II", "creditos": 4.0, "tipo": "Obrigat\u00f3ria", "pre_requisitos": [1301057], "codigo_departamento": 13010000.0, "codigo_disciplina": 1301058, "horas": 60.0}, {"semestre": 6.0, "pos_requisitos": [1301065], "disciplina": "Administra\u00e7\u00e3o Mercadol\u00f3gica I", "creditos": 4.0, "tipo": "Obrigat\u00f3ria", "pre_requisitos": [1301027], "codigo_departamento": 13010000.0, "codigo_disciplina": 1301064, "horas": 60.0}, {"semestre": 6.0, "pos_requisitos": [1301067], "disciplina": "Administra\u00e7\u00e3o da Produ\u00e7\u00e3o I", "creditos": 4.0, "tipo": "Obrigat\u00f3ria", "pre_requisitos": [1301072], "codigo_departamento": 13010000.0, "codigo_disciplina": 1301066, "horas": 60.0}, {"semestre": 6.0, "pos_requisitos": [1301069], "disciplina": "Administra\u00e7\u00e3o de Recursos Humanos I", "creditos": 4.0, "tipo": "Obrigat\u00f3ria", "pre_requisitos": [1301027], "codigo_departamento": 13010000.0, "codigo_disciplina": 1301068, "horas": 60.0}, {"semestre": 6.0, "pos_requisitos": [], "disciplina": "Legislacao Tributaria", "creditos": 4.0, "tipo": "Obrigat\u00f3ria", "pre_requisitos": [1305072], "codigo_departamento": 13050000.0, "codigo_disciplina": 1305074, "horas": 60.0}, {"semestre": 7.0, "pos_requisitos": [1301040, 1301003], "disciplina": "Contabilidade de Custos", "creditos": 4.0, "tipo": "Complementar", "pre_requisitos": [1301058, 1301072], "codigo_departamento": 13010000.0, "codigo_disciplina": 1301037, "horas": 60.0}, {"semestre": 7.0, "pos_requisitos": [], "disciplina": "Administra\u00e7\u00e3o Mercadol\u00f3gica II", "creditos": 4.0, "tipo": "Complementar", "pre_requisitos": [1301064], "codigo_departamento": 13010000.0, "codigo_disciplina": 1301065, "horas": 60.0}, {"semestre": 7.0, "pos_requisitos": [], "disciplina": "Administra\u00e7\u00e3o da Produ\u00e7\u00e3o II", "creditos": 4.0, "tipo": "Complementar", "pre_requisitos": [1301066], "codigo_departamento": 13010000.0, "codigo_disciplina": 1301067, "horas": 60.0}, {"semestre": 7.0, "pos_requisitos": [], "disciplina": "Administra\u00e7\u00e3o de Recursos Humanos II", "creditos": 4.0, "tipo": "Obrigat\u00f3ria", "pre_requisitos": [1301068], "codigo_departamento": 13010000.0, "codigo_disciplina": 1301069, "horas": 60.0}, {"semestre": 7.0, "pos_requisitos": [1301071], "disciplina": "Adm de Recursos Materiais e Patrimoniais", "creditos": 4.0, "tipo": "Obrigat\u00f3ria", "pre_requisitos": [1301073], "codigo_departamento": 13010000.0, "codigo_disciplina": 1301070, "horas": 60.0}, {"semestre": 8.0, "pos_requisitos": [], "disciplina": "Pesquisa Operacional", "creditos": 4.0, "tipo": "Complementar", "pre_requisitos": [1109084], "codigo_departamento": 13010000.0, "codigo_disciplina": 1301019, "horas": 60.0}, {"semestre": 8.0, "pos_requisitos": [], "disciplina": "Orcamento Empresarial", "creditos": 4.0, "tipo": "Complementar", "pre_requisitos": [1301037], "codigo_departamento": 13010000.0, "codigo_disciplina": 1301040, "horas": 60.0}, {"semestre": 8.0, "pos_requisitos": [], "disciplina": "Introdu\u00e7\u00e3o \u00e0 Filosofia", "creditos": 4.0, "tipo": "Obrigat\u00f3ria", "pre_requisitos": [], "codigo_departamento": 13050000.0, "codigo_disciplina": 1305147, "horas": 60.0}, {"semestre": 8.0, "pos_requisitos": [], "disciplina": "Administra\u00e7\u00e3o de Sistemas de Informa\u00e7\u00e3o", "creditos": 4.0, "tipo": "Obrigat\u00f3ria", "pre_requisitos": [1301072], "codigo_departamento": 14110000.0, "codigo_disciplina": 1411138, "horas": 60.0}, {"semestre": 8.0, "pos_requisitos": [], "disciplina": "Gerenciamento dos Suprimentos", "creditos": 4.0, "tipo": "Complementar", "pre_requisitos": [1301070], "codigo_departamento": 13010000.0, "codigo_disciplina": 1301071, "horas": 60.0}, {"semestre": 9.0, "pos_requisitos": [], "disciplina": "An\u00e1lise de Custos", "creditos": 4.0, "tipo": "Complementar", "pre_requisitos": [1301037], "codigo_departamento": 13010000.0, "codigo_disciplina": 1301003, "horas": 60.0}, {"semestre": 9.0, "pos_requisitos": [], "disciplina": "Mercado de Capitais", "creditos": 4.0, "tipo": "Complementar", "pre_requisitos": [1301058], "codigo_departamento": 13010000.0, "codigo_disciplina": 1301007, "horas": 60.0}, {"semestre": 9.0, "pos_requisitos": [], "disciplina": "M\u00e9todos e T\u00e9cnicas de Pesquisa I", "creditos": 4.0, "tipo": "Obrigat\u00f3ria", "pre_requisitos": [1114031], "codigo_departamento": 13010000.0, "codigo_disciplina": 1301085, "horas": 60.0}, {"semestre": 10.0, "pos_requisitos": [], "disciplina": "Est\u00e1gio Supervisionado (Empresa)", "creditos": null, "tipo": "Obrigat\u00f3ria", "pre_requisitos": [], "codigo_departamento": 13010000.0, "codigo_disciplina": 1301024, "horas": 300.0}]