[{"semestre": 1.0, "pos_requisitos": [3103029, 3103079], "disciplina": "Matem\u00e1tica B\u00e1sica", "creditos": 4.0, "tipo": "Obrigat\u00f3ria", "pre_requisitos": [], "codigo_departamento": 31030000.0, "codigo_disciplina": 3103028, "horas": 60.0}, {"semestre": 1.0, "pos_requisitos": [3103100], "disciplina": "Met. e T\u00e9cnicas de Pesquisa Cient\u00edfica", "creditos": 4.0, "tipo": "Obrigat\u00f3ria", "pre_requisitos": [], "codigo_departamento": 31030000.0, "codigo_disciplina": 3103030, "horas": 60.0}, {"semestre": 1.0, "pos_requisitos": [3103070, 3103075], "disciplina": "Teoria Geral da Administra\u00e7\u00e3o I", "creditos": 4.0, "tipo": "Obrigat\u00f3ria", "pre_requisitos": [], "codigo_departamento": 31030000.0, "codigo_disciplina": 3103067, "horas": 60.0}, {"semestre": 1.0, "pos_requisitos": [], "disciplina": "Introdu\u00e7\u00e3o \u00e0 Inform\u00e1tica", "creditos": 4.0, "tipo": "Obrigat\u00f3ria", "pre_requisitos": [], "codigo_departamento": 31030000.0, "codigo_disciplina": 3103068, "horas": 60.0}, {"semestre": 1.0, "pos_requisitos": [], "disciplina": "Sociologia e Antropologia", "creditos": 4.0, "tipo": "Obrigat\u00f3ria", "pre_requisitos": [], "codigo_departamento": 31030000.0, "codigo_disciplina": 3103069, "horas": 60.0}, {"semestre": 2.0, "pos_requisitos": [3103092], "disciplina": "Matem\u00e1tica Financeira", "creditos": 4.0, "tipo": "Obrigat\u00f3ria", "pre_requisitos": [3103028], "codigo_departamento": 31030000.0, "codigo_disciplina": 3103029, "horas": 60.0}, {"semestre": 2.0, "pos_requisitos": [], "disciplina": "Teoria Geral da Administra\u00e7\u00e3o II", "creditos": 4.0, "tipo": "Obrigat\u00f3ria", "pre_requisitos": [3103067], "codigo_departamento": 31030000.0, "codigo_disciplina": 3103070, "horas": 60.0}, {"semestre": 2.0, "pos_requisitos": [], "disciplina": "Redacao Empresarial", "creditos": 2.0, "tipo": "Obrigat\u00f3ria", "pre_requisitos": [], "codigo_departamento": 31030000.0, "codigo_disciplina": 3103071, "horas": 30.0}, {"semestre": 2.0, "pos_requisitos": [], "disciplina": "Filosofia", "creditos": 2.0, "tipo": "Obrigat\u00f3ria", "pre_requisitos": [], "codigo_departamento": 31030000.0, "codigo_disciplina": 3103072, "horas": 30.0}, {"semestre": 2.0, "pos_requisitos": [3103093], "disciplina": "Psicologia Organizacional", "creditos": 4.0, "tipo": "Obrigat\u00f3ria", "pre_requisitos": [], "codigo_departamento": 31030000.0, "codigo_disciplina": 3103073, "horas": 60.0}, {"semestre": 2.0, "pos_requisitos": [3103088], "disciplina": "Instituicoes do Direito Public e Privado", "creditos": 4.0, "tipo": "Obrigat\u00f3ria", "pre_requisitos": [], "codigo_departamento": 31030000.0, "codigo_disciplina": 3103074, "horas": 60.0}, {"semestre": 3.0, "pos_requisitos": [], "disciplina": "Teoria Geral das Organizacoes", "creditos": 4.0, "tipo": "Obrigat\u00f3ria", "pre_requisitos": [3103067], "codigo_departamento": 31030000.0, "codigo_disciplina": 3103075, "horas": 60.0}, {"semestre": 3.0, "pos_requisitos": [3103083], "disciplina": "Fundamentos de Marketing", "creditos": 4.0, "tipo": "Obrigat\u00f3ria", "pre_requisitos": [], "codigo_departamento": 31030000.0, "codigo_disciplina": 3103076, "horas": 60.0}, {"semestre": 3.0, "pos_requisitos": [3103004, 3103092], "disciplina": "Contabilidade Basica", "creditos": 4.0, "tipo": "Obrigat\u00f3ria", "pre_requisitos": [], "codigo_departamento": 31030000.0, "codigo_disciplina": 3103077, "horas": 60.0}, {"semestre": 3.0, "pos_requisitos": [3103084], "disciplina": "An\u00e1lise Ec\u00f4nomica I", "creditos": 4.0, "tipo": "Obrigat\u00f3ria", "pre_requisitos": [], "codigo_departamento": 31030000.0, "codigo_disciplina": 3103078, "horas": 60.0}, {"semestre": 3.0, "pos_requisitos": [3103090], "disciplina": "Estatistica", "creditos": 4.0, "tipo": "Obrigat\u00f3ria", "pre_requisitos": [3103028], "codigo_departamento": 31030000.0, "codigo_disciplina": 3103079, "horas": 60.0}, {"semestre": 4.0, "pos_requisitos": [3103006], "disciplina": "Contabilidade de Custos", "creditos": 4.0, "tipo": "Obrigat\u00f3ria", "pre_requisitos": [3103077], "codigo_departamento": 31030000.0, "codigo_disciplina": 3103004, "horas": 60.0}, {"semestre": 4.0, "pos_requisitos": [3103095], "disciplina": "Administra\u00e7\u00e3o de Rec Mat e Patrimoniais", "creditos": 4.0, "tipo": "Obrigat\u00f3ria", "pre_requisitos": [], "codigo_departamento": 31030000.0, "codigo_disciplina": 3103081, "horas": 60.0}, {"semestre": 4.0, "pos_requisitos": [3103086], "disciplina": "Administra\u00e7\u00e3o de Pessoas I", "creditos": 4.0, "tipo": "Obrigat\u00f3ria", "pre_requisitos": [], "codigo_departamento": 31030000.0, "codigo_disciplina": 3103082, "horas": 60.0}, {"semestre": 4.0, "pos_requisitos": [], "disciplina": "Administra\u00e7\u00e3o de Marketing", "creditos": 4.0, "tipo": "Obrigat\u00f3ria", "pre_requisitos": [3103076], "codigo_departamento": 31030000.0, "codigo_disciplina": 3103083, "horas": 60.0}, {"semestre": 4.0, "pos_requisitos": [], "disciplina": "An\u00e1lise Ec\u00f4nomica II", "creditos": 4.0, "tipo": "Obrigat\u00f3ria", "pre_requisitos": [3103078], "codigo_departamento": 31030000.0, "codigo_disciplina": 3103084, "horas": 60.0}, {"semestre": 5.0, "pos_requisitos": [], "disciplina": "Contabilidade Gerencial", "creditos": 4.0, "tipo": "Obrigat\u00f3ria", "pre_requisitos": [3103004], "codigo_departamento": 31030000.0, "codigo_disciplina": 3103006, "horas": 60.0}, {"semestre": 5.0, "pos_requisitos": [3103089], "disciplina": "Administra\u00e7\u00e3o da Produ\u00e7\u00e3o I", "creditos": 4.0, "tipo": "Obrigat\u00f3ria", "pre_requisitos": [], "codigo_departamento": 31030000.0, "codigo_disciplina": 3103085, "horas": 60.0}, {"semestre": 5.0, "pos_requisitos": [], "disciplina": "Administra\u00e7\u00e3o de Pessoas II", "creditos": 4.0, "tipo": "Obrigat\u00f3ria", "pre_requisitos": [3103082], "codigo_departamento": 31030000.0, "codigo_disciplina": 3103086, "horas": 60.0}, {"semestre": 5.0, "pos_requisitos": [3103091], "disciplina": "Administra\u00e7\u00e3o de Sist de Informa\u00e7\u00e3o I", "creditos": 4.0, "tipo": "Obrigat\u00f3ria", "pre_requisitos": [], "codigo_departamento": 31030000.0, "codigo_disciplina": 3103087, "horas": 60.0}, {"semestre": 5.0, "pos_requisitos": [], "disciplina": "Direito Empresarial", "creditos": 4.0, "tipo": "Obrigat\u00f3ria", "pre_requisitos": [3103074], "codigo_departamento": 31030000.0, "codigo_disciplina": 3103088, "horas": 60.0}, {"semestre": 6.0, "pos_requisitos": [], "disciplina": "Administra\u00e7\u00e3o da Produ\u00e7\u00e3o II", "creditos": 4.0, "tipo": "Obrigat\u00f3ria", "pre_requisitos": [3103085], "codigo_departamento": 31030000.0, "codigo_disciplina": 3103089, "horas": 60.0}, {"semestre": 6.0, "pos_requisitos": [], "disciplina": "Pesquisa Operacional", "creditos": 4.0, "tipo": "Obrigat\u00f3ria", "pre_requisitos": [3103079], "codigo_departamento": 31030000.0, "codigo_disciplina": 3103090, "horas": 60.0}, {"semestre": 6.0, "pos_requisitos": [], "disciplina": "Administra\u00e7\u00e3o de Sist de Informa\u00e7\u00e3o II", "creditos": 4.0, "tipo": "Obrigat\u00f3ria", "pre_requisitos": [3103087], "codigo_departamento": 31030000.0, "codigo_disciplina": 3103091, "horas": 60.0}, {"semestre": 6.0, "pos_requisitos": [3103094], "disciplina": "Administra\u00e7\u00e3o Financeira I", "creditos": 4.0, "tipo": "Obrigat\u00f3ria", "pre_requisitos": [3103029, 3103077], "codigo_departamento": 31030000.0, "codigo_disciplina": 3103092, "horas": 60.0}, {"semestre": 6.0, "pos_requisitos": [], "disciplina": "Comportamento Organizacional", "creditos": 4.0, "tipo": "Obrigat\u00f3ria", "pre_requisitos": [3103073], "codigo_departamento": 31030000.0, "codigo_disciplina": 3103093, "horas": 60.0}, {"semestre": 7.0, "pos_requisitos": [3103103], "disciplina": "Empreendedorismo", "creditos": 4.0, "tipo": "Obrigat\u00f3ria", "pre_requisitos": [], "codigo_departamento": 31030000.0, "codigo_disciplina": 3103054, "horas": 60.0}, {"semestre": 7.0, "pos_requisitos": [3103098], "disciplina": "Administra\u00e7\u00e3o Financeira II", "creditos": 4.0, "tipo": "Obrigat\u00f3ria", "pre_requisitos": [3103092], "codigo_departamento": 31030000.0, "codigo_disciplina": 3103094, "horas": 60.0}, {"semestre": 7.0, "pos_requisitos": [], "disciplina": "Administra\u00e7\u00e3o Log\u00edstica", "creditos": 4.0, "tipo": "Obrigat\u00f3ria", "pre_requisitos": [3103081], "codigo_departamento": 31030000.0, "codigo_disciplina": 3103095, "horas": 60.0}, {"semestre": 7.0, "pos_requisitos": [], "disciplina": "Elabora\u00e7\u00e3o e An\u00e1lise de Projetos", "creditos": 4.0, "tipo": "Obrigat\u00f3ria", "pre_requisitos": [], "codigo_departamento": 31030000.0, "codigo_disciplina": 3103096, "horas": 60.0}, {"semestre": 8.0, "pos_requisitos": [3103105], "disciplina": "Est\u00e1gio Curricular Supervisionado I", "creditos": 6.0, "tipo": "Complementar", "pre_requisitos": [3103094], "codigo_departamento": 31030000.0, "codigo_disciplina": 3103098, "horas": 90.0}, {"semestre": 8.0, "pos_requisitos": [], "disciplina": "Administra\u00e7\u00e3o P\u00fablica", "creditos": 4.0, "tipo": "Obrigat\u00f3ria", "pre_requisitos": [], "codigo_departamento": 31030000.0, "codigo_disciplina": 3103099, "horas": 60.0}, {"semestre": 8.0, "pos_requisitos": [3103107], "disciplina": "Elabora\u00e7\u00e3o de Projeto de Pesquisa", "creditos": 4.0, "tipo": "Obrigat\u00f3ria", "pre_requisitos": [3103030], "codigo_departamento": 31030000.0, "codigo_disciplina": 3103100, "horas": 60.0}, {"semestre": 8.0, "pos_requisitos": [], "disciplina": "\u00c9tica Profissional", "creditos": 2.0, "tipo": "Obrigat\u00f3ria", "pre_requisitos": [], "codigo_departamento": 31030000.0, "codigo_disciplina": 3103101, "horas": 30.0}, {"semestre": 8.0, "pos_requisitos": [], "disciplina": "Administra\u00e7\u00e3o de Servi\u00e7os", "creditos": 2.0, "tipo": "Obrigat\u00f3ria", "pre_requisitos": [], "codigo_departamento": 31030000.0, "codigo_disciplina": 3103102, "horas": 30.0}, {"semestre": 8.0, "pos_requisitos": [3103106], "disciplina": "Planejamento e Administra\u00e7\u00e3o Estrategica", "creditos": 4.0, "tipo": "Obrigat\u00f3ria", "pre_requisitos": [3103054], "codigo_departamento": 31030000.0, "codigo_disciplina": 3103103, "horas": 60.0}, {"semestre": 9.0, "pos_requisitos": [], "disciplina": "Est\u00e1gio Curricular Supervisionado II", "creditos": 6.0, "tipo": "Complementar", "pre_requisitos": [3103098], "codigo_departamento": 31030000.0, "codigo_disciplina": 3103105, "horas": 90.0}, {"semestre": 9.0, "pos_requisitos": [], "disciplina": "Jogos de Empresas", "creditos": 4.0, "tipo": "Obrigat\u00f3ria", "pre_requisitos": [3103103], "codigo_departamento": 31030000.0, "codigo_disciplina": 3103106, "horas": 60.0}, {"semestre": 9.0, "pos_requisitos": [], "disciplina": "Trabalho de Conclus\u00e3o de Curso", "creditos": 8.0, "tipo": "Complementar", "pre_requisitos": [3103100], "codigo_departamento": 31030000.0, "codigo_disciplina": 3103107, "horas": 120.0}, {"semestre": 9.0, "pos_requisitos": [], "disciplina": "Atividades Complementares Flex\u00edveis", "creditos": 8.0, "tipo": "Complementar", "pre_requisitos": [], "codigo_departamento": 31030000.0, "codigo_disciplina": 3103108, "horas": 120.0}]