[{"semestre": null, "pos_requisitos": [], "disciplina": "Enade/Concluinte", "creditos": null, "tipo": "Complementar", "pre_requisitos": [], "codigo_departamento": 13050000.0, "codigo_disciplina": 1305253, "horas": null}, {"semestre": null, "pos_requisitos": [], "disciplina": "Enade/Ingressante", "creditos": null, "tipo": "Complementar", "pre_requisitos": [], "codigo_departamento": 13050000.0, "codigo_disciplina": 1305254, "horas": null}, {"semestre": 1.0, "pos_requisitos": [9101070], "disciplina": "C\u00e1lculo", "creditos": 5.0, "tipo": "Obrigat\u00f3ria", "pre_requisitos": [], "codigo_departamento": 91010000.0, "codigo_disciplina": 9101066, "horas": 75.0}, {"semestre": 1.0, "pos_requisitos": [9101076, 9101071], "disciplina": "Citologia e Histologia Vegetal", "creditos": 4.0, "tipo": "Obrigat\u00f3ria", "pre_requisitos": [], "codigo_departamento": 91010000.0, "codigo_disciplina": 9101067, "horas": 60.0}, {"semestre": 1.0, "pos_requisitos": [9101114], "disciplina": "Desenho T\u00e9cnico", "creditos": 4.0, "tipo": "Obrigat\u00f3ria", "pre_requisitos": [], "codigo_departamento": 91010000.0, "codigo_disciplina": 9101068, "horas": 60.0}, {"semestre": 1.0, "pos_requisitos": [], "disciplina": "Inform\u00e1tica", "creditos": 4.0, "tipo": "Obrigat\u00f3ria", "pre_requisitos": [], "codigo_departamento": 91010000.0, "codigo_disciplina": 9101072, "horas": 60.0}, {"semestre": 1.0, "pos_requisitos": [9101077], "disciplina": "Qu\u00edmica Geral", "creditos": 4.0, "tipo": "Obrigat\u00f3ria", "pre_requisitos": [], "codigo_departamento": 91010000.0, "codigo_disciplina": 9101078, "horas": 60.0}, {"semestre": 1.0, "pos_requisitos": [9101092, 9101098, 9101109, 9101101], "disciplina": "Agricultura Geral", "creditos": 3.0, "tipo": "Obrigat\u00f3ria", "pre_requisitos": [], "codigo_departamento": 91010000.0, "codigo_disciplina": 9101081, "horas": 45.0}, {"semestre": 2.0, "pos_requisitos": [9101091, 9101088], "disciplina": "Estatistica Basica", "creditos": 4.0, "tipo": "Obrigat\u00f3ria", "pre_requisitos": [9101066], "codigo_departamento": 91010000.0, "codigo_disciplina": 9101070, "horas": 60.0}, {"semestre": 2.0, "pos_requisitos": [], "disciplina": "M\u00e9todologia Cient\u00edfica", "creditos": 3.0, "tipo": "Obrigat\u00f3ria", "pre_requisitos": [], "codigo_departamento": 91010000.0, "codigo_disciplina": 9101074, "horas": 45.0}, {"semestre": 2.0, "pos_requisitos": [9101079, 9101093], "disciplina": "Morfologia e Anatomia Vegetal", "creditos": 4.0, "tipo": "Obrigat\u00f3ria", "pre_requisitos": [9101067], "codigo_departamento": 91010000.0, "codigo_disciplina": 9101076, "horas": 60.0}, {"semestre": 2.0, "pos_requisitos": [9101065], "disciplina": "Qu\u00edmica Anal\u00edtica", "creditos": 4.0, "tipo": "Obrigat\u00f3ria", "pre_requisitos": [9101078], "codigo_departamento": 91010000.0, "codigo_disciplina": 9101077, "horas": 60.0}, {"semestre": 2.0, "pos_requisitos": [9101089, 9101115], "disciplina": "Zoologia", "creditos": 4.0, "tipo": "Obrigat\u00f3ria", "pre_requisitos": [], "codigo_departamento": 91010000.0, "codigo_disciplina": 9101080, "horas": 60.0}, {"semestre": 2.0, "pos_requisitos": [9101084, 9101092], "disciplina": "Genese do Solo", "creditos": 4.0, "tipo": "Obrigat\u00f3ria", "pre_requisitos": [], "codigo_departamento": 91010000.0, "codigo_disciplina": 9101100, "horas": 60.0}, {"semestre": 3.0, "pos_requisitos": [9101093], "disciplina": "Bioqu\u00edmica", "creditos": 4.0, "tipo": "Obrigat\u00f3ria", "pre_requisitos": [9101077], "codigo_departamento": 91010000.0, "codigo_disciplina": 9101065, "horas": 60.0}, {"semestre": 3.0, "pos_requisitos": [9101082], "disciplina": "Ecologia Geral", "creditos": 4.0, "tipo": "Obrigat\u00f3ria", "pre_requisitos": [], "codigo_departamento": 91010000.0, "codigo_disciplina": 9101069, "horas": 60.0}, {"semestre": 3.0, "pos_requisitos": [9101102, 9101105], "disciplina": "Mec\u00e2nica e Termodin\u00e2mica", "creditos": 4.0, "tipo": "Obrigat\u00f3ria", "pre_requisitos": [], "codigo_departamento": 91010000.0, "codigo_disciplina": 9101073, "horas": 60.0}, {"semestre": 3.0, "pos_requisitos": [], "disciplina": "Sistem\u00e1tica Vegetal", "creditos": 4.0, "tipo": "Obrigat\u00f3ria", "pre_requisitos": [9101076], "codigo_departamento": 91010000.0, "codigo_disciplina": 9101079, "horas": 60.0}, {"semestre": 3.0, "pos_requisitos": [], "disciplina": "Estatistica Experimental", "creditos": 4.0, "tipo": "Obrigat\u00f3ria", "pre_requisitos": [9101070], "codigo_departamento": 91010000.0, "codigo_disciplina": 9101091, "horas": 60.0}, {"semestre": 3.0, "pos_requisitos": [9101102, 9101097, 9101086], "disciplina": "Topografia", "creditos": 4.0, "tipo": "Obrigat\u00f3ria", "pre_requisitos": [9101068], "codigo_departamento": 91010000.0, "codigo_disciplina": 9101114, "horas": 60.0}, {"semestre": 4.0, "pos_requisitos": [9101107, 9101094], "disciplina": "Microbiologia Geral", "creditos": 4.0, "tipo": "Obrigat\u00f3ria", "pre_requisitos": [], "codigo_departamento": 91010000.0, "codigo_disciplina": 9101075, "horas": 60.0}, {"semestre": 4.0, "pos_requisitos": [], "disciplina": "Agroecologia", "creditos": 4.0, "tipo": "Obrigat\u00f3ria", "pre_requisitos": [9101069], "codigo_departamento": 91010000.0, "codigo_disciplina": 9101082, "horas": 60.0}, {"semestre": 4.0, "pos_requisitos": [], "disciplina": "Agrometeorologia", "creditos": 4.0, "tipo": "Obrigat\u00f3ria", "pre_requisitos": [], "codigo_departamento": 91010000.0, "codigo_disciplina": 9101083, "horas": 60.0}, {"semestre": 4.0, "pos_requisitos": [9101104], "disciplina": "Atributos e Classifica\u00e7\u00e3o do Solo", "creditos": 4.0, "tipo": "Obrigat\u00f3ria", "pre_requisitos": [9101100], "codigo_departamento": 91010000.0, "codigo_disciplina": 9101084, "horas": 60.0}, {"semestre": 4.0, "pos_requisitos": [9101103], "disciplina": "Hidraulica Agricola", "creditos": 4.0, "tipo": "Obrigat\u00f3ria", "pre_requisitos": [9101073, 9101114], "codigo_departamento": 91010000.0, "codigo_disciplina": 9101102, "horas": 60.0}, {"semestre": 4.0, "pos_requisitos": [9101108, 9101098, 9101109, 9101110, 9101087, 9101101, 9101111], "disciplina": "Fisiologia Vegetal", "creditos": 5.0, "tipo": "Obrigat\u00f3ria", "pre_requisitos": [9101076, 9101065], "codigo_departamento": 91010000.0, "codigo_disciplina": 9101093, "horas": 75.0}, {"semestre": 5.0, "pos_requisitos": [9101106], "disciplina": "Gen\u00e9tica na Agricultura", "creditos": 4.0, "tipo": "Obrigat\u00f3ria", "pre_requisitos": [9101067], "codigo_departamento": 91010000.0, "codigo_disciplina": 9101071, "horas": 60.0}, {"semestre": 5.0, "pos_requisitos": [9101108], "disciplina": "Fertilidade do Solo", "creditos": 4.0, "tipo": "Obrigat\u00f3ria", "pre_requisitos": [9101081, 9101100], "codigo_departamento": 91010000.0, "codigo_disciplina": 9101092, "horas": 60.0}, {"semestre": 5.0, "pos_requisitos": [], "disciplina": "Fotogrametria e Fotointerpreta\u00e7\u00e3o", "creditos": 4.0, "tipo": "Obrigat\u00f3ria", "pre_requisitos": [9101114], "codigo_departamento": 91010000.0, "codigo_disciplina": 9101097, "horas": 60.0}, {"semestre": 5.0, "pos_requisitos": [], "disciplina": "Irrigacao e Drenagem", "creditos": 4.0, "tipo": "Obrigat\u00f3ria", "pre_requisitos": [9101102], "codigo_departamento": 91010000.0, "codigo_disciplina": 9101103, "horas": 60.0}, {"semestre": 5.0, "pos_requisitos": [], "disciplina": "M\u00e1quinas e Mecaniza\u00e7\u00e3o Agr\u00edcola", "creditos": 4.0, "tipo": "Obrigat\u00f3ria", "pre_requisitos": [9101073], "codigo_departamento": 91010000.0, "codigo_disciplina": 9101105, "horas": 60.0}, {"semestre": 5.0, "pos_requisitos": [], "disciplina": "Microbiologia e Bioqu\u00edmica do Solo", "creditos": 4.0, "tipo": "Obrigat\u00f3ria", "pre_requisitos": [9101075], "codigo_departamento": 91010000.0, "codigo_disciplina": 9101107, "horas": 60.0}, {"semestre": 6.0, "pos_requisitos": [9101090], "disciplina": "Entomologia Geral", "creditos": 4.0, "tipo": "Obrigat\u00f3ria", "pre_requisitos": [9101080], "codigo_departamento": 91010000.0, "codigo_disciplina": 9101089, "horas": 60.0}, {"semestre": 6.0, "pos_requisitos": [], "disciplina": "Entomologia Agricola", "creditos": 4.0, "tipo": "Obrigat\u00f3ria", "pre_requisitos": [9101089], "codigo_departamento": 91010000.0, "codigo_disciplina": 9101090, "horas": 60.0}, {"semestre": 6.0, "pos_requisitos": [], "disciplina": "Manejo e Conserva\u00e7\u00e3o do Solo", "creditos": 4.0, "tipo": "Obrigat\u00f3ria", "pre_requisitos": [9101084], "codigo_departamento": 91010000.0, "codigo_disciplina": 9101104, "horas": 60.0}, {"semestre": 6.0, "pos_requisitos": [], "disciplina": "Melhoramento de Plantas", "creditos": 4.0, "tipo": "Obrigat\u00f3ria", "pre_requisitos": [9101071], "codigo_departamento": 91010000.0, "codigo_disciplina": 9101106, "horas": 60.0}, {"semestre": 6.0, "pos_requisitos": [], "disciplina": "Nutri\u00e7\u00e3o Mineral de Plantas", "creditos": 4.0, "tipo": "Obrigat\u00f3ria", "pre_requisitos": [9101093, 9101092], "codigo_departamento": 91010000.0, "codigo_disciplina": 9101108, "horas": 60.0}, {"semestre": 6.0, "pos_requisitos": [9101096, 9101113], "disciplina": "Zootecnia Geral", "creditos": 3.0, "tipo": "Obrigat\u00f3ria", "pre_requisitos": [9101080], "codigo_departamento": 91010000.0, "codigo_disciplina": 9101115, "horas": 45.0}, {"semestre": 6.0, "pos_requisitos": [9101095], "disciplina": "Fitopatologia Geral", "creditos": 4.0, "tipo": "Obrigat\u00f3ria", "pre_requisitos": [9101075], "codigo_departamento": 91010000.0, "codigo_disciplina": 9101094, "horas": 60.0}, {"semestre": 7.0, "pos_requisitos": [], "disciplina": "Construcoes Rurais", "creditos": 4.0, "tipo": "Obrigat\u00f3ria", "pre_requisitos": [9101114], "codigo_departamento": 91010000.0, "codigo_disciplina": 9101086, "horas": 60.0}, {"semestre": 7.0, "pos_requisitos": [], "disciplina": "Fitopatologia Agricola", "creditos": 4.0, "tipo": "Obrigat\u00f3ria", "pre_requisitos": [9101094], "codigo_departamento": 91010000.0, "codigo_disciplina": 9101095, "horas": 60.0}, {"semestre": 7.0, "pos_requisitos": [9101099], "disciplina": "Fruticultura Geral", "creditos": 4.0, "tipo": "Obrigat\u00f3ria", "pre_requisitos": [9101081, 9101093], "codigo_departamento": 91010000.0, "codigo_disciplina": 9101098, "horas": 60.0}, {"semestre": 7.0, "pos_requisitos": [9101142], "disciplina": "Olericultura Geral", "creditos": 4.0, "tipo": "Obrigat\u00f3ria", "pre_requisitos": [9101081, 9101093], "codigo_departamento": 91010000.0, "codigo_disciplina": 9101109, "horas": 60.0}, {"semestre": 7.0, "pos_requisitos": [], "disciplina": "Produ\u00e7\u00e3o e Tecnologia de Sementes", "creditos": 4.0, "tipo": "Obrigat\u00f3ria", "pre_requisitos": [9101093], "codigo_departamento": 91010000.0, "codigo_disciplina": 9101110, "horas": 60.0}, {"semestre": 7.0, "pos_requisitos": [9101085], "disciplina": "Sociologia Rural", "creditos": 4.0, "tipo": "Obrigat\u00f3ria", "pre_requisitos": [], "codigo_departamento": 91010000.0, "codigo_disciplina": 9101112, "horas": 60.0}, {"semestre": 8.0, "pos_requisitos": [], "disciplina": "Comunica\u00e7\u00e3o e Extens\u00e3o Rural", "creditos": 4.0, "tipo": "Obrigat\u00f3ria", "pre_requisitos": [9101112], "codigo_departamento": 91010000.0, "codigo_disciplina": 9101085, "horas": 60.0}, {"semestre": 8.0, "pos_requisitos": [], "disciplina": "Biologia e Cont. de Plantas Daninhas", "creditos": 4.0, "tipo": "Obrigat\u00f3ria", "pre_requisitos": [9101093], "codigo_departamento": 91010000.0, "codigo_disciplina": 9101087, "horas": 60.0}, {"semestre": 8.0, "pos_requisitos": [9101113], "disciplina": "Fruticultura Tropical", "creditos": 4.0, "tipo": "Obrigat\u00f3ria", "pre_requisitos": [9101098], "codigo_departamento": 91010000.0, "codigo_disciplina": 9101099, "horas": 60.0}, {"semestre": 8.0, "pos_requisitos": [], "disciplina": "Grandes Culturas", "creditos": 4.0, "tipo": "Obrigat\u00f3ria", "pre_requisitos": [9101081, 9101093], "codigo_departamento": 91010000.0, "codigo_disciplina": 9101101, "horas": 60.0}, {"semestre": 8.0, "pos_requisitos": [9101113], "disciplina": "Produ\u00e7\u00e3o de Hortali\u00e7as", "creditos": 4.0, "tipo": "Obrigat\u00f3ria", "pre_requisitos": [9101109], "codigo_departamento": 91010000.0, "codigo_disciplina": 9101142, "horas": 60.0}, {"semestre": 9.0, "pos_requisitos": [], "disciplina": "Economia e Administra\u00e7\u00e3o Rural", "creditos": 4.0, "tipo": "Obrigat\u00f3ria", "pre_requisitos": [9101070], "codigo_departamento": 91010000.0, "codigo_disciplina": 9101088, "horas": 60.0}, {"semestre": 9.0, "pos_requisitos": [], "disciplina": "Forragicultura", "creditos": 4.0, "tipo": "Obrigat\u00f3ria", "pre_requisitos": [9101115], "codigo_departamento": 91010000.0, "codigo_disciplina": 9101096, "horas": 60.0}, {"semestre": 9.0, "pos_requisitos": [], "disciplina": "Silvicultura", "creditos": 4.0, "tipo": "Obrigat\u00f3ria", "pre_requisitos": [9101093], "codigo_departamento": 91010000.0, "codigo_disciplina": 9101111, "horas": 60.0}, {"semestre": 9.0, "pos_requisitos": [], "disciplina": "Tecnologia de Prod. Agropecuarios", "creditos": 4.0, "tipo": "Obrigat\u00f3ria", "pre_requisitos": [9101099, 9101142, 9101115], "codigo_departamento": 91010000.0, "codigo_disciplina": 9101113, "horas": 60.0}, {"semestre": 10.0, "pos_requisitos": [], "disciplina": "Est\u00e1gio Curricular Supervisionado", "creditos": 12.0, "tipo": "Complementar", "pre_requisitos": [], "codigo_departamento": 91010000.0, "codigo_disciplina": 9101116, "horas": 180.0}, {"semestre": 10.0, "pos_requisitos": [], "disciplina": "Trabalho de Conclus\u00e3o de Curso", "creditos": 4.0, "tipo": "Complementar", "pre_requisitos": [], "codigo_departamento": 91010000.0, "codigo_disciplina": 9101117, "horas": 60.0}]