[{"semestre": 1.0, "pos_requisitos": [1113023], "disciplina": "Geometria Descritiva", "creditos": 4.0, "tipo": "Obrigat\u00f3ria", "pre_requisitos": [], "codigo_departamento": 11130000.0, "codigo_disciplina": 1113008, "horas": 60.0}, {"semestre": 1.0, "pos_requisitos": [1503129], "disciplina": "C\u00e1lculo Diferencial e Integral I", "creditos": 4.0, "tipo": "Obrigat\u00f3ria", "pre_requisitos": [], "codigo_departamento": 11090000.0, "codigo_disciplina": 1109126, "horas": 60.0}, {"semestre": 1.0, "pos_requisitos": [1503128], "disciplina": "Espaco, Forma e Plastica", "creditos": 4.0, "tipo": "Obrigat\u00f3ria", "pre_requisitos": [], "codigo_departamento": 15030000.0, "codigo_disciplina": 1503120, "horas": 60.0}, {"semestre": 1.0, "pos_requisitos": [1302059, 1503130], "disciplina": "Est\u00e9tica e Hist\u00f3ria das Artes I", "creditos": 4.0, "tipo": "Obrigat\u00f3ria", "pre_requisitos": [], "codigo_departamento": 13020000.0, "codigo_disciplina": 1302056, "horas": 60.0}, {"semestre": 1.0, "pos_requisitos": [1503126], "disciplina": "Estudos Socioeconomicos", "creditos": 4.0, "tipo": "Obrigat\u00f3ria", "pre_requisitos": [], "codigo_departamento": 13050000.0, "codigo_disciplina": 1305298, "horas": 60.0}, {"semestre": 1.0, "pos_requisitos": [1503128], "disciplina": "Desenho Artistico", "creditos": 4.0, "tipo": "Obrigat\u00f3ria", "pre_requisitos": [], "codigo_departamento": 13020000.0, "codigo_disciplina": 1302236, "horas": 60.0}, {"semestre": 1.0, "pos_requisitos": [1108081, 1503129], "disciplina": "F\u00edsica Geral I", "creditos": 4.0, "tipo": "Obrigat\u00f3ria", "pre_requisitos": [], "codigo_departamento": 11080000.0, "codigo_disciplina": 1108030, "horas": 60.0}, {"semestre": 2.0, "pos_requisitos": [1503136], "disciplina": "Introdu\u00e7\u00e3o a Arquitetura", "creditos": 4.0, "tipo": "Obrigat\u00f3ria", "pre_requisitos": [], "codigo_departamento": 15030000.0, "codigo_disciplina": 1503121, "horas": 60.0}, {"semestre": 2.0, "pos_requisitos": [1503137], "disciplina": "Fund do Planejamento e do Desenho Urbano", "creditos": 4.0, "tipo": "Obrigat\u00f3ria", "pre_requisitos": [], "codigo_departamento": 15030000.0, "codigo_disciplina": 1503122, "horas": 60.0}, {"semestre": 2.0, "pos_requisitos": [1503134], "disciplina": "Est\u00e9tica e Hist\u00f3ria das Artes II", "creditos": 4.0, "tipo": "Obrigat\u00f3ria", "pre_requisitos": [1302056], "codigo_departamento": 13020000.0, "codigo_disciplina": 1302059, "horas": 60.0}, {"semestre": 2.0, "pos_requisitos": [1503127, 1503131, 1503137, 1503136], "disciplina": "Desenho T\u00e9cnico e Arquitet\u00f4nico", "creditos": 4.0, "tipo": "Obrigat\u00f3ria", "pre_requisitos": [1113008], "codigo_departamento": 11130000.0, "codigo_disciplina": 1113023, "horas": 60.0}, {"semestre": 2.0, "pos_requisitos": [1503191], "disciplina": "Materiais de Constru\u00e7\u00e3o I", "creditos": 4.0, "tipo": "Obrigat\u00f3ria", "pre_requisitos": [], "codigo_departamento": 15030000.0, "codigo_disciplina": 1503074, "horas": 60.0}, {"semestre": 2.0, "pos_requisitos": [1503140, 1503153, 1503152], "disciplina": "F\u00edsica Geral II", "creditos": 4.0, "tipo": "Obrigat\u00f3ria", "pre_requisitos": [1108030], "codigo_departamento": 11080000.0, "codigo_disciplina": 1108081, "horas": 60.0}, {"semestre": 3.0, "pos_requisitos": [1503140, 1503153], "disciplina": "Conforto Ambiental I", "creditos": 4.0, "tipo": "Obrigat\u00f3ria", "pre_requisitos": [], "codigo_departamento": 15030000.0, "codigo_disciplina": 1503125, "horas": 60.0}, {"semestre": 3.0, "pos_requisitos": [1503144], "disciplina": "Estudos Urbanos e Regionais I", "creditos": 4.0, "tipo": "Obrigat\u00f3ria", "pre_requisitos": [1305298], "codigo_departamento": 15030000.0, "codigo_disciplina": 1503126, "horas": 60.0}, {"semestre": 3.0, "pos_requisitos": [1503135, 1503158, 1503159], "disciplina": "Projeto Assistido Por Computador I", "creditos": 3.0, "tipo": "Obrigat\u00f3ria", "pre_requisitos": [1113023], "codigo_departamento": 15030000.0, "codigo_disciplina": 1503127, "horas": 45.0}, {"semestre": 3.0, "pos_requisitos": [1503146, 1503143, 1503152], "disciplina": "Projeto de Arquitetura I", "creditos": 5.0, "tipo": "Obrigat\u00f3ria", "pre_requisitos": [1503120, 1302236], "codigo_departamento": 15030000.0, "codigo_disciplina": 1503128, "horas": 75.0}, {"semestre": 3.0, "pos_requisitos": [1503139, 1503146], "disciplina": "Sistemas Estruturais I", "creditos": 4.0, "tipo": "Obrigat\u00f3ria", "pre_requisitos": [1109126, 1108030], "codigo_departamento": 15030000.0, "codigo_disciplina": 1503129, "horas": 60.0}, {"semestre": 3.0, "pos_requisitos": [1503142], "disciplina": "Teoria e Hist. da Arq. e do Urb. I", "creditos": 4.0, "tipo": "Obrigat\u00f3ria", "pre_requisitos": [1302056], "codigo_departamento": 15030000.0, "codigo_disciplina": 1503130, "horas": 60.0}, {"semestre": 3.0, "pos_requisitos": [1503191], "disciplina": "Topografia", "creditos": 4.0, "tipo": "Obrigat\u00f3ria", "pre_requisitos": [1113023], "codigo_departamento": 15030000.0, "codigo_disciplina": 1503131, "horas": 60.0}, {"semestre": 4.0, "pos_requisitos": [1503149], "disciplina": "Teoria e Hist. da Arq. e do Urb. II", "creditos": 4.0, "tipo": "Obrigat\u00f3ria", "pre_requisitos": [1302059], "codigo_departamento": 15030000.0, "codigo_disciplina": 1503134, "horas": 60.0}, {"semestre": 4.0, "pos_requisitos": [1503163], "disciplina": "Projeto Assistido Por Computador II", "creditos": 3.0, "tipo": "Obrigat\u00f3ria", "pre_requisitos": [1503127], "codigo_departamento": 15030000.0, "codigo_disciplina": 1503135, "horas": 45.0}, {"semestre": 4.0, "pos_requisitos": [1503150, 1503163], "disciplina": "Projeto de Arquitetura II", "creditos": 5.0, "tipo": "Obrigat\u00f3ria", "pre_requisitos": [1113023, 1503121], "codigo_departamento": 15030000.0, "codigo_disciplina": 1503136, "horas": 75.0}, {"semestre": 4.0, "pos_requisitos": [1503151, 1503163], "disciplina": "Estudos Urbanos e Regionais II", "creditos": 4.0, "tipo": "Obrigat\u00f3ria", "pre_requisitos": [1113023, 1503122], "codigo_departamento": 15030000.0, "codigo_disciplina": 1503137, "horas": 60.0}, {"semestre": 4.0, "pos_requisitos": [1503145, 1503163], "disciplina": "Planejamento da Paisagem I", "creditos": 3.0, "tipo": "Obrigat\u00f3ria", "pre_requisitos": [], "codigo_departamento": 15030000.0, "codigo_disciplina": 1503138, "horas": 45.0}, {"semestre": 4.0, "pos_requisitos": [1503150, 1503192], "disciplina": "Sistemas Estruturais II", "creditos": 4.0, "tipo": "Obrigat\u00f3ria", "pre_requisitos": [1503129], "codigo_departamento": 15030000.0, "codigo_disciplina": 1503139, "horas": 60.0}, {"semestre": 4.0, "pos_requisitos": [1503192], "disciplina": "Conforto Ambiental II", "creditos": 3.0, "tipo": "Obrigat\u00f3ria", "pre_requisitos": [1503125, 1108081], "codigo_departamento": 15030000.0, "codigo_disciplina": 1503140, "horas": 45.0}, {"semestre": 5.0, "pos_requisitos": [1503157], "disciplina": "Teoria e Hist. da Arq. e do Urb. III", "creditos": 4.0, "tipo": "Obrigat\u00f3ria", "pre_requisitos": [1503130], "codigo_departamento": 15030000.0, "codigo_disciplina": 1503142, "horas": 60.0}, {"semestre": 5.0, "pos_requisitos": [], "disciplina": "Projeto de Arquitetura III", "creditos": 6.0, "tipo": "Obrigat\u00f3ria", "pre_requisitos": [1503128], "codigo_departamento": 15030000.0, "codigo_disciplina": 1503143, "horas": 90.0}, {"semestre": 5.0, "pos_requisitos": [1503160], "disciplina": "Estudos Urbanos e Regionais III", "creditos": 5.0, "tipo": "Obrigat\u00f3ria", "pre_requisitos": [1503126], "codigo_departamento": 15030000.0, "codigo_disciplina": 1503144, "horas": 75.0}, {"semestre": 5.0, "pos_requisitos": [1503165, 1503192, 1503193], "disciplina": "Planejamento da Paisagem II", "creditos": 3.0, "tipo": "Obrigat\u00f3ria", "pre_requisitos": [1503138], "codigo_departamento": 15030000.0, "codigo_disciplina": 1503145, "horas": 45.0}, {"semestre": 5.0, "pos_requisitos": [1503191], "disciplina": "Instalacoes Prediais I", "creditos": 2.0, "tipo": "Obrigat\u00f3ria", "pre_requisitos": [1503129, 1503128], "codigo_departamento": 15030000.0, "codigo_disciplina": 1503146, "horas": 30.0}, {"semestre": 5.0, "pos_requisitos": [1503160], "disciplina": "Ci\u00eancias do Ambiente", "creditos": 4.0, "tipo": "Obrigat\u00f3ria", "pre_requisitos": [], "codigo_departamento": 15030000.0, "codigo_disciplina": 1503070, "horas": 60.0}, {"semestre": 6.0, "pos_requisitos": [1503165], "disciplina": "Teoria e Hist. da Arq. e do Urb. IV", "creditos": 4.0, "tipo": "Obrigat\u00f3ria", "pre_requisitos": [1503134], "codigo_departamento": 15030000.0, "codigo_disciplina": 1503149, "horas": 60.0}, {"semestre": 6.0, "pos_requisitos": [1503165, 1503164], "disciplina": "Projeto de Arquitetura IV", "creditos": 6.0, "tipo": "Obrigat\u00f3ria", "pre_requisitos": [1503136, 1503139], "codigo_departamento": 15030000.0, "codigo_disciplina": 1503150, "horas": 90.0}, {"semestre": 6.0, "pos_requisitos": [1503165], "disciplina": "Estudos Urbanos e Regionais IV", "creditos": 6.0, "tipo": "Obrigat\u00f3ria", "pre_requisitos": [1503137], "codigo_departamento": 15030000.0, "codigo_disciplina": 1503151, "horas": 90.0}, {"semestre": 6.0, "pos_requisitos": [1503192], "disciplina": "Instalacoes Prediais II", "creditos": 2.0, "tipo": "Obrigat\u00f3ria", "pre_requisitos": [1108081, 1503128], "codigo_departamento": 15030000.0, "codigo_disciplina": 1503152, "horas": 30.0}, {"semestre": 6.0, "pos_requisitos": [1503192], "disciplina": "Conforto Ambiental III", "creditos": 3.0, "tipo": "Obrigat\u00f3ria", "pre_requisitos": [1503125, 1108081], "codigo_departamento": 15030000.0, "codigo_disciplina": 1503153, "horas": 45.0}, {"semestre": 7.0, "pos_requisitos": [1503192, 1503193], "disciplina": "Teoria e Hist. da Arq. e do Urb. V", "creditos": 4.0, "tipo": "Obrigat\u00f3ria", "pre_requisitos": [1503142], "codigo_departamento": 15030000.0, "codigo_disciplina": 1503157, "horas": 60.0}, {"semestre": 7.0, "pos_requisitos": [1503192], "disciplina": "Geotecnologias Aplicadas", "creditos": 4.0, "tipo": "Obrigat\u00f3ria", "pre_requisitos": [1503127], "codigo_departamento": 15030000.0, "codigo_disciplina": 1503158, "horas": 60.0}, {"semestre": 7.0, "pos_requisitos": [1503192, 1503193], "disciplina": "Projeto de Arquitetura V", "creditos": 6.0, "tipo": "Obrigat\u00f3ria", "pre_requisitos": [1503127], "codigo_departamento": 15030000.0, "codigo_disciplina": 1503159, "horas": 90.0}, {"semestre": 7.0, "pos_requisitos": [1503192, 1503193], "disciplina": "Estudos Urbanos e Regionais V", "creditos": 6.0, "tipo": "Obrigat\u00f3ria", "pre_requisitos": [1503144, 1503070], "codigo_departamento": 15030000.0, "codigo_disciplina": 1503160, "horas": 90.0}, {"semestre": 8.0, "pos_requisitos": [], "disciplina": "Desenho de Detalhes Construtivos", "creditos": 3.0, "tipo": "Obrigat\u00f3ria", "pre_requisitos": [1503135, 1503136, 1503137, 1503138], "codigo_departamento": 15030000.0, "codigo_disciplina": 1503163, "horas": 45.0}, {"semestre": 8.0, "pos_requisitos": [], "disciplina": "Projeto de Arquitetura VI", "creditos": 6.0, "tipo": "Obrigat\u00f3ria", "pre_requisitos": [1503150], "codigo_departamento": 15030000.0, "codigo_disciplina": 1503164, "horas": 90.0}, {"semestre": 8.0, "pos_requisitos": [], "disciplina": "Pesq Cient em Arq, Urban e Paisagismo", "creditos": 4.0, "tipo": "Obrigat\u00f3ria", "pre_requisitos": [1503149, 1503150, 1503151, 1503145], "codigo_departamento": 15030000.0, "codigo_disciplina": 1503165, "horas": 60.0}, {"semestre": 8.0, "pos_requisitos": [], "disciplina": "Tecnologias Sociais", "creditos": 4.0, "tipo": "Obrigat\u00f3ria", "pre_requisitos": [], "codigo_departamento": 15030000.0, "codigo_disciplina": 1503166, "horas": 60.0}, {"semestre": 9.0, "pos_requisitos": [], "disciplina": "Tecnologia do Ambiente Construido", "creditos": 4.0, "tipo": "Obrigat\u00f3ria", "pre_requisitos": [1503146, 1503074, 1503131], "codigo_departamento": 15030000.0, "codigo_disciplina": 1503191, "horas": 60.0}, {"semestre": 9.0, "pos_requisitos": [], "disciplina": "Atelier Integ de Arq, Urb e Paisagismo", "creditos": 8.0, "tipo": "Obrigat\u00f3ria", "pre_requisitos": [1503159, 1503157, 1503160, 1503145, 1503139, 1503152, 1503140, 1503153, 1503158], "codigo_departamento": 15030000.0, "codigo_disciplina": 1503192, "horas": 120.0}, {"semestre": 9.0, "pos_requisitos": [], "disciplina": "Introdu\u00e7\u00e3o ao Trabalho de Conclus\u00e3o do C", "creditos": 4.0, "tipo": "Obrigat\u00f3ria", "pre_requisitos": [1503159, 1503160, 1503157, 1503145], "codigo_departamento": 15030000.0, "codigo_disciplina": 1503193, "horas": 60.0}]