[{"semestre": 1.0, "pos_requisitos": [], "disciplina": "L\u00edngua Portuguesa I", "creditos": null, "tipo": "Obrigat\u00f3ria", "pre_requisitos": [], "codigo_departamento": 13070000.0, "codigo_disciplina": 1307145, "horas": null}, {"semestre": 1.0, "pos_requisitos": [1302059, 1302065], "disciplina": "Est\u00e9tica e Hist\u00f3ria das Artes I", "creditos": 4.0, "tipo": "Obrigat\u00f3ria", "pre_requisitos": [], "codigo_departamento": 13020000.0, "codigo_disciplina": 1302056, "horas": 60.0}, {"semestre": 1.0, "pos_requisitos": [1302060], "disciplina": "Oficina Basica de Artes I", "creditos": 4.0, "tipo": "Obrigat\u00f3ria", "pre_requisitos": [], "codigo_departamento": 13020000.0, "codigo_disciplina": 1302057, "horas": 60.0}, {"semestre": 1.0, "pos_requisitos": [1302063, 1302076], "disciplina": "Introdu\u00e7\u00e3o \u00e0 Inform\u00e1tica", "creditos": 4.0, "tipo": "Obrigat\u00f3ria", "pre_requisitos": [], "codigo_departamento": 13020000.0, "codigo_disciplina": 1302058, "horas": 60.0}, {"semestre": 1.0, "pos_requisitos": [1302081], "disciplina": "M\u00e9todologia e T\u00e9cnica de Pesquisa", "creditos": 4.0, "tipo": "Obrigat\u00f3ria", "pre_requisitos": [], "codigo_departamento": 13020000.0, "codigo_disciplina": 1302061, "horas": 60.0}, {"semestre": 1.0, "pos_requisitos": [1302067], "disciplina": "Semin\u00e1rios de Integracao I", "creditos": 2.0, "tipo": "Obrigat\u00f3ria", "pre_requisitos": [], "codigo_departamento": 13020000.0, "codigo_disciplina": 1302066, "horas": 30.0}, {"semestre": 2.0, "pos_requisitos": [], "disciplina": "L\u00edngua Ingl\u00easa I", "creditos": null, "tipo": "Obrigat\u00f3ria", "pre_requisitos": [], "codigo_departamento": 13070000.0, "codigo_disciplina": 1307147, "horas": null}, {"semestre": 2.0, "pos_requisitos": [], "disciplina": "Introdu\u00e7\u00e3o a Sociologia", "creditos": null, "tipo": "Obrigat\u00f3ria", "pre_requisitos": [], "codigo_departamento": 13050000.0, "codigo_disciplina": 1305027, "horas": null}, {"semestre": 2.0, "pos_requisitos": [], "disciplina": "Est\u00e9tica e Hist\u00f3ria das Artes II", "creditos": 4.0, "tipo": "Obrigat\u00f3ria", "pre_requisitos": [1302056], "codigo_departamento": 13020000.0, "codigo_disciplina": 1302059, "horas": 60.0}, {"semestre": 2.0, "pos_requisitos": [1302065], "disciplina": "Oficina Basica de Artes II", "creditos": 4.0, "tipo": "Obrigat\u00f3ria", "pre_requisitos": [1302057], "codigo_departamento": 13020000.0, "codigo_disciplina": 1302060, "horas": 60.0}, {"semestre": 2.0, "pos_requisitos": [], "disciplina": "Percep\u00e7\u00e3o Musical", "creditos": 2.0, "tipo": "Obrigat\u00f3ria", "pre_requisitos": [], "codigo_departamento": 13020000.0, "codigo_disciplina": 1302062, "horas": 30.0}, {"semestre": 2.0, "pos_requisitos": [1302078], "disciplina": "Introdu\u00e7\u00e3o \u00e0 Tecnologia Musical", "creditos": 2.0, "tipo": "Obrigat\u00f3ria", "pre_requisitos": [1302058], "codigo_departamento": 13020000.0, "codigo_disciplina": 1302063, "horas": 30.0}, {"semestre": 2.0, "pos_requisitos": [1302068], "disciplina": "Semin\u00e1rios de Integracao II", "creditos": null, "tipo": "Obrigat\u00f3ria", "pre_requisitos": [1302066], "codigo_departamento": 13020000.0, "codigo_disciplina": 1302067, "horas": null}, {"semestre": 3.0, "pos_requisitos": [1302071], "disciplina": "Fundamentos da L\u00ednguagem Visual I", "creditos": 4.0, "tipo": "Obrigat\u00f3ria", "pre_requisitos": [], "codigo_departamento": 13020000.0, "codigo_disciplina": 1302064, "horas": 60.0}, {"semestre": 3.0, "pos_requisitos": [1302069], "disciplina": "Semin\u00e1rios de Integracao III", "creditos": null, "tipo": "Obrigat\u00f3ria", "pre_requisitos": [1302067], "codigo_departamento": 13020000.0, "codigo_disciplina": 1302068, "horas": null}, {"semestre": 3.0, "pos_requisitos": [], "disciplina": "Psicologia da Criatividade", "creditos": 4.0, "tipo": "Obrigat\u00f3ria", "pre_requisitos": [], "codigo_departamento": 13020000.0, "codigo_disciplina": 1302070, "horas": 60.0}, {"semestre": 3.0, "pos_requisitos": [], "disciplina": "Ferramentas de Desenho e Animacao", "creditos": null, "tipo": "Obrigat\u00f3ria", "pre_requisitos": [1302058], "codigo_departamento": 13020000.0, "codigo_disciplina": 1302076, "horas": null}, {"semestre": 3.0, "pos_requisitos": [1302084, 1302085], "disciplina": "Padrao Midi", "creditos": null, "tipo": "Complementar", "pre_requisitos": [1302063], "codigo_departamento": 13020000.0, "codigo_disciplina": 1302078, "horas": null}, {"semestre": 3.0, "pos_requisitos": [], "disciplina": "Ac\u00fastica e \u00c1udio", "creditos": null, "tipo": "Complementar", "pre_requisitos": [], "codigo_departamento": 13020000.0, "codigo_disciplina": 1302080, "horas": null}, {"semestre": 4.0, "pos_requisitos": [1302072], "disciplina": "Evolucao das Artes Visuais I", "creditos": 4.0, "tipo": "Obrigat\u00f3ria", "pre_requisitos": [1302056, 1302060], "codigo_departamento": 13020000.0, "codigo_disciplina": 1302065, "horas": 60.0}, {"semestre": 4.0, "pos_requisitos": [], "disciplina": "Semin\u00e1rios de Integracao IV", "creditos": null, "tipo": "Obrigat\u00f3ria", "pre_requisitos": [1302068], "codigo_departamento": 13020000.0, "codigo_disciplina": 1302069, "horas": null}, {"semestre": 4.0, "pos_requisitos": [1302075], "disciplina": "Fundamentos da L\u00ednguagem Visual II", "creditos": 4.0, "tipo": "Obrigat\u00f3ria", "pre_requisitos": [1302064], "codigo_departamento": 13020000.0, "codigo_disciplina": 1302071, "horas": 60.0}, {"semestre": 4.0, "pos_requisitos": [], "disciplina": "Fundamentos Cient da Comunica\u00e7\u00e3o", "creditos": null, "tipo": "Complementar", "pre_requisitos": [], "codigo_departamento": 13020000.0, "codigo_disciplina": 1302077, "horas": null}, {"semestre": 4.0, "pos_requisitos": [1302083], "disciplina": "Infografia", "creditos": null, "tipo": "Complementar", "pre_requisitos": [], "codigo_departamento": 13020000.0, "codigo_disciplina": 1302079, "horas": null}, {"semestre": 4.0, "pos_requisitos": [], "disciplina": "Oficina Basica de Fotografia e Cinema", "creditos": null, "tipo": "Complementar", "pre_requisitos": [], "codigo_departamento": 13020000.0, "codigo_disciplina": 1302090, "horas": null}, {"semestre": 5.0, "pos_requisitos": [], "disciplina": "Evolucao das Artes Visuais II", "creditos": 4.0, "tipo": "Obrigat\u00f3ria", "pre_requisitos": [1302065], "codigo_departamento": 13020000.0, "codigo_disciplina": 1302072, "horas": 60.0}, {"semestre": 5.0, "pos_requisitos": [], "disciplina": "Projeto I", "creditos": null, "tipo": "Complementar", "pre_requisitos": [1302061], "codigo_departamento": 13020000.0, "codigo_disciplina": 1302081, "horas": null}, {"semestre": 5.0, "pos_requisitos": [], "disciplina": "Evolucao do Teatro e da Danca", "creditos": null, "tipo": "Complementar", "pre_requisitos": [], "codigo_departamento": 13020000.0, "codigo_disciplina": 1302082, "horas": null}, {"semestre": 5.0, "pos_requisitos": [], "disciplina": "Internet e Midia", "creditos": null, "tipo": "Complementar", "pre_requisitos": [1302079], "codigo_departamento": 13020000.0, "codigo_disciplina": 1302083, "horas": null}, {"semestre": 5.0, "pos_requisitos": [1302088], "disciplina": "Laboratorio de Audio I", "creditos": null, "tipo": "Complementar", "pre_requisitos": [1302078], "codigo_departamento": 13020000.0, "codigo_disciplina": 1302084, "horas": null}, {"semestre": 6.0, "pos_requisitos": [1302074], "disciplina": "Introdu\u00e7\u00e3o a Direcao", "creditos": 4.0, "tipo": "Obrigat\u00f3ria", "pre_requisitos": [], "codigo_departamento": 13020000.0, "codigo_disciplina": 1302073, "horas": 60.0}, {"semestre": 6.0, "pos_requisitos": [1302086], "disciplina": "Projeto II", "creditos": null, "tipo": "Complementar", "pre_requisitos": [1302078], "codigo_departamento": 13020000.0, "codigo_disciplina": 1302085, "horas": null}, {"semestre": 6.0, "pos_requisitos": [1302088], "disciplina": "Laboratorio de Video I", "creditos": null, "tipo": "Complementar", "pre_requisitos": [], "codigo_departamento": 13020000.0, "codigo_disciplina": 1302087, "horas": null}, {"semestre": 6.0, "pos_requisitos": [], "disciplina": "M\u00fasica Incidental", "creditos": null, "tipo": "Complementar", "pre_requisitos": [], "codigo_departamento": 13020000.0, "codigo_disciplina": 1302089, "horas": null}, {"semestre": 7.0, "pos_requisitos": [], "disciplina": "Direcao I", "creditos": null, "tipo": "Obrigat\u00f3ria", "pre_requisitos": [1302073], "codigo_departamento": 13020000.0, "codigo_disciplina": 1302074, "horas": null}, {"semestre": 7.0, "pos_requisitos": [], "disciplina": "Projeto III", "creditos": null, "tipo": "Complementar", "pre_requisitos": [1302085], "codigo_departamento": 13020000.0, "codigo_disciplina": 1302086, "horas": null}, {"semestre": 7.0, "pos_requisitos": [], "disciplina": "Som e Imagem: Mixagem", "creditos": null, "tipo": "Complementar", "pre_requisitos": [1302087, 1302084], "codigo_departamento": 13020000.0, "codigo_disciplina": 1302088, "horas": null}, {"semestre": 8.0, "pos_requisitos": [], "disciplina": "Projeto Multimidia", "creditos": null, "tipo": "Obrigat\u00f3ria", "pre_requisitos": [1302071], "codigo_departamento": 13020000.0, "codigo_disciplina": 1302075, "horas": null}, {"semestre": 8.0, "pos_requisitos": [], "disciplina": "Marketing Cultural", "creditos": null, "tipo": "Complementar", "pre_requisitos": [], "codigo_departamento": 13020000.0, "codigo_disciplina": 1302091, "horas": null}]