[{"semestre": 1.0, "pos_requisitos": [7101013, 7101020, 7101089, 7101159], "disciplina": "Introdu\u00e7\u00e3o a Sociologia", "creditos": 4.0, "tipo": "Obrigat\u00f3ria", "pre_requisitos": [], "codigo_departamento": 71010000.0, "codigo_disciplina": 7101003, "horas": 60.0}, {"semestre": 1.0, "pos_requisitos": [], "disciplina": "Prat. de Leitura e Produ\u00e7\u00e3o de Textos", "creditos": 4.0, "tipo": "Obrigat\u00f3ria", "pre_requisitos": [], "codigo_departamento": 71010000.0, "codigo_disciplina": 7101006, "horas": 60.0}, {"semestre": 1.0, "pos_requisitos": [7101044, 7101131], "disciplina": "Introdu\u00e7\u00e3o a Antropologia", "creditos": 4.0, "tipo": "Obrigat\u00f3ria", "pre_requisitos": [], "codigo_departamento": 71010000.0, "codigo_disciplina": 7101008, "horas": 60.0}, {"semestre": 1.0, "pos_requisitos": [7101045, 7101113], "disciplina": "Introdu\u00e7\u00e3o \u00e0 Ci\u00eancia Pol\u00edtica", "creditos": 4.0, "tipo": "Obrigat\u00f3ria", "pre_requisitos": [], "codigo_departamento": 71010000.0, "codigo_disciplina": 7101009, "horas": 60.0}, {"semestre": 1.0, "pos_requisitos": [7101022], "disciplina": "Fund. de Pesquisa em Ci\u00eancias Sociais", "creditos": 4.0, "tipo": "Obrigat\u00f3ria", "pre_requisitos": [], "codigo_departamento": 71010000.0, "codigo_disciplina": 7101010, "horas": 60.0}, {"semestre": 2.0, "pos_requisitos": [7101028], "disciplina": "Inform\u00e1tica B\u00e1sica", "creditos": 2.0, "tipo": "Obrigat\u00f3ria", "pre_requisitos": [], "codigo_departamento": 71020000.0, "codigo_disciplina": 7102015, "horas": 30.0}, {"semestre": 2.0, "pos_requisitos": [], "disciplina": "Sociologia e Educa\u00e7\u00e3o", "creditos": 4.0, "tipo": "Obrigat\u00f3ria", "pre_requisitos": [7101003], "codigo_departamento": 71010000.0, "codigo_disciplina": 7101013, "horas": 60.0}, {"semestre": 2.0, "pos_requisitos": [7101043, 7101072, 7101130], "disciplina": "Teoria Sociologica I", "creditos": 4.0, "tipo": "Obrigat\u00f3ria", "pre_requisitos": [7101003], "codigo_departamento": 71010000.0, "codigo_disciplina": 7101020, "horas": 60.0}, {"semestre": 2.0, "pos_requisitos": [], "disciplina": "Teoria do Conhecimento", "creditos": 4.0, "tipo": "Obrigat\u00f3ria", "pre_requisitos": [], "codigo_departamento": 71010000.0, "codigo_disciplina": 7101021, "horas": 60.0}, {"semestre": 2.0, "pos_requisitos": [7101046], "disciplina": "Lab de Pesq e Prat Pedag em C Sociais I", "creditos": 4.0, "tipo": "Complementar", "pre_requisitos": [7101010], "codigo_departamento": 71010000.0, "codigo_disciplina": 7101022, "horas": 60.0}, {"semestre": 3.0, "pos_requisitos": [7101029], "disciplina": "Psicologia e Educa\u00e7\u00e3o", "creditos": 4.0, "tipo": "Obrigat\u00f3ria", "pre_requisitos": [], "codigo_departamento": 71010000.0, "codigo_disciplina": 7101014, "horas": 60.0}, {"semestre": 3.0, "pos_requisitos": [7101158], "disciplina": "Teoria Sociologica II", "creditos": 4.0, "tipo": "Obrigat\u00f3ria", "pre_requisitos": [7101020], "codigo_departamento": 71010000.0, "codigo_disciplina": 7101043, "horas": 60.0}, {"semestre": 3.0, "pos_requisitos": [7101078], "disciplina": "Teoria Antropologica I", "creditos": 4.0, "tipo": "Obrigat\u00f3ria", "pre_requisitos": [7101008], "codigo_departamento": 71010000.0, "codigo_disciplina": 7101044, "horas": 60.0}, {"semestre": 3.0, "pos_requisitos": [7101079, 7101087], "disciplina": "Teoria Pol\u00edtica I", "creditos": 4.0, "tipo": "Obrigat\u00f3ria", "pre_requisitos": [7101009], "codigo_departamento": 71010000.0, "codigo_disciplina": 7101045, "horas": 60.0}, {"semestre": 3.0, "pos_requisitos": [7101081], "disciplina": "Lab de Pesq e Prat Pedag em C Sociais II", "creditos": 4.0, "tipo": "Complementar", "pre_requisitos": [7101022], "codigo_departamento": 71010000.0, "codigo_disciplina": 7101046, "horas": 60.0}, {"semestre": 4.0, "pos_requisitos": [], "disciplina": "Sociologia Brasileira", "creditos": 2.0, "tipo": "Obrigat\u00f3ria", "pre_requisitos": [7101020], "codigo_departamento": 71010000.0, "codigo_disciplina": 7101072, "horas": 30.0}, {"semestre": 4.0, "pos_requisitos": [7101088, 7101158], "disciplina": "Teoria Antropologica II", "creditos": 4.0, "tipo": "Obrigat\u00f3ria", "pre_requisitos": [7101044], "codigo_departamento": 71010000.0, "codigo_disciplina": 7101078, "horas": 60.0}, {"semestre": 4.0, "pos_requisitos": [], "disciplina": "Pensamento Politico Brasileiro", "creditos": 2.0, "tipo": "Obrigat\u00f3ria", "pre_requisitos": [7101045], "codigo_departamento": 71010000.0, "codigo_disciplina": 7101079, "horas": 30.0}, {"semestre": 4.0, "pos_requisitos": [7101090], "disciplina": "Lab de Pesq e Prat Pedag em C Sociais III", "creditos": 4.0, "tipo": "Complementar", "pre_requisitos": [7101046], "codigo_departamento": 71010000.0, "codigo_disciplina": 7101081, "horas": 60.0}, {"semestre": 4.0, "pos_requisitos": [], "disciplina": "Pol. Educ. e Educa\u00e7\u00e3o B\u00e1sica no Brasil", "creditos": 4.0, "tipo": "Obrigat\u00f3ria", "pre_requisitos": [], "codigo_departamento": 71010000.0, "codigo_disciplina": 7101017, "horas": 60.0}, {"semestre": 4.0, "pos_requisitos": [7101066, 7101091, 7101160], "disciplina": "Did\u00e1tica", "creditos": 4.0, "tipo": "Obrigat\u00f3ria", "pre_requisitos": [7101014], "codigo_departamento": 71010000.0, "codigo_disciplina": 7101029, "horas": 60.0}, {"semestre": 5.0, "pos_requisitos": [], "disciplina": "Curriculo e Escola", "creditos": 4.0, "tipo": "Obrigat\u00f3ria", "pre_requisitos": [7101029], "codigo_departamento": 71010000.0, "codigo_disciplina": 7101066, "horas": 60.0}, {"semestre": 5.0, "pos_requisitos": [7101158], "disciplina": "Teoria Pol\u00edtica II", "creditos": 4.0, "tipo": "Obrigat\u00f3ria", "pre_requisitos": [7101045], "codigo_departamento": 71010000.0, "codigo_disciplina": 7101087, "horas": 60.0}, {"semestre": 5.0, "pos_requisitos": [], "disciplina": "Antropologia Brasileira", "creditos": 4.0, "tipo": "Obrigat\u00f3ria", "pre_requisitos": [7101078], "codigo_departamento": 71010000.0, "codigo_disciplina": 7101088, "horas": 60.0}, {"semestre": 5.0, "pos_requisitos": [], "disciplina": "Sociologia Rural", "creditos": 4.0, "tipo": "Obrigat\u00f3ria", "pre_requisitos": [7101003], "codigo_departamento": 71010000.0, "codigo_disciplina": 7101089, "horas": 60.0}, {"semestre": 5.0, "pos_requisitos": [7101133], "disciplina": "Lab de Pesq e Prat Pedag em C Sociais IV", "creditos": 4.0, "tipo": "Complementar", "pre_requisitos": [7101081], "codigo_departamento": 71010000.0, "codigo_disciplina": 7101090, "horas": 60.0}, {"semestre": 6.0, "pos_requisitos": [], "disciplina": "Estado e Pol\u00edticas Publicas", "creditos": 4.0, "tipo": "Obrigat\u00f3ria", "pre_requisitos": [7101009], "codigo_departamento": 71010000.0, "codigo_disciplina": 7101113, "horas": 60.0}, {"semestre": 6.0, "pos_requisitos": [], "disciplina": "Sociologia Contemporanea", "creditos": 2.0, "tipo": "Obrigat\u00f3ria", "pre_requisitos": [7101020], "codigo_departamento": 71010000.0, "codigo_disciplina": 7101130, "horas": 30.0}, {"semestre": 6.0, "pos_requisitos": [], "disciplina": "Sociedades Camponesas", "creditos": 4.0, "tipo": "Obrigat\u00f3ria", "pre_requisitos": [7101008], "codigo_departamento": 71010000.0, "codigo_disciplina": 7101131, "horas": 60.0}, {"semestre": 6.0, "pos_requisitos": [7101160, 7101158], "disciplina": "Lab de Pesq e Prat Pedag em C Sociais V", "creditos": 4.0, "tipo": "Complementar", "pre_requisitos": [7101090], "codigo_departamento": 71010000.0, "codigo_disciplina": 7101133, "horas": 60.0}, {"semestre": 6.0, "pos_requisitos": [7101160], "disciplina": "Tecnologia Educ e Proc de Aprendizagem", "creditos": 4.0, "tipo": "Obrigat\u00f3ria", "pre_requisitos": [7102015], "codigo_departamento": 71010000.0, "codigo_disciplina": 7101028, "horas": 60.0}, {"semestre": 7.0, "pos_requisitos": [], "disciplina": "Espanhol I", "creditos": 4.0, "tipo": "Obrigat\u00f3ria", "pre_requisitos": [], "codigo_departamento": 71010000.0, "codigo_disciplina": 7101086, "horas": 60.0}, {"semestre": 7.0, "pos_requisitos": [], "disciplina": "Avalia\u00e7\u00e3o dos Processos Educacionais", "creditos": 4.0, "tipo": "Obrigat\u00f3ria", "pre_requisitos": [7101029], "codigo_departamento": 71010000.0, "codigo_disciplina": 7101091, "horas": 60.0}, {"semestre": 7.0, "pos_requisitos": [7101166], "disciplina": "Oficina de Projeto de Pesquisa", "creditos": 4.0, "tipo": "Obrigat\u00f3ria", "pre_requisitos": [7101043, 7101078, 7101087, 7101133], "codigo_departamento": 71010000.0, "codigo_disciplina": 7101158, "horas": 60.0}, {"semestre": 7.0, "pos_requisitos": [], "disciplina": "Sociologia do Desenvolvimento", "creditos": 2.0, "tipo": "Obrigat\u00f3ria", "pre_requisitos": [7101003], "codigo_departamento": 71010000.0, "codigo_disciplina": 7101159, "horas": 30.0}, {"semestre": 7.0, "pos_requisitos": [7101165], "disciplina": "Est\u00e1gio Curricular Supervisionado I", "creditos": 13.0, "tipo": "Complementar", "pre_requisitos": [7101029, 7101133, 7101028], "codigo_departamento": 71010000.0, "codigo_disciplina": 7101160, "horas": 195.0}, {"semestre": 7.0, "pos_requisitos": [], "disciplina": "Franc\u00eas I", "creditos": 4.0, "tipo": "Obrigat\u00f3ria", "pre_requisitos": [], "codigo_departamento": 71010000.0, "codigo_disciplina": 7101163, "horas": 60.0}, {"semestre": 7.0, "pos_requisitos": [], "disciplina": "Ingl\u00eas I", "creditos": 4.0, "tipo": "Obrigat\u00f3ria", "pre_requisitos": [], "codigo_departamento": 71010000.0, "codigo_disciplina": 7101042, "horas": 60.0}, {"semestre": 8.0, "pos_requisitos": [], "disciplina": "L\u00edngua Brasileira de Sinais", "creditos": 4.0, "tipo": "Obrigat\u00f3ria", "pre_requisitos": [], "codigo_departamento": 71010000.0, "codigo_disciplina": 7101084, "horas": 60.0}, {"semestre": 8.0, "pos_requisitos": [], "disciplina": "Hist\u00f3ria e Cultura Afro - Brasileira", "creditos": 4.0, "tipo": "Obrigat\u00f3ria", "pre_requisitos": [], "codigo_departamento": 71010000.0, "codigo_disciplina": 7101115, "horas": 60.0}, {"semestre": 8.0, "pos_requisitos": [], "disciplina": "Atividades Complementares Flex\u00edveis", "creditos": 14.0, "tipo": "Complementar", "pre_requisitos": [], "codigo_departamento": 71010000.0, "codigo_disciplina": 7101157, "horas": 210.0}, {"semestre": 8.0, "pos_requisitos": [], "disciplina": "Est\u00e1gio Curricular Supervisionado II", "creditos": 14.0, "tipo": "Complementar", "pre_requisitos": [7101160], "codigo_departamento": 71010000.0, "codigo_disciplina": 7101165, "horas": 210.0}, {"semestre": 8.0, "pos_requisitos": [], "disciplina": "Trabalho de Conclus\u00e3o de Curso", "creditos": 2.0, "tipo": "Complementar", "pre_requisitos": [7101158], "codigo_departamento": 71010000.0, "codigo_disciplina": 7101166, "horas": 30.0}]