[{"semestre": 1.0, "pos_requisitos": [2105019, 2105152], "disciplina": "Biologia Celular", "creditos": 4.0, "tipo": "Obrigat\u00f3ria", "pre_requisitos": [], "codigo_departamento": 21050000.0, "codigo_disciplina": 2105122, "horas": 60.0}, {"semestre": 1.0, "pos_requisitos": [], "disciplina": "L\u00edngua Portuguesa", "creditos": 4.0, "tipo": "Obrigat\u00f3ria", "pre_requisitos": [], "codigo_departamento": 21040000.0, "codigo_disciplina": 2104017, "horas": 60.0}, {"semestre": 1.0, "pos_requisitos": [], "disciplina": "Embriologia", "creditos": 4.0, "tipo": "Obrigat\u00f3ria", "pre_requisitos": [], "codigo_departamento": 21050000.0, "codigo_disciplina": 2105123, "horas": 60.0}, {"semestre": 1.0, "pos_requisitos": [], "disciplina": "Fundamentos de Qu\u00edmica", "creditos": 4.0, "tipo": "Obrigat\u00f3ria", "pre_requisitos": [], "codigo_departamento": 21020000.0, "codigo_disciplina": 2102249, "horas": 60.0}, {"semestre": 1.0, "pos_requisitos": [], "disciplina": "F\u00edsica para Ci\u00eancias Biol\u00f3gicas", "creditos": 4.0, "tipo": "Obrigat\u00f3ria", "pre_requisitos": [], "codigo_departamento": 21020000.0, "codigo_disciplina": 2102250, "horas": 60.0}, {"semestre": 1.0, "pos_requisitos": [], "disciplina": "Introdu\u00e7\u00e3o a Sociologia", "creditos": 4.0, "tipo": "Obrigat\u00f3ria", "pre_requisitos": [], "codigo_departamento": 21010000.0, "codigo_disciplina": 2101107, "horas": 60.0}, {"semestre": 2.0, "pos_requisitos": [2105138], "disciplina": "Anatomia Humana", "creditos": 6.0, "tipo": "Obrigat\u00f3ria", "pre_requisitos": [], "codigo_departamento": 21050000.0, "codigo_disciplina": 2105126, "horas": 90.0}, {"semestre": 2.0, "pos_requisitos": [2102337], "disciplina": "M\u00e9todologia Cienctifica Aplic a Biologia", "creditos": 2.0, "tipo": "Obrigat\u00f3ria", "pre_requisitos": [], "codigo_departamento": 21020000.0, "codigo_disciplina": 2102259, "horas": 30.0}, {"semestre": 2.0, "pos_requisitos": [2105019], "disciplina": "Histologia", "creditos": 4.0, "tipo": "Obrigat\u00f3ria", "pre_requisitos": [], "codigo_departamento": 21050000.0, "codigo_disciplina": 2105125, "horas": 60.0}, {"semestre": 2.0, "pos_requisitos": [2103227], "disciplina": "Psicologia da Educa\u00e7\u00e3o", "creditos": 4.0, "tipo": "Obrigat\u00f3ria", "pre_requisitos": [], "codigo_departamento": 21030000.0, "codigo_disciplina": 2103265, "horas": 60.0}, {"semestre": 2.0, "pos_requisitos": [], "disciplina": "Introdu\u00e7\u00e3o \u00e0 Filosofia", "creditos": 4.0, "tipo": "Obrigat\u00f3ria", "pre_requisitos": [], "codigo_departamento": 21010000.0, "codigo_disciplina": 2101108, "horas": 60.0}, {"semestre": 2.0, "pos_requisitos": [], "disciplina": "Geologia Geral", "creditos": 5.0, "tipo": "Obrigat\u00f3ria", "pre_requisitos": [], "codigo_departamento": 21010000.0, "codigo_disciplina": 2101109, "horas": 75.0}, {"semestre": 3.0, "pos_requisitos": [], "disciplina": "Biof\u00edsica", "creditos": 2.0, "tipo": "Obrigat\u00f3ria", "pre_requisitos": [], "codigo_departamento": 21050000.0, "codigo_disciplina": 2105025, "horas": 45.0}, {"semestre": 3.0, "pos_requisitos": [2102308], "disciplina": "Zoologia dos Invertebrados I", "creditos": 4.0, "tipo": "Obrigat\u00f3ria", "pre_requisitos": [], "codigo_departamento": 21020000.0, "codigo_disciplina": 2102305, "horas": 60.0}, {"semestre": 3.0, "pos_requisitos": [], "disciplina": "Fisiologia Humana", "creditos": 5.0, "tipo": "Obrigat\u00f3ria", "pre_requisitos": [2105126], "codigo_departamento": 21050000.0, "codigo_disciplina": 2105138, "horas": 75.0}, {"semestre": 3.0, "pos_requisitos": [2102304], "disciplina": "Did\u00e1tica", "creditos": 4.0, "tipo": "Obrigat\u00f3ria", "pre_requisitos": [2103265], "codigo_departamento": 21030000.0, "codigo_disciplina": 2103227, "horas": 60.0}, {"semestre": 3.0, "pos_requisitos": [2105019], "disciplina": "Bioqu\u00edmica", "creditos": 4.0, "tipo": "Obrigat\u00f3ria", "pre_requisitos": [], "codigo_departamento": 21060000.0, "codigo_disciplina": 2106016, "horas": 60.0}, {"semestre": 3.0, "pos_requisitos": [], "disciplina": "Matem\u00e1tica B\u00e1sica", "creditos": 4.0, "tipo": "Obrigat\u00f3ria", "pre_requisitos": [], "codigo_departamento": 21020000.0, "codigo_disciplina": 2102271, "horas": 60.0}, {"semestre": 4.0, "pos_requisitos": [2102304], "disciplina": "Metod e Inst no Ens de C. e Biologia", "creditos": 4.0, "tipo": "Obrigat\u00f3ria", "pre_requisitos": [], "codigo_departamento": 21020000.0, "codigo_disciplina": 2102306, "horas": 60.0}, {"semestre": 4.0, "pos_requisitos": [], "disciplina": "Botanica Criptogamica", "creditos": 4.0, "tipo": "Obrigat\u00f3ria", "pre_requisitos": [], "codigo_departamento": 21020000.0, "codigo_disciplina": 2102307, "horas": 60.0}, {"semestre": 4.0, "pos_requisitos": [2102301], "disciplina": "Zoologia dos Invertebrados II", "creditos": 4.0, "tipo": "Obrigat\u00f3ria", "pre_requisitos": [2102305], "codigo_departamento": 21020000.0, "codigo_disciplina": 2102308, "horas": 60.0}, {"semestre": 4.0, "pos_requisitos": [2102302], "disciplina": "Ecologia Geral", "creditos": 4.0, "tipo": "Obrigat\u00f3ria", "pre_requisitos": [], "codigo_departamento": 21020000.0, "codigo_disciplina": 2102309, "horas": 60.0}, {"semestre": 4.0, "pos_requisitos": [], "disciplina": "Bioestatistica", "creditos": 4.0, "tipo": "Obrigat\u00f3ria", "pre_requisitos": [], "codigo_departamento": 21050000.0, "codigo_disciplina": 2105030, "horas": 60.0}, {"semestre": 4.0, "pos_requisitos": [2102303], "disciplina": "Gen\u00e9tica", "creditos": 4.0, "tipo": "Obrigat\u00f3ria", "pre_requisitos": [2105122, 2105125, 2106016], "codigo_departamento": 21050000.0, "codigo_disciplina": 2105019, "horas": 60.0}, {"semestre": 5.0, "pos_requisitos": [2102327, 2102336], "disciplina": "Anatomia e Morfologia Vegetal", "creditos": 4.0, "tipo": "Obrigat\u00f3ria", "pre_requisitos": [], "codigo_departamento": 21020000.0, "codigo_disciplina": 2102300, "horas": 60.0}, {"semestre": 5.0, "pos_requisitos": [2102328], "disciplina": "Zoologia dos Vertebrados I", "creditos": 4.0, "tipo": "Obrigat\u00f3ria", "pre_requisitos": [2102308], "codigo_departamento": 21020000.0, "codigo_disciplina": 2102301, "horas": 60.0}, {"semestre": 5.0, "pos_requisitos": [2102329], "disciplina": "Ecologia de Comunidades", "creditos": 4.0, "tipo": "Obrigat\u00f3ria", "pre_requisitos": [2102309], "codigo_departamento": 21020000.0, "codigo_disciplina": 2102302, "horas": 60.0}, {"semestre": 5.0, "pos_requisitos": [], "disciplina": "Evolucao Biologica", "creditos": 4.0, "tipo": "Obrigat\u00f3ria", "pre_requisitos": [2105019], "codigo_departamento": 21020000.0, "codigo_disciplina": 2102303, "horas": 60.0}, {"semestre": 5.0, "pos_requisitos": [2102330], "disciplina": "Est\u00e1gio Supervisionado I", "creditos": 5.0, "tipo": "Complementar", "pre_requisitos": [2103227, 2102306], "codigo_departamento": 21020000.0, "codigo_disciplina": 2102304, "horas": 75.0}, {"semestre": 5.0, "pos_requisitos": [], "disciplina": "L\u00edngua Brasileira de Sinais", "creditos": 4.0, "tipo": "Obrigat\u00f3ria", "pre_requisitos": [], "codigo_departamento": 21040000.0, "codigo_disciplina": 2104012, "horas": 60.0}, {"semestre": 6.0, "pos_requisitos": [], "disciplina": "Sistem\u00e1tica de Faner\u00f3gamas", "creditos": 4.0, "tipo": "Obrigat\u00f3ria", "pre_requisitos": [2102300], "codigo_departamento": 21020000.0, "codigo_disciplina": 2102327, "horas": 60.0}, {"semestre": 6.0, "pos_requisitos": [], "disciplina": "Zoologia dos Vertebrados II", "creditos": 4.0, "tipo": "Obrigat\u00f3ria", "pre_requisitos": [2102301], "codigo_departamento": 21020000.0, "codigo_disciplina": 2102328, "horas": 60.0}, {"semestre": 6.0, "pos_requisitos": [], "disciplina": "Meio Ambiente e Sociedade", "creditos": 4.0, "tipo": "Obrigat\u00f3ria", "pre_requisitos": [2102302], "codigo_departamento": 21020000.0, "codigo_disciplina": 2102329, "horas": 60.0}, {"semestre": 6.0, "pos_requisitos": [2102338], "disciplina": "Est\u00e1gio Supervisionado II", "creditos": 7.0, "tipo": "Complementar", "pre_requisitos": [2102304], "codigo_departamento": 21020000.0, "codigo_disciplina": 2102330, "horas": 105.0}, {"semestre": 6.0, "pos_requisitos": [], "disciplina": "Pol\u00edtica Educacional", "creditos": 4.0, "tipo": "Obrigat\u00f3ria", "pre_requisitos": [], "codigo_departamento": 21030000.0, "codigo_disciplina": 2103266, "horas": 60.0}, {"semestre": 7.0, "pos_requisitos": [], "disciplina": "Fisiologia Vegetal", "creditos": 4.0, "tipo": "Obrigat\u00f3ria", "pre_requisitos": [2102300], "codigo_departamento": 21020000.0, "codigo_disciplina": 2102336, "horas": 60.0}, {"semestre": 7.0, "pos_requisitos": [], "disciplina": "Microbiologia", "creditos": 4.0, "tipo": "Obrigat\u00f3ria", "pre_requisitos": [2105122], "codigo_departamento": 21050000.0, "codigo_disciplina": 2105152, "horas": 60.0}, {"semestre": 7.0, "pos_requisitos": [2102359], "disciplina": "Projeto de Pesquisa", "creditos": 4.0, "tipo": "Obrigat\u00f3ria", "pre_requisitos": [2102259], "codigo_departamento": 21020000.0, "codigo_disciplina": 2102337, "horas": 60.0}, {"semestre": 7.0, "pos_requisitos": [2102360], "disciplina": "Est\u00e1gio Supervisionado III", "creditos": 7.0, "tipo": "Complementar", "pre_requisitos": [2102330], "codigo_departamento": 21020000.0, "codigo_disciplina": 2102338, "horas": 105.0}, {"semestre": 8.0, "pos_requisitos": [], "disciplina": "Trabalho de Conclus\u00e3o de Curso", "creditos": 4.0, "tipo": "Complementar", "pre_requisitos": [2102337], "codigo_departamento": 21020000.0, "codigo_disciplina": 2102359, "horas": 60.0}, {"semestre": 8.0, "pos_requisitos": [], "disciplina": "Est\u00e1gio Supervisionado IV", "creditos": 8.0, "tipo": "Complementar", "pre_requisitos": [2102338], "codigo_departamento": 21020000.0, "codigo_disciplina": 2102360, "horas": 120.0}]