[{"semestre": null, "pos_requisitos": [], "disciplina": "Enade/Ingressante", "creditos": null, "tipo": "Complementar", "pre_requisitos": [], "codigo_departamento": 13050000.0, "codigo_disciplina": 1305254, "horas": null}, {"semestre": 1.0, "pos_requisitos": [], "disciplina": "Hist\u00f3ria, Filosofia e Metod. da Ci\u00eancia", "creditos": 4.0, "tipo": "Obrigat\u00f3ria", "pre_requisitos": [], "codigo_departamento": 41050000.0, "codigo_disciplina": 4105001, "horas": 60.0}, {"semestre": 1.0, "pos_requisitos": [4105017, 4105024, 4105039], "disciplina": "Sistem\u00e1tica e Biogeografia", "creditos": 4.0, "tipo": "Obrigat\u00f3ria", "pre_requisitos": [], "codigo_departamento": 41050000.0, "codigo_disciplina": 4105003, "horas": 60.0}, {"semestre": 1.0, "pos_requisitos": [4105026], "disciplina": "Sociologia e Antropologia da Educa\u00e7\u00e3o", "creditos": 3.0, "tipo": "Obrigat\u00f3ria", "pre_requisitos": [], "codigo_departamento": 41050000.0, "codigo_disciplina": 4105004, "horas": 45.0}, {"semestre": 1.0, "pos_requisitos": [4105029], "disciplina": "Morfologia e Anatomia Vegetal", "creditos": 45.0, "tipo": "Obrigat\u00f3ria", "pre_requisitos": [], "codigo_departamento": 41050000.0, "codigo_disciplina": 4105014, "horas": 3.0}, {"semestre": 1.0, "pos_requisitos": [4105025], "disciplina": "Qu\u00edmica Geral e Org\u00e2nica", "creditos": 4.0, "tipo": "Complementar", "pre_requisitos": [], "codigo_departamento": 41050000.0, "codigo_disciplina": 4105015, "horas": 60.0}, {"semestre": 2.0, "pos_requisitos": [4105016, 4105052], "disciplina": "Psicologia da Educa\u00e7\u00e3o", "creditos": 4.0, "tipo": "Complementar", "pre_requisitos": [], "codigo_departamento": 41050000.0, "codigo_disciplina": 4105007, "horas": 60.0}, {"semestre": 2.0, "pos_requisitos": [4105022], "disciplina": "Biologia Celular e Molecular", "creditos": 3.0, "tipo": "Obrigat\u00f3ria", "pre_requisitos": [], "codigo_departamento": 41050000.0, "codigo_disciplina": 4105008, "horas": 45.0}, {"semestre": 2.0, "pos_requisitos": [4105030], "disciplina": "Fundamentos de Geologia e Pedologia", "creditos": 4.0, "tipo": "Obrigat\u00f3ria", "pre_requisitos": [], "codigo_departamento": 41050000.0, "codigo_disciplina": 4105009, "horas": 60.0}, {"semestre": 2.0, "pos_requisitos": [4105024, 4105039], "disciplina": "Tec. de Coleta e Prep. de Mater. Zoologico", "creditos": 4.0, "tipo": "Obrigat\u00f3ria", "pre_requisitos": [], "codigo_departamento": 41050000.0, "codigo_disciplina": 4105010, "horas": 60.0}, {"semestre": 2.0, "pos_requisitos": [4105021], "disciplina": "Matem\u00e1tica Aplicada \u00e0 Biologia", "creditos": 4.0, "tipo": "Obrigat\u00f3ria", "pre_requisitos": [], "codigo_departamento": 41050000.0, "codigo_disciplina": 4105012, "horas": 60.0}, {"semestre": 3.0, "pos_requisitos": [4105048], "disciplina": "Evolucao", "creditos": 3.0, "tipo": "Obrigat\u00f3ria", "pre_requisitos": [], "codigo_departamento": 41050000.0, "codigo_disciplina": 4105002, "horas": 45.0}, {"semestre": 3.0, "pos_requisitos": [4105017, 4105029], "disciplina": "Flora Local", "creditos": 4.0, "tipo": "Obrigat\u00f3ria", "pre_requisitos": [], "codigo_departamento": 41050000.0, "codigo_disciplina": 4105005, "horas": 60.0}, {"semestre": 3.0, "pos_requisitos": [4105023], "disciplina": "F\u00edsica para Ci\u00eancias Biol\u00f3gicas", "creditos": 4.0, "tipo": "Complementar", "pre_requisitos": [], "codigo_departamento": 41050000.0, "codigo_disciplina": 4105006, "horas": 60.0}, {"semestre": 3.0, "pos_requisitos": [4105018], "disciplina": "Meio Ambiente F\u00edsico e Ecossistemas", "creditos": 4.0, "tipo": "Obrigat\u00f3ria", "pre_requisitos": [], "codigo_departamento": 41050000.0, "codigo_disciplina": 4105011, "horas": 60.0}, {"semestre": 3.0, "pos_requisitos": [], "disciplina": "Hist e Emb Anim. Com Enf nos Vertebrados", "creditos": 4.0, "tipo": "Obrigat\u00f3ria", "pre_requisitos": [], "codigo_departamento": 41050000.0, "codigo_disciplina": 4105028, "horas": 60.0}, {"semestre": 4.0, "pos_requisitos": [4105027], "disciplina": "Ecologia Geral", "creditos": 4.0, "tipo": "Obrigat\u00f3ria", "pre_requisitos": [4105011], "codigo_departamento": 41050000.0, "codigo_disciplina": 4105018, "horas": 60.0}, {"semestre": 4.0, "pos_requisitos": [4105049], "disciplina": "Anatomia Animal Comparada", "creditos": 4.0, "tipo": "Obrigat\u00f3ria", "pre_requisitos": [], "codigo_departamento": 41050000.0, "codigo_disciplina": 4105019, "horas": 60.0}, {"semestre": 4.0, "pos_requisitos": [4105022, 4105048], "disciplina": "Gen\u00e9tica Basica", "creditos": 4.0, "tipo": "Obrigat\u00f3ria", "pre_requisitos": [], "codigo_departamento": 41050000.0, "codigo_disciplina": 4105020, "horas": 60.0}, {"semestre": 4.0, "pos_requisitos": [4105049], "disciplina": "Biof\u00edsica", "creditos": 4.0, "tipo": "Obrigat\u00f3ria", "pre_requisitos": [4105006], "codigo_departamento": 41050000.0, "codigo_disciplina": 4105023, "horas": 60.0}, {"semestre": 4.0, "pos_requisitos": [4102159], "disciplina": "Bioqu\u00edmica", "creditos": 4.0, "tipo": "Obrigat\u00f3ria", "pre_requisitos": [4105015], "codigo_departamento": 41050000.0, "codigo_disciplina": 4105025, "horas": 60.0}, {"semestre": 5.0, "pos_requisitos": [4105038, 4105037], "disciplina": "Did\u00e1tica para o Ensino de Cienc. e Biol.", "creditos": 4.0, "tipo": "Complementar", "pre_requisitos": [4105007], "codigo_departamento": 41050000.0, "codigo_disciplina": 4105016, "horas": 60.0}, {"semestre": 5.0, "pos_requisitos": [], "disciplina": "Biol. e Sist. de Algas Briof. e Pteridof.", "creditos": 4.0, "tipo": "Obrigat\u00f3ria", "pre_requisitos": [4105003, 4105005], "codigo_departamento": 41050000.0, "codigo_disciplina": 4105017, "horas": 60.0}, {"semestre": 5.0, "pos_requisitos": [], "disciplina": "Bioestatistica", "creditos": 4.0, "tipo": "Obrigat\u00f3ria", "pre_requisitos": [4105012], "codigo_departamento": 41050000.0, "codigo_disciplina": 4105021, "horas": 60.0}, {"semestre": 5.0, "pos_requisitos": [], "disciplina": "Gen\u00e9tica Molecular", "creditos": 4.0, "tipo": "Obrigat\u00f3ria", "pre_requisitos": [4105020, 4105008], "codigo_departamento": 41050000.0, "codigo_disciplina": 4105022, "horas": 60.0}, {"semestre": 5.0, "pos_requisitos": [], "disciplina": "Biologia e Sistem\u00e1tica de Invertebrados", "creditos": 4.0, "tipo": "Obrigat\u00f3ria", "pre_requisitos": [4105003, 4105010], "codigo_departamento": 41050000.0, "codigo_disciplina": 4105024, "horas": 60.0}, {"semestre": 6.0, "pos_requisitos": [], "disciplina": "Fisiologia Vegetal", "creditos": 4.0, "tipo": "Obrigat\u00f3ria", "pre_requisitos": [4105025], "codigo_departamento": 41020000.0, "codigo_disciplina": 4102159, "horas": 60.0}, {"semestre": 6.0, "pos_requisitos": [4105060, 4105068], "disciplina": "Microbiologia", "creditos": 4.0, "tipo": "Obrigat\u00f3ria", "pre_requisitos": [], "codigo_departamento": 41050000.0, "codigo_disciplina": 4105013, "horas": 60.0}, {"semestre": 6.0, "pos_requisitos": [4105040], "disciplina": "Estrutura e Func do Ens Fund e Medio", "creditos": 4.0, "tipo": "Complementar", "pre_requisitos": [4105004], "codigo_departamento": 41050000.0, "codigo_disciplina": 4105026, "horas": 60.0}, {"semestre": 6.0, "pos_requisitos": [], "disciplina": "Biologia e Sistem de Plantas Fanerogamas", "creditos": 4.0, "tipo": "Obrigat\u00f3ria", "pre_requisitos": [4105005, 4105014], "codigo_departamento": 41050000.0, "codigo_disciplina": 4105029, "horas": 60.0}, {"semestre": 6.0, "pos_requisitos": [], "disciplina": "Biologia e Sistem\u00e1tica de Cordados", "creditos": 4.0, "tipo": "Obrigat\u00f3ria", "pre_requisitos": [4105003, 4105010], "codigo_departamento": 41050000.0, "codigo_disciplina": 4105039, "horas": 60.0}, {"semestre": 7.0, "pos_requisitos": [], "disciplina": "L\u00edngua Brasileira de Sinais", "creditos": 4.0, "tipo": "Complementar", "pre_requisitos": [], "codigo_departamento": 41050000.0, "codigo_disciplina": 4105100, "horas": 60.0}, {"semestre": 7.0, "pos_requisitos": [], "disciplina": "M\u00e9todol e Prat do Ens de Cien e Biologia", "creditos": 4.0, "tipo": "Complementar", "pre_requisitos": [4105016], "codigo_departamento": 41050000.0, "codigo_disciplina": 4105037, "horas": 60.0}, {"semestre": 7.0, "pos_requisitos": [4105052], "disciplina": "Instrumenta\u00e7\u00e3o para o Ensino de Ci\u00eancias", "creditos": 4.0, "tipo": "Complementar", "pre_requisitos": [4105016], "codigo_departamento": 41050000.0, "codigo_disciplina": 4105038, "horas": 60.0}, {"semestre": 7.0, "pos_requisitos": [4105050, 4105061, 4105069], "disciplina": "Est\u00e1gio Supervisionado I", "creditos": 4.0, "tipo": "Complementar", "pre_requisitos": [4105026], "codigo_departamento": 41050000.0, "codigo_disciplina": 4105040, "horas": 60.0}, {"semestre": 7.0, "pos_requisitos": [], "disciplina": "Fisiologia Animal Comparada", "creditos": 4.0, "tipo": "Obrigat\u00f3ria", "pre_requisitos": [4105019, 4105023], "codigo_departamento": 41050000.0, "codigo_disciplina": 4105049, "horas": 60.0}, {"semestre": 8.0, "pos_requisitos": [4105048], "disciplina": "Ecologia de Populacoes e Comunidades", "creditos": 4.0, "tipo": "Obrigat\u00f3ria", "pre_requisitos": [4105018], "codigo_departamento": 41050000.0, "codigo_disciplina": 4105027, "horas": 60.0}, {"semestre": 8.0, "pos_requisitos": [4105061, 4105069], "disciplina": "Est\u00e1gio Supervisionado II", "creditos": 6.0, "tipo": "Complementar", "pre_requisitos": [4105040], "codigo_departamento": 41050000.0, "codigo_disciplina": 4105050, "horas": 90.0}, {"semestre": 8.0, "pos_requisitos": [4105068], "disciplina": "Parasitologia", "creditos": 2.0, "tipo": "Complementar", "pre_requisitos": [], "codigo_departamento": 41050000.0, "codigo_disciplina": 4105051, "horas": 30.0}, {"semestre": 8.0, "pos_requisitos": [], "disciplina": "Instrumentacao para o Ens de Biologia", "creditos": 4.0, "tipo": "Complementar", "pre_requisitos": [4105007, 4105038], "codigo_departamento": 41050000.0, "codigo_disciplina": 4105052, "horas": 60.0}, {"semestre": 9.0, "pos_requisitos": [], "disciplina": "Paleont. Paleoecologia e Hist da Terra", "creditos": 4.0, "tipo": "Obrigat\u00f3ria", "pre_requisitos": [4105009], "codigo_departamento": 41050000.0, "codigo_disciplina": 4105030, "horas": 60.0}, {"semestre": 9.0, "pos_requisitos": [], "disciplina": "Gen\u00e9tica do Proc Evol e da Conserv Biolo", "creditos": 4.0, "tipo": "Obrigat\u00f3ria", "pre_requisitos": [4105002, 4105020, 4105027], "codigo_departamento": 41050000.0, "codigo_disciplina": 4105048, "horas": 60.0}, {"semestre": 9.0, "pos_requisitos": [4105068], "disciplina": "Imunologia", "creditos": 2.0, "tipo": "Complementar", "pre_requisitos": [4105013], "codigo_departamento": 41050000.0, "codigo_disciplina": 4105060, "horas": 30.0}, {"semestre": 9.0, "pos_requisitos": [4105069], "disciplina": "Est\u00e1gio Supervisionado III", "creditos": 8.0, "tipo": "Complementar", "pre_requisitos": [4105040, 4105050], "codigo_departamento": 41050000.0, "codigo_disciplina": 4105061, "horas": 120.0}, {"semestre": 10.0, "pos_requisitos": [], "disciplina": "Programa de Sa\u00fade", "creditos": 3.0, "tipo": "Complementar", "pre_requisitos": [4105051, 4105060, 4105013], "codigo_departamento": 41050000.0, "codigo_disciplina": 4105068, "horas": 45.0}, {"semestre": 10.0, "pos_requisitos": [], "disciplina": "Est\u00e1gio Supervisionado IV", "creditos": 9.0, "tipo": "Complementar", "pre_requisitos": [4105040, 4105050, 4105061], "codigo_departamento": 41050000.0, "codigo_disciplina": 4105069, "horas": 135.0}, {"semestre": 10.0, "pos_requisitos": [], "disciplina": "Trabalho de Conc de Curso - Tcc (Monografia", "creditos": 2.0, "tipo": "Complementar", "pre_requisitos": [], "codigo_departamento": 41050000.0, "codigo_disciplina": 4105070, "horas": 30.0}, {"semestre": 10.0, "pos_requisitos": [], "disciplina": "Atividades Complementares Flex\u00edveis", "creditos": 14.0, "tipo": "Complementar", "pre_requisitos": [], "codigo_departamento": 41050000.0, "codigo_disciplina": 4105071, "horas": 210.0}]