[{"semestre": 1.0, "pos_requisitos": [], "disciplina": "L\u00edngua Portuguesa", "creditos": 5.0, "tipo": "Complementar", "pre_requisitos": [], "codigo_departamento": 13070000.0, "codigo_disciplina": 1307045, "horas": 75.0}, {"semestre": 1.0, "pos_requisitos": [1305015, 1305121], "disciplina": "Introdu\u00e7\u00e3o a Antropologia", "creditos": 4.0, "tipo": "Obrigat\u00f3ria", "pre_requisitos": [], "codigo_departamento": 13050000.0, "codigo_disciplina": 1305001, "horas": 60.0}, {"semestre": 1.0, "pos_requisitos": [1306028], "disciplina": "Hist\u00f3ria Econ\u00f4mica Geral", "creditos": 4.0, "tipo": "Obrigat\u00f3ria", "pre_requisitos": [], "codigo_departamento": 13060000.0, "codigo_disciplina": 1306027, "horas": 60.0}, {"semestre": 1.0, "pos_requisitos": [1305015, 1305121, 1305042], "disciplina": "Introdu\u00e7\u00e3o \u00e0 Filosofia", "creditos": 4.0, "tipo": "Complementar", "pre_requisitos": [], "codigo_departamento": 13050000.0, "codigo_disciplina": 1305147, "horas": 60.0}, {"semestre": 1.0, "pos_requisitos": [1305015, 1305121, 1305042, 1305028], "disciplina": "Introdu\u00e7\u00e3o a Sociologia", "creditos": 4.0, "tipo": "Obrigat\u00f3ria", "pre_requisitos": [], "codigo_departamento": 13050000.0, "codigo_disciplina": 1305027, "horas": 60.0}, {"semestre": 1.0, "pos_requisitos": [1303074], "disciplina": "Introdu\u00e7\u00e3o a Economia Pol\u00edtica", "creditos": 4.0, "tipo": "Obrigat\u00f3ria", "pre_requisitos": [], "codigo_departamento": 13030000.0, "codigo_disciplina": 1303036, "horas": 60.0}, {"semestre": 2.0, "pos_requisitos": [1305049], "disciplina": "Teoria Sociologica I", "creditos": 4.0, "tipo": "Obrigat\u00f3ria", "pre_requisitos": [1305027], "codigo_departamento": 13050000.0, "codigo_disciplina": 1305028, "horas": 60.0}, {"semestre": 2.0, "pos_requisitos": [1305122], "disciplina": "Teoria Antropologica I", "creditos": 4.0, "tipo": "Obrigat\u00f3ria", "pre_requisitos": [1305001, 1305147, 1305027], "codigo_departamento": 13050000.0, "codigo_disciplina": 1305121, "horas": 60.0}, {"semestre": 2.0, "pos_requisitos": [], "disciplina": "Hist\u00f3ria das Ideias Econ\u00f4micas", "creditos": 4.0, "tipo": "Obrigat\u00f3ria", "pre_requisitos": [1303036], "codigo_departamento": 13030000.0, "codigo_disciplina": 1303074, "horas": 60.0}, {"semestre": 2.0, "pos_requisitos": [1306024], "disciplina": "Hist\u00f3ria Econ\u00f4mica do Brasil", "creditos": 4.0, "tipo": "Obrigat\u00f3ria", "pre_requisitos": [1306027], "codigo_departamento": 13060000.0, "codigo_disciplina": 1306028, "horas": 60.0}, {"semestre": 2.0, "pos_requisitos": [1305016], "disciplina": "Introdu\u00e7\u00e3o a Pol\u00edtica", "creditos": 4.0, "tipo": "Obrigat\u00f3ria", "pre_requisitos": [1305001, 1305147, 1305027], "codigo_departamento": 13050000.0, "codigo_disciplina": 1305015, "horas": 60.0}, {"semestre": 2.0, "pos_requisitos": [1305141], "disciplina": "Teoria do Conhecimento", "creditos": 4.0, "tipo": "Complementar", "pre_requisitos": [1305147, 1305027], "codigo_departamento": 13050000.0, "codigo_disciplina": 1305042, "horas": 60.0}, {"semestre": 3.0, "pos_requisitos": [], "disciplina": "Hist\u00f3ria do Nordeste", "creditos": 4.0, "tipo": "Obrigat\u00f3ria", "pre_requisitos": [1306028], "codigo_departamento": 13060000.0, "codigo_disciplina": 1306024, "horas": 60.0}, {"semestre": 3.0, "pos_requisitos": [], "disciplina": "M\u00e9todos e Tec de Pesquisa I", "creditos": 4.0, "tipo": "Obrigat\u00f3ria", "pre_requisitos": [1305042], "codigo_departamento": 13050000.0, "codigo_disciplina": 1305141, "horas": 60.0}, {"semestre": 3.0, "pos_requisitos": [], "disciplina": "Teoria Pol\u00edtica I", "creditos": 4.0, "tipo": "Obrigat\u00f3ria", "pre_requisitos": [1305015], "codigo_departamento": 13050000.0, "codigo_disciplina": 1305016, "horas": 60.0}, {"semestre": 3.0, "pos_requisitos": [1305153, 1305123, 1305144], "disciplina": "Teoria Antropologica II", "creditos": 4.0, "tipo": "Obrigat\u00f3ria", "pre_requisitos": [1305121], "codigo_departamento": 13050000.0, "codigo_disciplina": 1305122, "horas": 60.0}, {"semestre": 3.0, "pos_requisitos": [1305146], "disciplina": "Teoria Sociologica II", "creditos": 4.0, "tipo": "Obrigat\u00f3ria", "pre_requisitos": [1305028], "codigo_departamento": 13050000.0, "codigo_disciplina": 1305049, "horas": 60.0}, {"semestre": 4.0, "pos_requisitos": [1305156], "disciplina": "Antropologia Social I", "creditos": 4.0, "tipo": "Obrigat\u00f3ria", "pre_requisitos": [1305122], "codigo_departamento": 13050000.0, "codigo_disciplina": 1305123, "horas": 60.0}, {"semestre": 4.0, "pos_requisitos": [1305053, 1305144], "disciplina": "Teoria Sociologica III", "creditos": 4.0, "tipo": "Obrigat\u00f3ria", "pre_requisitos": [1305049], "codigo_departamento": 13050000.0, "codigo_disciplina": 1305146, "horas": 60.0}, {"semestre": 4.0, "pos_requisitos": [1304063], "disciplina": "Psic Educacional/Aprendizagem", "creditos": 4.0, "tipo": "Obrigat\u00f3ria", "pre_requisitos": [], "codigo_departamento": 13040000.0, "codigo_disciplina": 1304019, "horas": 60.0}, {"semestre": 4.0, "pos_requisitos": [], "disciplina": "Geografia Regional do Brasil", "creditos": 4.0, "tipo": "Obrigat\u00f3ria", "pre_requisitos": [], "codigo_departamento": 13080000.0, "codigo_disciplina": 1308020, "horas": 60.0}, {"semestre": 4.0, "pos_requisitos": [1304063], "disciplina": "Psicologia Educac/Adolescencia", "creditos": 4.0, "tipo": "Obrigat\u00f3ria", "pre_requisitos": [], "codigo_departamento": 13040000.0, "codigo_disciplina": 1304058, "horas": 60.0}, {"semestre": 5.0, "pos_requisitos": [], "disciplina": "Sccs (Compl Pr\u00e1tica de Ensino I)", "creditos": 3.0, "tipo": "Obrigat\u00f3ria", "pre_requisitos": [], "codigo_departamento": 13050000.0, "codigo_disciplina": 1305226, "horas": 90.0}, {"semestre": 5.0, "pos_requisitos": [1306030], "disciplina": "Hist do Pens Pol e Soc Geral", "creditos": 4.0, "tipo": "Obrigat\u00f3ria", "pre_requisitos": [], "codigo_departamento": 13060000.0, "codigo_disciplina": 1306029, "horas": 60.0}, {"semestre": 5.0, "pos_requisitos": [], "disciplina": "Antropologia Brasileira", "creditos": 4.0, "tipo": "Obrigat\u00f3ria", "pre_requisitos": [1305122], "codigo_departamento": 13050000.0, "codigo_disciplina": 1305153, "horas": 60.0}, {"semestre": 5.0, "pos_requisitos": [], "disciplina": "Estrut Classes e Estrat Social", "creditos": 4.0, "tipo": "Obrigat\u00f3ria", "pre_requisitos": [1305146], "codigo_departamento": 13050000.0, "codigo_disciplina": 1305053, "horas": 60.0}, {"semestre": 5.0, "pos_requisitos": [], "disciplina": "Estat\u00edstica Apl. \u00c0s Ci\u00eancias Sociais I", "creditos": 4.0, "tipo": "Obrigat\u00f3ria", "pre_requisitos": [], "codigo_departamento": 11140000.0, "codigo_disciplina": 1114081, "horas": 60.0}, {"semestre": 5.0, "pos_requisitos": [], "disciplina": "Did\u00e1tica", "creditos": 4.0, "tipo": "Obrigat\u00f3ria", "pre_requisitos": [1304019, 1304058], "codigo_departamento": 13040000.0, "codigo_disciplina": 1304063, "horas": 60.0}, {"semestre": 6.0, "pos_requisitos": [], "disciplina": "Sccs (Compl Pr\u00e1tica de Ensino Ii)", "creditos": 3.0, "tipo": "Obrigat\u00f3ria", "pre_requisitos": [], "codigo_departamento": 13050000.0, "codigo_disciplina": 1305227, "horas": 90.0}, {"semestre": 6.0, "pos_requisitos": [], "disciplina": "Geografia Humana", "creditos": 4.0, "tipo": "Obrigat\u00f3ria", "pre_requisitos": [], "codigo_departamento": 13080000.0, "codigo_disciplina": 1308046, "horas": 60.0}, {"semestre": 6.0, "pos_requisitos": [], "disciplina": "Hist do Pens Pol e Soc Brasil", "creditos": 4.0, "tipo": "Obrigat\u00f3ria", "pre_requisitos": [1306029], "codigo_departamento": 13060000.0, "codigo_disciplina": 1306030, "horas": 60.0}, {"semestre": 6.0, "pos_requisitos": [], "disciplina": "Etnologia Brasileira", "creditos": 4.0, "tipo": "Obrigat\u00f3ria", "pre_requisitos": [1305123], "codigo_departamento": 13050000.0, "codigo_disciplina": 1305156, "horas": 60.0}, {"semestre": 6.0, "pos_requisitos": [], "disciplina": "Metodologia das Cienc Sociais", "creditos": 4.0, "tipo": "Complementar", "pre_requisitos": [1305146, 1305122], "codigo_departamento": 13050000.0, "codigo_disciplina": 1305144, "horas": 60.0}, {"semestre": 7.0, "pos_requisitos": [], "disciplina": "Estrutura Func Ens I - II Graus", "creditos": 4.0, "tipo": "Obrigat\u00f3ria", "pre_requisitos": [], "codigo_departamento": 13040000.0, "codigo_disciplina": 1304087, "horas": 60.0}, {"semestre": 7.0, "pos_requisitos": [], "disciplina": "Geografia Economica", "creditos": 4.0, "tipo": "Obrigat\u00f3ria", "pre_requisitos": [], "codigo_departamento": 13080000.0, "codigo_disciplina": 1308001, "horas": 60.0}, {"semestre": 7.0, "pos_requisitos": [], "disciplina": "Pr\u00e1tica de Ensino em Ci\u00eancias Sociais", "creditos": 4.0, "tipo": "Obrigat\u00f3ria", "pre_requisitos": [], "codigo_departamento": 13050000.0, "codigo_disciplina": 1305197, "horas": 120.0}]