[{"semestre": null, "pos_requisitos": [], "disciplina": "Enade/Concluinte", "creditos": null, "tipo": "Complementar", "pre_requisitos": [], "codigo_departamento": 13050000.0, "codigo_disciplina": 1305253, "horas": null}, {"semestre": null, "pos_requisitos": [], "disciplina": "Enade/Ingressante", "creditos": null, "tipo": "Complementar", "pre_requisitos": [], "codigo_departamento": 13050000.0, "codigo_disciplina": 1305254, "horas": null}, {"semestre": null, "pos_requisitos": [], "disciplina": "Atividade Complementar Flexivel", "creditos": 20.0, "tipo": "Complementar", "pre_requisitos": [], "codigo_departamento": 31030000.0, "codigo_disciplina": 3103080, "horas": 300.0}, {"semestre": 1.0, "pos_requisitos": [3103007], "disciplina": "Contabilidade Introdutoria", "creditos": 4.0, "tipo": "Obrigat\u00f3ria", "pre_requisitos": [], "codigo_departamento": 31030000.0, "codigo_disciplina": 3103008, "horas": 60.0}, {"semestre": 1.0, "pos_requisitos": [3103037, 3103032, 3103026], "disciplina": "Fundamentos de Administra\u00e7\u00e3o", "creditos": 4.0, "tipo": "Obrigat\u00f3ria", "pre_requisitos": [], "codigo_departamento": 31030000.0, "codigo_disciplina": 3103021, "horas": 60.0}, {"semestre": 1.0, "pos_requisitos": [], "disciplina": "Fundamentos de Economia", "creditos": 4.0, "tipo": "Obrigat\u00f3ria", "pre_requisitos": [], "codigo_departamento": 31030000.0, "codigo_disciplina": 3103022, "horas": 60.0}, {"semestre": 1.0, "pos_requisitos": [3103029], "disciplina": "Matem\u00e1tica B\u00e1sica", "creditos": 4.0, "tipo": "Obrigat\u00f3ria", "pre_requisitos": [], "codigo_departamento": 31030000.0, "codigo_disciplina": 3103028, "horas": 60.0}, {"semestre": 1.0, "pos_requisitos": [3103030], "disciplina": "Portugues Instrumental", "creditos": 4.0, "tipo": "Obrigat\u00f3ria", "pre_requisitos": [], "codigo_departamento": 31030000.0, "codigo_disciplina": 3103035, "horas": 60.0}, {"semestre": 2.0, "pos_requisitos": [3103003], "disciplina": "Contabilidade Intermediaria", "creditos": 4.0, "tipo": "Obrigat\u00f3ria", "pre_requisitos": [3103008], "codigo_departamento": 31030000.0, "codigo_disciplina": 3103007, "horas": 60.0}, {"semestre": 2.0, "pos_requisitos": [3103019, 3103026], "disciplina": "Matem\u00e1tica Financeira", "creditos": 4.0, "tipo": "Obrigat\u00f3ria", "pre_requisitos": [3103028], "codigo_departamento": 31030000.0, "codigo_disciplina": 3103029, "horas": 60.0}, {"semestre": 2.0, "pos_requisitos": [3103034], "disciplina": "Met. e T\u00e9cnicas de Pesquisa Cient\u00edfica", "creditos": 4.0, "tipo": "Obrigat\u00f3ria", "pre_requisitos": [3103035], "codigo_departamento": 31030000.0, "codigo_disciplina": 3103030, "horas": 60.0}, {"semestre": 3.0, "pos_requisitos": [3103001, 3103018, 3103038, 3103002, 3103009, 3103017, 3103004, 3103026], "disciplina": "Contabilidade Avancada", "creditos": 4.0, "tipo": "Obrigat\u00f3ria", "pre_requisitos": [3103007], "codigo_departamento": 31030000.0, "codigo_disciplina": 3103003, "horas": 60.0}, {"semestre": 3.0, "pos_requisitos": [3103011, 3103018], "disciplina": "Direito Social Trab e Previdenciario", "creditos": 4.0, "tipo": "Obrigat\u00f3ria", "pre_requisitos": [], "codigo_departamento": 31030000.0, "codigo_disciplina": 3103012, "horas": 60.0}, {"semestre": 3.0, "pos_requisitos": [3103031], "disciplina": "Estatistica Aplicada a Contabilidade", "creditos": 4.0, "tipo": "Obrigat\u00f3ria", "pre_requisitos": [3103029], "codigo_departamento": 31030000.0, "codigo_disciplina": 3103019, "horas": 60.0}, {"semestre": 3.0, "pos_requisitos": [], "disciplina": "Fundamentos de Inform\u00e1tica", "creditos": 4.0, "tipo": "Complementar", "pre_requisitos": [], "codigo_departamento": 31030000.0, "codigo_disciplina": 3103023, "horas": 60.0}, {"semestre": 3.0, "pos_requisitos": [3103014], "disciplina": "Sociologia Organizacional", "creditos": 4.0, "tipo": "Obrigat\u00f3ria", "pre_requisitos": [3103021], "codigo_departamento": 31030000.0, "codigo_disciplina": 3103037, "horas": 60.0}, {"semestre": 4.0, "pos_requisitos": [3103017, 3103026], "disciplina": "An\u00e1lise das Demonstra\u00e7\u00f5es Cont\u00e1beis", "creditos": 4.0, "tipo": "Obrigat\u00f3ria", "pre_requisitos": [3103003], "codigo_departamento": 31030000.0, "codigo_disciplina": 3103001, "horas": 60.0}, {"semestre": 4.0, "pos_requisitos": [3103013], "disciplina": "Direito Comercial", "creditos": 4.0, "tipo": "Obrigat\u00f3ria", "pre_requisitos": [3103012], "codigo_departamento": 31030000.0, "codigo_disciplina": 3103011, "horas": 60.0}, {"semestre": 4.0, "pos_requisitos": [], "disciplina": "Est. Sup. - Fiscal e Pessoal", "creditos": 4.0, "tipo": "Complementar", "pre_requisitos": [3103003, 3103012], "codigo_departamento": 31030000.0, "codigo_disciplina": 3103018, "horas": 60.0}, {"semestre": 4.0, "pos_requisitos": [3103032], "disciplina": "M\u00e9todos Quant Aplic a Contabilidade", "creditos": 4.0, "tipo": "Obrigat\u00f3ria", "pre_requisitos": [3103019], "codigo_departamento": 31030000.0, "codigo_disciplina": 3103031, "horas": 60.0}, {"semestre": 4.0, "pos_requisitos": [3103002, 3103036, 3103005, 3103020, 3103034], "disciplina": "Teoria da Contabilidade", "creditos": 4.0, "tipo": "Obrigat\u00f3ria", "pre_requisitos": [3103003], "codigo_departamento": 31030000.0, "codigo_disciplina": 3103038, "horas": 60.0}, {"semestre": 5.0, "pos_requisitos": [3103016, 3103015, 3103033], "disciplina": "Auditoria", "creditos": 4.0, "tipo": "Obrigat\u00f3ria", "pre_requisitos": [3103003, 3103038], "codigo_departamento": 31030000.0, "codigo_disciplina": 3103002, "horas": 60.0}, {"semestre": 5.0, "pos_requisitos": [3103016], "disciplina": "Contabilidade Publica", "creditos": 4.0, "tipo": "Obrigat\u00f3ria", "pre_requisitos": [3103003], "codigo_departamento": 31030000.0, "codigo_disciplina": 3103009, "horas": 60.0}, {"semestre": 5.0, "pos_requisitos": [], "disciplina": "Direito Tributario e Financeiro", "creditos": 4.0, "tipo": "Obrigat\u00f3ria", "pre_requisitos": [3103011], "codigo_departamento": 31030000.0, "codigo_disciplina": 3103013, "horas": 60.0}, {"semestre": 5.0, "pos_requisitos": [], "disciplina": "Est. Sup. - Contabilidade Financeira", "creditos": 4.0, "tipo": "Complementar", "pre_requisitos": [3103003, 3103001], "codigo_departamento": 31030000.0, "codigo_disciplina": 3103017, "horas": 60.0}, {"semestre": 5.0, "pos_requisitos": [], "disciplina": "Modelos de Gest\u00e3o", "creditos": 4.0, "tipo": "Obrigat\u00f3ria", "pre_requisitos": [3103021, 3103031], "codigo_departamento": 31030000.0, "codigo_disciplina": 3103032, "horas": 60.0}, {"semestre": 6.0, "pos_requisitos": [3103006, 3103010], "disciplina": "Contabilidade de Custos", "creditos": 4.0, "tipo": "Obrigat\u00f3ria", "pre_requisitos": [3103003], "codigo_departamento": 31030000.0, "codigo_disciplina": 3103004, "horas": 60.0}, {"semestre": 6.0, "pos_requisitos": [], "disciplina": "Est. Sup. - Cont e Auditoria Governamental", "creditos": 4.0, "tipo": "Complementar", "pre_requisitos": [3103009, 3103002], "codigo_departamento": 31030000.0, "codigo_disciplina": 3103016, "horas": 60.0}, {"semestre": 6.0, "pos_requisitos": [3103025], "disciplina": "Gest\u00e3o Financeira", "creditos": 4.0, "tipo": "Obrigat\u00f3ria", "pre_requisitos": [3103021, 3103029, 3103003, 3103001], "codigo_departamento": 31030000.0, "codigo_disciplina": 3103026, "horas": 60.0}, {"semestre": 6.0, "pos_requisitos": [3103010], "disciplina": "Sistemas de Informacoes Gerenciais", "creditos": 4.0, "tipo": "Obrigat\u00f3ria", "pre_requisitos": [3103038], "codigo_departamento": 31030000.0, "codigo_disciplina": 3103036, "horas": 60.0}, {"semestre": 7.0, "pos_requisitos": [3103025, 3103024], "disciplina": "Contabilidade Gerencial", "creditos": 4.0, "tipo": "Obrigat\u00f3ria", "pre_requisitos": [3103004], "codigo_departamento": 31030000.0, "codigo_disciplina": 3103006, "horas": 60.0}, {"semestre": 7.0, "pos_requisitos": [3103025, 3103024], "disciplina": "Controladoria", "creditos": 4.0, "tipo": "Obrigat\u00f3ria", "pre_requisitos": [3103036, 3103004], "codigo_departamento": 31030000.0, "codigo_disciplina": 3103010, "horas": 60.0}, {"semestre": 7.0, "pos_requisitos": [], "disciplina": "Est\u00e1gio Superv. - Auditoria Contabil", "creditos": 4.0, "tipo": "Complementar", "pre_requisitos": [3103002], "codigo_departamento": 31030000.0, "codigo_disciplina": 3103015, "horas": 60.0}, {"semestre": 8.0, "pos_requisitos": [], "disciplina": "Contabilidade e Educa\u00e7\u00e3o Ambiental", "creditos": 2.0, "tipo": "Obrigat\u00f3ria", "pre_requisitos": [3103038], "codigo_departamento": 31030000.0, "codigo_disciplina": 3103005, "horas": 30.0}, {"semestre": 8.0, "pos_requisitos": [], "disciplina": "Direitos Humanos e Educa\u00e7\u00e3o Especial", "creditos": 2.0, "tipo": "Obrigat\u00f3ria", "pre_requisitos": [3103037], "codigo_departamento": 31030000.0, "codigo_disciplina": 3103014, "horas": 30.0}, {"semestre": 8.0, "pos_requisitos": [], "disciplina": "\u00c9tica Profissional", "creditos": 2.0, "tipo": "Obrigat\u00f3ria", "pre_requisitos": [3103038], "codigo_departamento": 31030000.0, "codigo_disciplina": 3103020, "horas": 30.0}, {"semestre": 8.0, "pos_requisitos": [], "disciplina": "Gest\u00e3o Estrategica", "creditos": 4.0, "tipo": "Obrigat\u00f3ria", "pre_requisitos": [3103026, 3103010, 3103006], "codigo_departamento": 31030000.0, "codigo_disciplina": 3103025, "horas": 60.0}, {"semestre": 8.0, "pos_requisitos": [3103024, 3103039], "disciplina": "Pesquisa Aplicada", "creditos": 2.0, "tipo": "Obrigat\u00f3ria", "pre_requisitos": [3103030, 3103038], "codigo_departamento": 31030000.0, "codigo_disciplina": 3103034, "horas": 30.0}, {"semestre": 9.0, "pos_requisitos": [], "disciplina": "Gest\u00e3o Atuarial", "creditos": 4.0, "tipo": "Obrigat\u00f3ria", "pre_requisitos": [3103010, 3103006, 3103034], "codigo_departamento": 31030000.0, "codigo_disciplina": 3103024, "horas": 60.0}, {"semestre": 9.0, "pos_requisitos": [], "disciplina": "Pericia Contabil", "creditos": 4.0, "tipo": "Obrigat\u00f3ria", "pre_requisitos": [3103002], "codigo_departamento": 31030000.0, "codigo_disciplina": 3103033, "horas": 60.0}, {"semestre": 9.0, "pos_requisitos": [], "disciplina": "Trabalho de Conclus\u00e3o de Curso", "creditos": 4.0, "tipo": "Obrigat\u00f3ria", "pre_requisitos": [3103034], "codigo_departamento": 31030000.0, "codigo_disciplina": 3103039, "horas": 60.0}]