[{"semestre": 1.0, "pos_requisitos": [5101035], "disciplina": "Biologia Celular", "creditos": 4.0, "tipo": "Obrigat\u00f3ria", "pre_requisitos": [], "codigo_departamento": 51010000.0, "codigo_disciplina": 5101001, "horas": 60.0}, {"semestre": 1.0, "pos_requisitos": [5101038], "disciplina": "Fundamentos de Qu\u00edmica", "creditos": 4.0, "tipo": "Complementar", "pre_requisitos": [], "codigo_departamento": 51010000.0, "codigo_disciplina": 5101005, "horas": 60.0}, {"semestre": 1.0, "pos_requisitos": [5101037], "disciplina": "Zoologia dos Invertebrados I", "creditos": 4.0, "tipo": "Obrigat\u00f3ria", "pre_requisitos": [], "codigo_departamento": 51010000.0, "codigo_disciplina": 5101003, "horas": 60.0}, {"semestre": 1.0, "pos_requisitos": [], "disciplina": "Botanica Criptogamica", "creditos": 4.0, "tipo": "Obrigat\u00f3ria", "pre_requisitos": [], "codigo_departamento": 51010000.0, "codigo_disciplina": 5101004, "horas": 60.0}, {"semestre": 1.0, "pos_requisitos": [], "disciplina": "Pr\u00e1tica em Ensino de C. Biologicas I", "creditos": 4.0, "tipo": "Obrigat\u00f3ria", "pre_requisitos": [], "codigo_departamento": 51010000.0, "codigo_disciplina": 5101002, "horas": 60.0}, {"semestre": 2.0, "pos_requisitos": [5101043, 5101085], "disciplina": "Morfologia e Anatomia Vegetal", "creditos": 4.0, "tipo": "Obrigat\u00f3ria", "pre_requisitos": [], "codigo_departamento": 51010000.0, "codigo_disciplina": 5101036, "horas": 60.0}, {"semestre": 2.0, "pos_requisitos": [5101044], "disciplina": "Zoologia dos Invertebrados II", "creditos": 4.0, "tipo": "Obrigat\u00f3ria", "pre_requisitos": [5101003], "codigo_departamento": 51010000.0, "codigo_disciplina": 5101037, "horas": 60.0}, {"semestre": 2.0, "pos_requisitos": [], "disciplina": "Embriologia e Histologia", "creditos": 4.0, "tipo": "Obrigat\u00f3ria", "pre_requisitos": [5101001], "codigo_departamento": 51010000.0, "codigo_disciplina": 5101035, "horas": 60.0}, {"semestre": 2.0, "pos_requisitos": [], "disciplina": "Bioqu\u00edmica Geral", "creditos": 4.0, "tipo": "Obrigat\u00f3ria", "pre_requisitos": [5101005], "codigo_departamento": 51010000.0, "codigo_disciplina": 5101038, "horas": 60.0}, {"semestre": 2.0, "pos_requisitos": [5101047], "disciplina": "Pr\u00e1tica em Ensino de C. Biologicas II", "creditos": 4.0, "tipo": "Obrigat\u00f3ria", "pre_requisitos": [], "codigo_departamento": 51010000.0, "codigo_disciplina": 5101040, "horas": 60.0}, {"semestre": 3.0, "pos_requisitos": [], "disciplina": "L\u00edngua Portuguesa", "creditos": 4.0, "tipo": "Complementar", "pre_requisitos": [], "codigo_departamento": 51010000.0, "codigo_disciplina": 5101006, "horas": 60.0}, {"semestre": 3.0, "pos_requisitos": [5101087], "disciplina": "Anatomia Humana Basica", "creditos": 4.0, "tipo": "Obrigat\u00f3ria", "pre_requisitos": [], "codigo_departamento": 51010000.0, "codigo_disciplina": 5101042, "horas": 60.0}, {"semestre": 3.0, "pos_requisitos": [], "disciplina": "Sistem\u00e1tica de Faner\u00f3gamas", "creditos": 4.0, "tipo": "Obrigat\u00f3ria", "pre_requisitos": [5101036], "codigo_departamento": 51010000.0, "codigo_disciplina": 5101043, "horas": 60.0}, {"semestre": 3.0, "pos_requisitos": [5101086], "disciplina": "Zoologia dos Cordados I", "creditos": 4.0, "tipo": "Obrigat\u00f3ria", "pre_requisitos": [5101037], "codigo_departamento": 51010000.0, "codigo_disciplina": 5101044, "horas": 60.0}, {"semestre": 3.0, "pos_requisitos": [5101088], "disciplina": "Pr\u00e1tica em Ensino de C. Biologicas III", "creditos": 4.0, "tipo": "Obrigat\u00f3ria", "pre_requisitos": [5101040], "codigo_departamento": 51010000.0, "codigo_disciplina": 5101047, "horas": 60.0}, {"semestre": 4.0, "pos_requisitos": [], "disciplina": "Fisiologia Vegetal", "creditos": 4.0, "tipo": "Obrigat\u00f3ria", "pre_requisitos": [5101036], "codigo_departamento": 51010000.0, "codigo_disciplina": 5101085, "horas": 60.0}, {"semestre": 4.0, "pos_requisitos": [], "disciplina": "Zoologia dos Cordados II", "creditos": 4.0, "tipo": "Obrigat\u00f3ria", "pre_requisitos": [5101044], "codigo_departamento": 51010000.0, "codigo_disciplina": 5101086, "horas": 60.0}, {"semestre": 4.0, "pos_requisitos": [], "disciplina": "Fisiologia Animal Comparada", "creditos": 4.0, "tipo": "Obrigat\u00f3ria", "pre_requisitos": [5101042], "codigo_departamento": 51010000.0, "codigo_disciplina": 5101087, "horas": 60.0}, {"semestre": 4.0, "pos_requisitos": [], "disciplina": "Pr\u00e1tica em Ensino de C. Biologicas IV", "creditos": 4.0, "tipo": "Obrigat\u00f3ria", "pre_requisitos": [5101047], "codigo_departamento": 51010000.0, "codigo_disciplina": 5101088, "horas": 60.0}, {"semestre": 4.0, "pos_requisitos": [5101046], "disciplina": "Matem\u00e1tica B\u00e1sica", "creditos": 4.0, "tipo": "Complementar", "pre_requisitos": [], "codigo_departamento": 51010000.0, "codigo_disciplina": 5101039, "horas": 60.0}, {"semestre": 5.0, "pos_requisitos": [5101100, 5101131], "disciplina": "Ecologia Geral", "creditos": 4.0, "tipo": "Obrigat\u00f3ria", "pre_requisitos": [], "codigo_departamento": 51010000.0, "codigo_disciplina": 5101084, "horas": 60.0}, {"semestre": 5.0, "pos_requisitos": [], "disciplina": "Microbiologia", "creditos": 4.0, "tipo": "Obrigat\u00f3ria", "pre_requisitos": [], "codigo_departamento": 51010000.0, "codigo_disciplina": 5101102, "horas": 60.0}, {"semestre": 5.0, "pos_requisitos": [], "disciplina": "Instrumentacao no Ensino de C Biologicas", "creditos": 4.0, "tipo": "Obrigat\u00f3ria", "pre_requisitos": [], "codigo_departamento": 51010000.0, "codigo_disciplina": 5101103, "horas": 60.0}, {"semestre": 5.0, "pos_requisitos": [], "disciplina": "Filosofia e Sociologia da Educa\u00e7\u00e3o", "creditos": 4.0, "tipo": "Obrigat\u00f3ria", "pre_requisitos": [], "codigo_departamento": 51010000.0, "codigo_disciplina": 5101041, "horas": 60.0}, {"semestre": 5.0, "pos_requisitos": [], "disciplina": "Bioestatistica", "creditos": 4.0, "tipo": "Complementar", "pre_requisitos": [5101039], "codigo_departamento": 51010000.0, "codigo_disciplina": 5101046, "horas": 60.0}, {"semestre": 6.0, "pos_requisitos": [], "disciplina": "Ecologia de Ecossistemas Aquaticos", "creditos": 4.0, "tipo": "Obrigat\u00f3ria", "pre_requisitos": [5101084], "codigo_departamento": 51010000.0, "codigo_disciplina": 5101100, "horas": 60.0}, {"semestre": 6.0, "pos_requisitos": [5101132], "disciplina": "Gen\u00e9tica Geral", "creditos": 4.0, "tipo": "Obrigat\u00f3ria", "pre_requisitos": [], "codigo_departamento": 51010000.0, "codigo_disciplina": 5101101, "horas": 60.0}, {"semestre": 6.0, "pos_requisitos": [], "disciplina": "Recursos Tec para o Ens de C Biologicas", "creditos": 3.0, "tipo": "Obrigat\u00f3ria", "pre_requisitos": [], "codigo_departamento": 51010000.0, "codigo_disciplina": 5101134, "horas": 45.0}, {"semestre": 6.0, "pos_requisitos": [5101054, 5101052], "disciplina": "Psicologia e Educa\u00e7\u00e3o", "creditos": 4.0, "tipo": "Obrigat\u00f3ria", "pre_requisitos": [], "codigo_departamento": 51010000.0, "codigo_disciplina": 5101016, "horas": 60.0}, {"semestre": 6.0, "pos_requisitos": [], "disciplina": "F\u00edsica e Biof\u00edsica", "creditos": 4.0, "tipo": "Complementar", "pre_requisitos": [], "codigo_departamento": 51010000.0, "codigo_disciplina": 5101045, "horas": 60.0}, {"semestre": 7.0, "pos_requisitos": [], "disciplina": "Ecologia de Ecossistemas Terrestres", "creditos": 4.0, "tipo": "Obrigat\u00f3ria", "pre_requisitos": [5101084], "codigo_departamento": 51010000.0, "codigo_disciplina": 5101131, "horas": 60.0}, {"semestre": 7.0, "pos_requisitos": [], "disciplina": "Gen\u00e9tica de Populacoes e Evolucao", "creditos": 4.0, "tipo": "Obrigat\u00f3ria", "pre_requisitos": [5101101], "codigo_departamento": 51010000.0, "codigo_disciplina": 5101132, "horas": 60.0}, {"semestre": 7.0, "pos_requisitos": [5101146], "disciplina": "Geologia", "creditos": 4.0, "tipo": "Obrigat\u00f3ria", "pre_requisitos": [], "codigo_departamento": 51010000.0, "codigo_disciplina": 5101133, "horas": 60.0}, {"semestre": 7.0, "pos_requisitos": [], "disciplina": "Met. Cient\u00edfica para o Ens. da Biologia", "creditos": 4.0, "tipo": "Obrigat\u00f3ria", "pre_requisitos": [], "codigo_departamento": 51010000.0, "codigo_disciplina": 5101147, "horas": 60.0}, {"semestre": 8.0, "pos_requisitos": [5101145], "disciplina": "Est\u00e1gio Superv em Ensino de Biologia I", "creditos": 6.0, "tipo": "Obrigat\u00f3ria", "pre_requisitos": [], "codigo_departamento": 51010000.0, "codigo_disciplina": 5101135, "horas": 90.0}, {"semestre": 8.0, "pos_requisitos": [], "disciplina": "Paleontologia", "creditos": 4.0, "tipo": "Obrigat\u00f3ria", "pre_requisitos": [5101133], "codigo_departamento": 51010000.0, "codigo_disciplina": 5101146, "horas": 60.0}, {"semestre": 8.0, "pos_requisitos": [], "disciplina": "Legisla\u00e7\u00e3o da Educa\u00e7\u00e3o B\u00e1sica", "creditos": 3.0, "tipo": "Obrigat\u00f3ria", "pre_requisitos": [], "codigo_departamento": 51010000.0, "codigo_disciplina": 5101033, "horas": 45.0}, {"semestre": 8.0, "pos_requisitos": [], "disciplina": "Planejamento em Educa\u00e7\u00e3o", "creditos": 3.0, "tipo": "Obrigat\u00f3ria", "pre_requisitos": [5101016], "codigo_departamento": 51010000.0, "codigo_disciplina": 5101054, "horas": 45.0}, {"semestre": 9.0, "pos_requisitos": [5101165], "disciplina": "Est\u00e1gio Superv em Ensino de Biologia II", "creditos": 10.0, "tipo": "Obrigat\u00f3ria", "pre_requisitos": [5101135], "codigo_departamento": 51010000.0, "codigo_disciplina": 5101145, "horas": 150.0}, {"semestre": 9.0, "pos_requisitos": [], "disciplina": "Trabalho de Conclus\u00e3o de Curso", "creditos": 2.0, "tipo": "Obrigat\u00f3ria", "pre_requisitos": [], "codigo_departamento": 51010000.0, "codigo_disciplina": 5101164, "horas": 30.0}, {"semestre": 9.0, "pos_requisitos": [], "disciplina": "Avalia\u00e7\u00e3o e Aprendizagem", "creditos": 3.0, "tipo": "Obrigat\u00f3ria", "pre_requisitos": [5101016], "codigo_departamento": 51010000.0, "codigo_disciplina": 5101052, "horas": 45.0}, {"semestre": 10.0, "pos_requisitos": [], "disciplina": "Atividades Complementares Flex\u00edveis", "creditos": 14.0, "tipo": "Complementar", "pre_requisitos": [], "codigo_departamento": 51010000.0, "codigo_disciplina": 5101166, "horas": 210.0}, {"semestre": 10.0, "pos_requisitos": [], "disciplina": "L\u00edngua Brasileira de Sinais", "creditos": 4.0, "tipo": "Obrigat\u00f3ria", "pre_requisitos": [], "codigo_departamento": 51010000.0, "codigo_disciplina": 5101148, "horas": 60.0}, {"semestre": 10.0, "pos_requisitos": [], "disciplina": "Est\u00e1gio Superv em Ensino de Biologia III", "creditos": 11.0, "tipo": "Obrigat\u00f3ria", "pre_requisitos": [5101145], "codigo_departamento": 51010000.0, "codigo_disciplina": 5101165, "horas": 165.0}]