[{"semestre": 1.0, "pos_requisitos": [], "disciplina": "Introdu\u00e7\u00e3o \u00c0s Ci\u00eancias Sociais", "creditos": 4.0, "tipo": "Obrigat\u00f3ria", "pre_requisitos": [], "codigo_departamento": 13050000.0, "codigo_disciplina": 1305125, "horas": 60.0}, {"semestre": 1.0, "pos_requisitos": [], "disciplina": "Portugues Instrumental", "creditos": 4.0, "tipo": "Obrigat\u00f3ria", "pre_requisitos": [], "codigo_departamento": 13070000.0, "codigo_disciplina": 1307186, "horas": 60.0}, {"semestre": 1.0, "pos_requisitos": [], "disciplina": "Formacao Economica Geral", "creditos": 4.0, "tipo": "Obrigat\u00f3ria", "pre_requisitos": [], "codigo_departamento": 13060000.0, "codigo_disciplina": 1306087, "horas": 60.0}, {"semestre": 1.0, "pos_requisitos": [], "disciplina": "Introdu\u00e7\u00e3o \u00e0 Economia", "creditos": 4.0, "tipo": "Obrigat\u00f3ria", "pre_requisitos": [], "codigo_departamento": 13030000.0, "codigo_disciplina": 1303028, "horas": 60.0}, {"semestre": 1.0, "pos_requisitos": [1114181, 1109045], "disciplina": "M\u00e9todos Quantitativos I", "creditos": 4.0, "tipo": "Obrigat\u00f3ria", "pre_requisitos": [], "codigo_departamento": 11090000.0, "codigo_disciplina": 1109044, "horas": 60.0}, {"semestre": 2.0, "pos_requisitos": [1303096], "disciplina": "Economia Classica", "creditos": 4.0, "tipo": "Obrigat\u00f3ria", "pre_requisitos": [], "codigo_departamento": 13030000.0, "codigo_disciplina": 1303053, "horas": 60.0}, {"semestre": 2.0, "pos_requisitos": [1303101], "disciplina": "M\u00e9todos Quantitativos II", "creditos": 4.0, "tipo": "Obrigat\u00f3ria", "pre_requisitos": [1109044], "codigo_departamento": 11090000.0, "codigo_disciplina": 1109045, "horas": 60.0}, {"semestre": 2.0, "pos_requisitos": [1303094], "disciplina": "Sistemas Economicos", "creditos": 4.0, "tipo": "Obrigat\u00f3ria", "pre_requisitos": [], "codigo_departamento": 13030000.0, "codigo_disciplina": 1303100, "horas": 60.0}, {"semestre": 2.0, "pos_requisitos": [1114182], "disciplina": "Estatistica", "creditos": 4.0, "tipo": "Obrigat\u00f3ria", "pre_requisitos": [1109044], "codigo_departamento": 11140000.0, "codigo_disciplina": 1114181, "horas": 60.0}, {"semestre": 2.0, "pos_requisitos": [1303039], "disciplina": "Contabilidade Social", "creditos": 4.0, "tipo": "Obrigat\u00f3ria", "pre_requisitos": [], "codigo_departamento": 13030000.0, "codigo_disciplina": 1303038, "horas": 60.0}, {"semestre": 3.0, "pos_requisitos": [1303097], "disciplina": "Economia Marxista I", "creditos": 4.0, "tipo": "Obrigat\u00f3ria", "pre_requisitos": [1303053], "codigo_departamento": 13030000.0, "codigo_disciplina": 1303096, "horas": 60.0}, {"semestre": 3.0, "pos_requisitos": [1303102], "disciplina": "Teoria Microeconomica I", "creditos": 4.0, "tipo": "Obrigat\u00f3ria", "pre_requisitos": [1109045], "codigo_departamento": 13030000.0, "codigo_disciplina": 1303101, "horas": 60.0}, {"semestre": 3.0, "pos_requisitos": [1303093], "disciplina": "Estatistica Economica", "creditos": 4.0, "tipo": "Obrigat\u00f3ria", "pre_requisitos": [1114181], "codigo_departamento": 11140000.0, "codigo_disciplina": 1114182, "horas": 60.0}, {"semestre": 3.0, "pos_requisitos": [1306086], "disciplina": "Formacao Economica do Brasil I", "creditos": 4.0, "tipo": "Obrigat\u00f3ria", "pre_requisitos": [], "codigo_departamento": 13060000.0, "codigo_disciplina": 1306085, "horas": 60.0}, {"semestre": 3.0, "pos_requisitos": [1303040, 1303094, 1303044], "disciplina": "Teoria Macroeconomica I", "creditos": 4.0, "tipo": "Obrigat\u00f3ria", "pre_requisitos": [1303038], "codigo_departamento": 13030000.0, "codigo_disciplina": 1303039, "horas": 60.0}, {"semestre": 4.0, "pos_requisitos": [1303041], "disciplina": "Teoria Macroeconomica II", "creditos": 4.0, "tipo": "Obrigat\u00f3ria", "pre_requisitos": [1303039], "codigo_departamento": 13030000.0, "codigo_disciplina": 1303040, "horas": 60.0}, {"semestre": 4.0, "pos_requisitos": [1303071], "disciplina": "Economia Marxista II", "creditos": 4.0, "tipo": "Obrigat\u00f3ria", "pre_requisitos": [1303096], "codigo_departamento": 13030000.0, "codigo_disciplina": 1303097, "horas": 60.0}, {"semestre": 4.0, "pos_requisitos": [1303103], "disciplina": "Teoria Microeconomica II", "creditos": 4.0, "tipo": "Obrigat\u00f3ria", "pre_requisitos": [1303101], "codigo_departamento": 13030000.0, "codigo_disciplina": 1303102, "horas": 60.0}, {"semestre": 4.0, "pos_requisitos": [], "disciplina": "Econometria I", "creditos": 4.0, "tipo": "Obrigat\u00f3ria", "pre_requisitos": [1114182], "codigo_departamento": 13030000.0, "codigo_disciplina": 1303093, "horas": 60.0}, {"semestre": 4.0, "pos_requisitos": [], "disciplina": "Formacao Economica do Brasil II", "creditos": 4.0, "tipo": "Obrigat\u00f3ria", "pre_requisitos": [1306085], "codigo_departamento": 13060000.0, "codigo_disciplina": 1306086, "horas": 60.0}, {"semestre": 5.0, "pos_requisitos": [1303043], "disciplina": "Teoria Macroeconomica III", "creditos": 4.0, "tipo": "Obrigat\u00f3ria", "pre_requisitos": [1303040], "codigo_departamento": 13030000.0, "codigo_disciplina": 1303041, "horas": 60.0}, {"semestre": 5.0, "pos_requisitos": [1303046], "disciplina": "Desenvolvimento Socio - Economico I", "creditos": 4.0, "tipo": "Obrigat\u00f3ria", "pre_requisitos": [], "codigo_departamento": 13030000.0, "codigo_disciplina": 1303045, "horas": 60.0}, {"semestre": 5.0, "pos_requisitos": [1303095], "disciplina": "Economia Internacional I", "creditos": 4.0, "tipo": "Obrigat\u00f3ria", "pre_requisitos": [1303039, 1303100], "codigo_departamento": 13030000.0, "codigo_disciplina": 1303094, "horas": 60.0}, {"semestre": 5.0, "pos_requisitos": [1303076], "disciplina": "Contabilidade e An\u00e1lise de Balan\u00e7o", "creditos": 4.0, "tipo": "Obrigat\u00f3ria", "pre_requisitos": [], "codigo_departamento": 13010000.0, "codigo_disciplina": 1301113, "horas": 60.0}, {"semestre": 5.0, "pos_requisitos": [1303052, 1303076], "disciplina": "Teoria Microeconomica III", "creditos": 4.0, "tipo": "Obrigat\u00f3ria", "pre_requisitos": [1303102], "codigo_departamento": 13030000.0, "codigo_disciplina": 1303103, "horas": 60.0}, {"semestre": 6.0, "pos_requisitos": [], "disciplina": "Economia do Setor P\u00fablico", "creditos": 4.0, "tipo": "Obrigat\u00f3ria", "pre_requisitos": [1303041], "codigo_departamento": 13030000.0, "codigo_disciplina": 1303043, "horas": 60.0}, {"semestre": 6.0, "pos_requisitos": [], "disciplina": "Economia Monetaria", "creditos": 4.0, "tipo": "Obrigat\u00f3ria", "pre_requisitos": [1303039], "codigo_departamento": 13030000.0, "codigo_disciplina": 1303044, "horas": 60.0}, {"semestre": 6.0, "pos_requisitos": [], "disciplina": "Desenvolvimento Socio - Economico II", "creditos": 4.0, "tipo": "Obrigat\u00f3ria", "pre_requisitos": [1303045], "codigo_departamento": 13030000.0, "codigo_disciplina": 1303046, "horas": 60.0}, {"semestre": 6.0, "pos_requisitos": [1303048], "disciplina": "Economia Brasileira Contemporanea I", "creditos": 4.0, "tipo": "Obrigat\u00f3ria", "pre_requisitos": [], "codigo_departamento": 13030000.0, "codigo_disciplina": 1303047, "horas": 60.0}, {"semestre": 6.0, "pos_requisitos": [], "disciplina": "Economia Internacional II", "creditos": 4.0, "tipo": "Obrigat\u00f3ria", "pre_requisitos": [1303094], "codigo_departamento": 13030000.0, "codigo_disciplina": 1303095, "horas": 60.0}, {"semestre": 7.0, "pos_requisitos": [], "disciplina": "Economia Brasileira Contemporanea II", "creditos": 4.0, "tipo": "Obrigat\u00f3ria", "pre_requisitos": [1303047], "codigo_departamento": 13030000.0, "codigo_disciplina": 1303048, "horas": 60.0}, {"semestre": 7.0, "pos_requisitos": [], "disciplina": "Economia Industrial", "creditos": 4.0, "tipo": "Obrigat\u00f3ria", "pre_requisitos": [1303103], "codigo_departamento": 13030000.0, "codigo_disciplina": 1303052, "horas": 60.0}, {"semestre": 7.0, "pos_requisitos": [], "disciplina": "Hist\u00f3ria do Pensamento Econ\u00f4mico", "creditos": 4.0, "tipo": "Obrigat\u00f3ria", "pre_requisitos": [1303097], "codigo_departamento": 13030000.0, "codigo_disciplina": 1303071, "horas": 60.0}, {"semestre": 7.0, "pos_requisitos": [], "disciplina": "Agricultura e Desenvolvimento Economico", "creditos": 4.0, "tipo": "Obrigat\u00f3ria", "pre_requisitos": [], "codigo_departamento": 13030000.0, "codigo_disciplina": 1303092, "horas": 60.0}, {"semestre": 7.0, "pos_requisitos": [], "disciplina": "M\u00e9todos e T\u00e9cnicas de Pesq. em Economia", "creditos": 4.0, "tipo": "Obrigat\u00f3ria", "pre_requisitos": [], "codigo_departamento": 13030000.0, "codigo_disciplina": 1303098, "horas": 60.0}, {"semestre": 8.0, "pos_requisitos": [], "disciplina": "Economia do Nordeste", "creditos": 4.0, "tipo": "Obrigat\u00f3ria", "pre_requisitos": [], "codigo_departamento": 13030000.0, "codigo_disciplina": 1303058, "horas": 60.0}, {"semestre": 8.0, "pos_requisitos": [], "disciplina": "Elabora\u00e7\u00e3o e An\u00e1lise de Projetos", "creditos": 4.0, "tipo": "Obrigat\u00f3ria", "pre_requisitos": [1303103, 1301113], "codigo_departamento": 13030000.0, "codigo_disciplina": 1303076, "horas": 60.0}, {"semestre": 8.0, "pos_requisitos": [1303113], "disciplina": "Projeto de Monografia", "creditos": 8.0, "tipo": "Obrigat\u00f3ria", "pre_requisitos": [], "codigo_departamento": 13030000.0, "codigo_disciplina": 1303099, "horas": 120.0}, {"semestre": 8.0, "pos_requisitos": [], "disciplina": "Atividades Complementares Flex\u00edveis", "creditos": 4.0, "tipo": "Complementar", "pre_requisitos": [], "codigo_departamento": 13030000.0, "codigo_disciplina": 1303112, "horas": 60.0}, {"semestre": 9.0, "pos_requisitos": [], "disciplina": "Monografia", "creditos": 8.0, "tipo": "Obrigat\u00f3ria", "pre_requisitos": [1303099], "codigo_departamento": 13030000.0, "codigo_disciplina": 1303113, "horas": 120.0}]