[{"semestre": null, "pos_requisitos": [], "disciplina": "Semin\u00e1rios (Educa\u00e7\u00e3o Ambiental)", "creditos": null, "tipo": "Complementar", "pre_requisitos": [], "codigo_departamento": 14110000.0, "codigo_disciplina": 1411238, "horas": null}, {"semestre": null, "pos_requisitos": [], "disciplina": "Semin\u00e1rios (Educa\u00e7\u00e3o Especial)", "creditos": null, "tipo": "Complementar", "pre_requisitos": [], "codigo_departamento": 14110000.0, "codigo_disciplina": 1411239, "horas": null}, {"semestre": null, "pos_requisitos": [], "disciplina": "Semin\u00e1rios (Direitos Humanos)", "creditos": null, "tipo": "Complementar", "pre_requisitos": [], "codigo_departamento": 14110000.0, "codigo_disciplina": 1411240, "horas": null}, {"semestre": null, "pos_requisitos": [], "disciplina": "Tecc (Teoria das Filas e Sim Digital)", "creditos": null, "tipo": "Complementar", "pre_requisitos": [], "codigo_departamento": 14110000.0, "codigo_disciplina": 1411158, "horas": null}, {"semestre": 1.0, "pos_requisitos": [], "disciplina": "Leitura e Produ\u00e7\u00e3o de Textos", "creditos": 4.0, "tipo": "Obrigat\u00f3ria", "pre_requisitos": [], "codigo_departamento": 13070000.0, "codigo_disciplina": 1307151, "horas": 60.0}, {"semestre": 1.0, "pos_requisitos": [1109053, 1108089], "disciplina": "C\u00e1lculo Diferencial e Integral I", "creditos": 4.0, "tipo": "Obrigat\u00f3ria", "pre_requisitos": [], "codigo_departamento": 11090000.0, "codigo_disciplina": 1109103, "horas": 60.0}, {"semestre": 1.0, "pos_requisitos": [1108089, 1109049], "disciplina": "\u00c1lgebra Vetorial e Geometria Anal\u00edtica", "creditos": 4.0, "tipo": "Obrigat\u00f3ria", "pre_requisitos": [], "codigo_departamento": 11090000.0, "codigo_disciplina": 1109035, "horas": 60.0}, {"semestre": 1.0, "pos_requisitos": [1411181, 1411168, 1411170, 1411179], "disciplina": "Programa\u00e7\u00e3o I", "creditos": 4.0, "tipo": "Obrigat\u00f3ria", "pre_requisitos": [], "codigo_departamento": 14110000.0, "codigo_disciplina": 1411167, "horas": 60.0}, {"semestre": 1.0, "pos_requisitos": [1411181, 1411168, 1411179, 1411171], "disciplina": "Introdu\u00e7\u00e3o \u00e0 Computa\u00e7\u00e3o", "creditos": 4.0, "tipo": "Obrigat\u00f3ria", "pre_requisitos": [], "codigo_departamento": 14110000.0, "codigo_disciplina": 1411174, "horas": 60.0}, {"semestre": 1.0, "pos_requisitos": [1411181, 1411168, 1411170, 1411179], "disciplina": "Laborat\u00f3rio de Programa\u00e7\u00e3o I", "creditos": 4.0, "tipo": "Obrigat\u00f3ria", "pre_requisitos": [], "codigo_departamento": 14110000.0, "codigo_disciplina": 1411180, "horas": 60.0}, {"semestre": 2.0, "pos_requisitos": [1411185], "disciplina": "M\u00e9todologia Cient\u00edfica", "creditos": 4.0, "tipo": "Complementar", "pre_requisitos": [], "codigo_departamento": 13050000.0, "codigo_disciplina": 1305218, "horas": 60.0}, {"semestre": 2.0, "pos_requisitos": [1108090], "disciplina": "Fundamentos de F\u00edsica Cl\u00e1ssica", "creditos": 4.0, "tipo": "Obrigat\u00f3ria", "pre_requisitos": [1109103, 1109035], "codigo_departamento": 11080000.0, "codigo_disciplina": 1108089, "horas": 60.0}, {"semestre": 2.0, "pos_requisitos": [1108090, 1114107, 1411187], "disciplina": "C\u00e1lculo Diferencial e Integral II", "creditos": 4.0, "tipo": "Obrigat\u00f3ria", "pre_requisitos": [1109103], "codigo_departamento": 11090000.0, "codigo_disciplina": 1109053, "horas": 60.0}, {"semestre": 2.0, "pos_requisitos": [1411171], "disciplina": "Matem\u00e1tica Discreta", "creditos": 4.0, "tipo": "Obrigat\u00f3ria", "pre_requisitos": [], "codigo_departamento": 11090000.0, "codigo_disciplina": 1109113, "horas": 60.0}, {"semestre": 2.0, "pos_requisitos": [1411172, 1411177], "disciplina": "Programa\u00e7\u00e3o II", "creditos": 4.0, "tipo": "Obrigat\u00f3ria", "pre_requisitos": [1411167, 1411180, 1411174], "codigo_departamento": 14110000.0, "codigo_disciplina": 1411168, "horas": 60.0}, {"semestre": 2.0, "pos_requisitos": [1411172, 1411171], "disciplina": "Teoria dos Grafos", "creditos": 2.0, "tipo": "Obrigat\u00f3ria", "pre_requisitos": [1411167, 1411180], "codigo_departamento": 14110000.0, "codigo_disciplina": 1411170, "horas": 30.0}, {"semestre": 2.0, "pos_requisitos": [1411172, 1411177], "disciplina": "Laborat\u00f3rio de Programa\u00e7\u00e3o II", "creditos": 4.0, "tipo": "Obrigat\u00f3ria", "pre_requisitos": [1411167, 1411180, 1411174], "codigo_departamento": 14110000.0, "codigo_disciplina": 1411181, "horas": 60.0}, {"semestre": 3.0, "pos_requisitos": [1114114, 1411188], "disciplina": "\u00c1lgebra Linear I", "creditos": 4.0, "tipo": "Obrigat\u00f3ria", "pre_requisitos": [1109035], "codigo_departamento": 11090000.0, "codigo_disciplina": 1109049, "horas": 60.0}, {"semestre": 3.0, "pos_requisitos": [1411182, 1411175], "disciplina": "Fundamentos de F\u00edsica Moderna", "creditos": 4.0, "tipo": "Obrigat\u00f3ria", "pre_requisitos": [1109053, 1108089], "codigo_departamento": 11080000.0, "codigo_disciplina": 1108090, "horas": 60.0}, {"semestre": 3.0, "pos_requisitos": [1411173, 1411169], "disciplina": "Teoria da Computa\u00e7\u00e3o", "creditos": 4.0, "tipo": "Obrigat\u00f3ria", "pre_requisitos": [1411170, 1411174, 1109113], "codigo_departamento": 14110000.0, "codigo_disciplina": 1411171, "horas": 60.0}, {"semestre": 3.0, "pos_requisitos": [1411182, 1411175, 1411169, 1411187], "disciplina": "Estrutura de Dados e Algoritmos", "creditos": 4.0, "tipo": "Obrigat\u00f3ria", "pre_requisitos": [1411170, 1411168, 1411181], "codigo_departamento": 14110000.0, "codigo_disciplina": 1411172, "horas": 60.0}, {"semestre": 3.0, "pos_requisitos": [1411178], "disciplina": "Ger\u00eancia da Informa\u00e7\u00e3o", "creditos": 4.0, "tipo": "Obrigat\u00f3ria", "pre_requisitos": [], "codigo_departamento": 14110000.0, "codigo_disciplina": 1411176, "horas": 60.0}, {"semestre": 3.0, "pos_requisitos": [1411182, 1411175, 1411169, 1411187], "disciplina": "Lab. de Estrutura de Dados e Algoritmos", "creditos": 4.0, "tipo": "Obrigat\u00f3ria", "pre_requisitos": [1411167, 1411180, 1411174], "codigo_departamento": 14110000.0, "codigo_disciplina": 1411179, "horas": 60.0}, {"semestre": 3.0, "pos_requisitos": [1411177, 1114114, 1411197], "disciplina": "Probabilidade e Estatistica", "creditos": 4.0, "tipo": "Obrigat\u00f3ria", "pre_requisitos": [1109053], "codigo_departamento": 11140000.0, "codigo_disciplina": 1114107, "horas": 60.0}, {"semestre": 4.0, "pos_requisitos": [1411196], "disciplina": "M\u00e9todos Estatisticos", "creditos": 4.0, "tipo": "Obrigat\u00f3ria", "pre_requisitos": [1114107, 1109049], "codigo_departamento": 11140000.0, "codigo_disciplina": 1114114, "horas": 60.0}, {"semestre": 4.0, "pos_requisitos": [1411189, 1411196], "disciplina": "Paradigmas de Ling. de Programa\u00e7\u00e3o", "creditos": 4.0, "tipo": "Obrigat\u00f3ria", "pre_requisitos": [1411172, 1411179, 1411171], "codigo_departamento": 14110000.0, "codigo_disciplina": 1411169, "horas": 60.0}, {"semestre": 4.0, "pos_requisitos": [1411187], "disciplina": "L\u00f3gica Matem\u00e1tica", "creditos": 4.0, "tipo": "Obrigat\u00f3ria", "pre_requisitos": [1411171], "codigo_departamento": 14110000.0, "codigo_disciplina": 1411173, "horas": 60.0}, {"semestre": 4.0, "pos_requisitos": [1411189, 1411190, 1411192], "disciplina": "Org. e Arquitetura de Computadores I", "creditos": 4.0, "tipo": "Obrigat\u00f3ria", "pre_requisitos": [1411172, 1411179, 1108090], "codigo_departamento": 14110000.0, "codigo_disciplina": 1411175, "horas": 60.0}, {"semestre": 4.0, "pos_requisitos": [1411183, 1411185], "disciplina": "Engenharia de Software I", "creditos": 4.0, "tipo": "Obrigat\u00f3ria", "pre_requisitos": [1411168, 1411181, 1114107], "codigo_departamento": 14110000.0, "codigo_disciplina": 1411177, "horas": 60.0}, {"semestre": 4.0, "pos_requisitos": [1411193, 1411195], "disciplina": "Sistemas de Informa\u00e7\u00e3o I", "creditos": 4.0, "tipo": "Obrigat\u00f3ria", "pre_requisitos": [1411176], "codigo_departamento": 14110000.0, "codigo_disciplina": 1411178, "horas": 60.0}, {"semestre": 4.0, "pos_requisitos": [1411189, 1411190, 1411192], "disciplina": "Lab. de Org. e Arquitetura de Computadores", "creditos": 4.0, "tipo": "Obrigat\u00f3ria", "pre_requisitos": [1411172, 1411179, 1108090], "codigo_departamento": 14110000.0, "codigo_disciplina": 1411182, "horas": 60.0}, {"semestre": 5.0, "pos_requisitos": [], "disciplina": "Inform\u00e1tica e Sociedade", "creditos": 2.0, "tipo": "Complementar", "pre_requisitos": [], "codigo_departamento": 13050000.0, "codigo_disciplina": 1305220, "horas": 30.0}, {"semestre": 5.0, "pos_requisitos": [], "disciplina": "Laborat\u00f3rio de Engenharia de Software", "creditos": 2.0, "tipo": "Obrigat\u00f3ria", "pre_requisitos": [1411177], "codigo_departamento": 14110000.0, "codigo_disciplina": 1411183, "horas": 30.0}, {"semestre": 5.0, "pos_requisitos": [1411196, 1411188], "disciplina": "An\u00e1lise e T\u00e9cnica de Algoritmos", "creditos": 4.0, "tipo": "Complementar", "pre_requisitos": [1411172, 1411179, 1411173, 1109053], "codigo_departamento": 14110000.0, "codigo_disciplina": 1411187, "horas": 60.0}, {"semestre": 5.0, "pos_requisitos": [], "disciplina": "Compiladores", "creditos": 4.0, "tipo": "Complementar", "pre_requisitos": [1411169, 1411175, 1411182], "codigo_departamento": 14110000.0, "codigo_disciplina": 1411189, "horas": 60.0}, {"semestre": 5.0, "pos_requisitos": [1411191, 1411184], "disciplina": "Redes de Computadores", "creditos": 4.0, "tipo": "Complementar", "pre_requisitos": [1411175, 1411182], "codigo_departamento": 14110000.0, "codigo_disciplina": 1411190, "horas": 60.0}, {"semestre": 5.0, "pos_requisitos": [1411194], "disciplina": "Banco de Dados I", "creditos": 4.0, "tipo": "Complementar", "pre_requisitos": [1411178], "codigo_departamento": 14110000.0, "codigo_disciplina": 1411193, "horas": 60.0}, {"semestre": 5.0, "pos_requisitos": [1411194], "disciplina": "Sistemas de Informa\u00e7\u00e3o II", "creditos": 4.0, "tipo": "Complementar", "pre_requisitos": [1411178], "codigo_departamento": 14110000.0, "codigo_disciplina": 1411195, "horas": 60.0}, {"semestre": 6.0, "pos_requisitos": [], "disciplina": "Direito e Cidadania", "creditos": 4.0, "tipo": "Complementar", "pre_requisitos": [], "codigo_departamento": 13050000.0, "codigo_disciplina": 1305219, "horas": 60.0}, {"semestre": 6.0, "pos_requisitos": [], "disciplina": "Lab. de Intercon. de Redes de Computadores", "creditos": 2.0, "tipo": "Obrigat\u00f3ria", "pre_requisitos": [1411190], "codigo_departamento": 14110000.0, "codigo_disciplina": 1411184, "horas": 30.0}, {"semestre": 6.0, "pos_requisitos": [], "disciplina": "Interconex\u00e3o de Redes de Computadores", "creditos": 4.0, "tipo": "Complementar", "pre_requisitos": [1411190], "codigo_departamento": 14110000.0, "codigo_disciplina": 1411191, "horas": 60.0}, {"semestre": 6.0, "pos_requisitos": [], "disciplina": "Sistemas Operacionais", "creditos": 4.0, "tipo": "Complementar", "pre_requisitos": [1411175, 1411182], "codigo_departamento": 14110000.0, "codigo_disciplina": 1411192, "horas": 60.0}, {"semestre": 6.0, "pos_requisitos": [], "disciplina": "Banco de Dados II", "creditos": 4.0, "tipo": "Complementar", "pre_requisitos": [1411195, 1411193], "codigo_departamento": 14110000.0, "codigo_disciplina": 1411194, "horas": 60.0}, {"semestre": 6.0, "pos_requisitos": [], "disciplina": "Intelig\u00eancia Artificial I", "creditos": 4.0, "tipo": "Complementar", "pre_requisitos": [1411169, 1411187, 1114114], "codigo_departamento": 14110000.0, "codigo_disciplina": 1411196, "horas": 60.0}, {"semestre": 7.0, "pos_requisitos": [1411186], "disciplina": "Projeto em Computa\u00e7\u00e3o I", "creditos": 4.0, "tipo": "Obrigat\u00f3ria", "pre_requisitos": [1305218, 1411177], "codigo_departamento": 14110000.0, "codigo_disciplina": 1411185, "horas": 60.0}, {"semestre": 7.0, "pos_requisitos": [], "disciplina": "M\u00e9todos e Software Num\u00e9ricos", "creditos": 4.0, "tipo": "Complementar", "pre_requisitos": [1411187, 1109049], "codigo_departamento": 14110000.0, "codigo_disciplina": 1411188, "horas": 60.0}, {"semestre": 7.0, "pos_requisitos": [], "disciplina": "Aval. de Desempenho de Sistemas Discretos", "creditos": 4.0, "tipo": "Complementar", "pre_requisitos": [1114107], "codigo_departamento": 14110000.0, "codigo_disciplina": 1411197, "horas": 60.0}, {"semestre": 8.0, "pos_requisitos": [], "disciplina": "Projeto em Computa\u00e7\u00e3o II", "creditos": 6.0, "tipo": "Obrigat\u00f3ria", "pre_requisitos": [1411185], "codigo_departamento": 14110000.0, "codigo_disciplina": 1411186, "horas": 90.0}]