[{"semestre": 1.0, "pos_requisitos": [], "disciplina": "Arte, Est\u00e9tica e Comunica\u00e7\u00e3o", "creditos": 4.0, "tipo": "Obrigat\u00f3ria", "pre_requisitos": [], "codigo_departamento": 13020000.0, "codigo_disciplina": 1302163, "horas": 60.0}, {"semestre": 1.0, "pos_requisitos": [1302185], "disciplina": "Fundamentos da Educomunica\u00e7\u00e3o I", "creditos": 4.0, "tipo": "Obrigat\u00f3ria", "pre_requisitos": [], "codigo_departamento": 13020000.0, "codigo_disciplina": 1302164, "horas": 60.0}, {"semestre": 1.0, "pos_requisitos": [], "disciplina": "Pr\u00e1ticas Laboratoriais em Multimidia", "creditos": 4.0, "tipo": "Obrigat\u00f3ria", "pre_requisitos": [], "codigo_departamento": 13020000.0, "codigo_disciplina": 1302165, "horas": 60.0}, {"semestre": 1.0, "pos_requisitos": [1302260], "disciplina": "Comunica\u00e7\u00e3o nos Espa\u00e7os da Ed. Formal", "creditos": 4.0, "tipo": "Obrigat\u00f3ria", "pre_requisitos": [], "codigo_departamento": 13020000.0, "codigo_disciplina": 1302214, "horas": 60.0}, {"semestre": 1.0, "pos_requisitos": [1302183], "disciplina": "Interpreta\u00e7\u00e3o e Produ\u00e7\u00e3o de Textos I", "creditos": 4.0, "tipo": "Obrigat\u00f3ria", "pre_requisitos": [], "codigo_departamento": 13020000.0, "codigo_disciplina": 1302161, "horas": 60.0}, {"semestre": 1.0, "pos_requisitos": [1302184, 1302209], "disciplina": "Teorias da Comunica\u00e7\u00e3o", "creditos": 4.0, "tipo": "Obrigat\u00f3ria", "pre_requisitos": [], "codigo_departamento": 13020000.0, "codigo_disciplina": 1302162, "horas": 60.0}, {"semestre": 2.0, "pos_requisitos": [], "disciplina": "Interpreta\u00e7\u00e3o e Produ\u00e7\u00e3o de Texto II", "creditos": 4.0, "tipo": "Obrigat\u00f3ria", "pre_requisitos": [1302161], "codigo_departamento": 13020000.0, "codigo_disciplina": 1302183, "horas": 60.0}, {"semestre": 2.0, "pos_requisitos": [], "disciplina": "Sociologia da Comunica\u00e7\u00e3o", "creditos": 4.0, "tipo": "Obrigat\u00f3ria", "pre_requisitos": [1302162], "codigo_departamento": 13020000.0, "codigo_disciplina": 1302184, "horas": 60.0}, {"semestre": 2.0, "pos_requisitos": [], "disciplina": "Fundamentos da Educomunica\u00e7\u00e3o II", "creditos": 4.0, "tipo": "Obrigat\u00f3ria", "pre_requisitos": [1302164], "codigo_departamento": 13020000.0, "codigo_disciplina": 1302185, "horas": 60.0}, {"semestre": 2.0, "pos_requisitos": [1302263], "disciplina": "Fotografia, Imagem e Sociedade", "creditos": 4.0, "tipo": "Obrigat\u00f3ria", "pre_requisitos": [], "codigo_departamento": 13020000.0, "codigo_disciplina": 1302186, "horas": 60.0}, {"semestre": 2.0, "pos_requisitos": [], "disciplina": "Pr\u00e1ticas Educomunicativas em Editoracao", "creditos": 4.0, "tipo": "Obrigat\u00f3ria", "pre_requisitos": [], "codigo_departamento": 13020000.0, "codigo_disciplina": 1302265, "horas": 60.0}, {"semestre": 2.0, "pos_requisitos": [], "disciplina": "Comunica\u00e7\u00e3o, \u00c9tica e Cidadania", "creditos": 4.0, "tipo": "Obrigat\u00f3ria", "pre_requisitos": [], "codigo_departamento": 13020000.0, "codigo_disciplina": 1302266, "horas": 60.0}, {"semestre": 3.0, "pos_requisitos": [], "disciplina": "Estado, Polit Pub e Movimentos Sociais", "creditos": 4.0, "tipo": "Obrigat\u00f3ria", "pre_requisitos": [], "codigo_departamento": 13050000.0, "codigo_disciplina": 1305406, "horas": 60.0}, {"semestre": 3.0, "pos_requisitos": [], "disciplina": "Recep\u00e7\u00e3o e Educa\u00e7\u00e3o para os Meios", "creditos": 4.0, "tipo": "Obrigat\u00f3ria", "pre_requisitos": [1302162], "codigo_departamento": 13020000.0, "codigo_disciplina": 1302209, "horas": 60.0}, {"semestre": 3.0, "pos_requisitos": [1302262], "disciplina": "M\u00e9todologia da Pesquisa em Comunica\u00e7\u00e3o", "creditos": 4.0, "tipo": "Obrigat\u00f3ria", "pre_requisitos": [], "codigo_departamento": 13020000.0, "codigo_disciplina": 1302211, "horas": 60.0}, {"semestre": 3.0, "pos_requisitos": [], "disciplina": "Pr\u00e1ticas Educomunicativas em Radio", "creditos": 4.0, "tipo": "Obrigat\u00f3ria", "pre_requisitos": [], "codigo_departamento": 13020000.0, "codigo_disciplina": 1302213, "horas": 60.0}, {"semestre": 3.0, "pos_requisitos": [], "disciplina": "Pr\u00e1ticas Educomunicativas em Fotografia", "creditos": 4.0, "tipo": "Obrigat\u00f3ria", "pre_requisitos": [1302186], "codigo_departamento": 13020000.0, "codigo_disciplina": 1302263, "horas": 60.0}, {"semestre": 4.0, "pos_requisitos": [], "disciplina": "Empreendedorismo e Sociedade", "creditos": 4.0, "tipo": "Obrigat\u00f3ria", "pre_requisitos": [], "codigo_departamento": 13020000.0, "codigo_disciplina": 1302289, "horas": 60.0}, {"semestre": 4.0, "pos_requisitos": [], "disciplina": "Arte e Educa\u00e7\u00e3o", "creditos": 4.0, "tipo": "Obrigat\u00f3ria", "pre_requisitos": [], "codigo_departamento": 13020000.0, "codigo_disciplina": 1302310, "horas": 60.0}, {"semestre": 4.0, "pos_requisitos": [], "disciplina": "Media\u00e7\u00e3o Tecnol\u00f3gica na Educa\u00e7\u00e3o", "creditos": 4.0, "tipo": "Obrigat\u00f3ria", "pre_requisitos": [1302214], "codigo_departamento": 13020000.0, "codigo_disciplina": 1302260, "horas": 60.0}, {"semestre": 4.0, "pos_requisitos": [], "disciplina": "Pesquisa de Opiniao Publica", "creditos": 4.0, "tipo": "Obrigat\u00f3ria", "pre_requisitos": [1302211], "codigo_departamento": 13020000.0, "codigo_disciplina": 1302262, "horas": 60.0}, {"semestre": 4.0, "pos_requisitos": [], "disciplina": "L\u00ednguagem Public em Espacos Educativos", "creditos": 4.0, "tipo": "Obrigat\u00f3ria", "pre_requisitos": [], "codigo_departamento": 13020000.0, "codigo_disciplina": 1302264, "horas": 60.0}, {"semestre": 5.0, "pos_requisitos": [], "disciplina": "Pr\u00e1ticas Educomunicativas em Web", "creditos": 4.0, "tipo": "Obrigat\u00f3ria", "pre_requisitos": [], "codigo_departamento": 13020000.0, "codigo_disciplina": 1302288, "horas": 60.0}, {"semestre": 5.0, "pos_requisitos": [1302307], "disciplina": "Gest\u00e3o da Comunica\u00e7\u00e3o I", "creditos": 4.0, "tipo": "Obrigat\u00f3ria", "pre_requisitos": [], "codigo_departamento": 13020000.0, "codigo_disciplina": 1302290, "horas": 60.0}, {"semestre": 5.0, "pos_requisitos": [1302273], "disciplina": "Prat Educomunicativas em Audiovisual", "creditos": 4.0, "tipo": "Obrigat\u00f3ria", "pre_requisitos": [], "codigo_departamento": 13020000.0, "codigo_disciplina": 1302291, "horas": 60.0}, {"semestre": 5.0, "pos_requisitos": [], "disciplina": "Comunica\u00e7\u00e3o e Diversidade Cultural", "creditos": 4.0, "tipo": "Obrigat\u00f3ria", "pre_requisitos": [], "codigo_departamento": 13020000.0, "codigo_disciplina": 1302261, "horas": 60.0}, {"semestre": 5.0, "pos_requisitos": [1302306], "disciplina": "Est\u00e1gio Supervisionado I", "creditos": 8.0, "tipo": "Complementar", "pre_requisitos": [], "codigo_departamento": 13020000.0, "codigo_disciplina": 1302292, "horas": 120.0}, {"semestre": 6.0, "pos_requisitos": [], "disciplina": "Pr\u00e1ticas Educomunicativas em Tv", "creditos": 4.0, "tipo": "Obrigat\u00f3ria", "pre_requisitos": [1302291], "codigo_departamento": 13020000.0, "codigo_disciplina": 1302273, "horas": 60.0}, {"semestre": 6.0, "pos_requisitos": [], "disciplina": "Est\u00e1gio Supervisionado II", "creditos": 10.0, "tipo": "Complementar", "pre_requisitos": [1302292], "codigo_departamento": 13020000.0, "codigo_disciplina": 1302306, "horas": 150.0}, {"semestre": 6.0, "pos_requisitos": [], "disciplina": "Gest\u00e3o da Comunica\u00e7\u00e3o II", "creditos": 4.0, "tipo": "Obrigat\u00f3ria", "pre_requisitos": [1302290], "codigo_departamento": 13020000.0, "codigo_disciplina": 1302307, "horas": 60.0}, {"semestre": 6.0, "pos_requisitos": [1302314], "disciplina": "Pre - Projeto", "creditos": 2.0, "tipo": "Obrigat\u00f3ria", "pre_requisitos": [], "codigo_departamento": 13020000.0, "codigo_disciplina": 1302309, "horas": 30.0}, {"semestre": 7.0, "pos_requisitos": [], "disciplina": "Responsab Socio - Ambien em Educomunica\u00e7\u00e3o", "creditos": 4.0, "tipo": "Obrigat\u00f3ria", "pre_requisitos": [], "codigo_departamento": 13020000.0, "codigo_disciplina": 1302308, "horas": 60.0}, {"semestre": 7.0, "pos_requisitos": [], "disciplina": "Atividades Complementares Flex\u00edveis", "creditos": 12.0, "tipo": "Complementar", "pre_requisitos": [], "codigo_departamento": 13020000.0, "codigo_disciplina": 1302319, "horas": 180.0}, {"semestre": 7.0, "pos_requisitos": [], "disciplina": "Tcc", "creditos": 10.0, "tipo": "Complementar", "pre_requisitos": [1302309], "codigo_departamento": 13020000.0, "codigo_disciplina": 1302314, "horas": 150.0}]