[{"semestre": 1.0, "pos_requisitos": [], "disciplina": "Lab Pesq e Ext em Des Rural I", "creditos": 6.0, "tipo": "Obrigat\u00f3ria", "pre_requisitos": [], "codigo_departamento": 71010000.0, "codigo_disciplina": 7101036, "horas": 90.0}, {"semestre": 1.0, "pos_requisitos": [], "disciplina": "Inform\u00e1tica B\u00e1sica", "creditos": 2.0, "tipo": "Obrigat\u00f3ria", "pre_requisitos": [], "codigo_departamento": 71020000.0, "codigo_disciplina": 7102015, "horas": 30.0}, {"semestre": 1.0, "pos_requisitos": [7102035, 7102038], "disciplina": "Biologia do Semiarido", "creditos": 2.0, "tipo": "Obrigat\u00f3ria", "pre_requisitos": [], "codigo_departamento": 71020000.0, "codigo_disciplina": 7102016, "horas": 30.0}, {"semestre": 1.0, "pos_requisitos": [7102062], "disciplina": "Hidrologia e Climatologia do Semiarido", "creditos": 2.0, "tipo": "Obrigat\u00f3ria", "pre_requisitos": [], "codigo_departamento": 71020000.0, "codigo_disciplina": 7102017, "horas": 30.0}, {"semestre": 1.0, "pos_requisitos": [7102063], "disciplina": "Introdu\u00e7\u00e3o a Agroecologia", "creditos": 4.0, "tipo": "Obrigat\u00f3ria", "pre_requisitos": [], "codigo_departamento": 71020000.0, "codigo_disciplina": 7102018, "horas": 60.0}, {"semestre": 1.0, "pos_requisitos": [7102061], "disciplina": "Solos do Semiarido", "creditos": 2.0, "tipo": "Obrigat\u00f3ria", "pre_requisitos": [], "codigo_departamento": 71020000.0, "codigo_disciplina": 7102019, "horas": 30.0}, {"semestre": 1.0, "pos_requisitos": [7102033], "disciplina": "Prat. de Leitura e Produ\u00e7\u00e3o de Textos", "creditos": 4.0, "tipo": "Obrigat\u00f3ria", "pre_requisitos": [], "codigo_departamento": 71010000.0, "codigo_disciplina": 7101006, "horas": 60.0}, {"semestre": 1.0, "pos_requisitos": [], "disciplina": "Fundamentos da Pesquisa Ambiental", "creditos": 2.0, "tipo": "Obrigat\u00f3ria", "pre_requisitos": [], "codigo_departamento": 71020000.0, "codigo_disciplina": 7102034, "horas": 30.0}, {"semestre": 1.0, "pos_requisitos": [], "disciplina": "Des Sust, Identidades e Territorialidade", "creditos": 2.0, "tipo": "Obrigat\u00f3ria", "pre_requisitos": [], "codigo_departamento": 71010000.0, "codigo_disciplina": 7101030, "horas": 30.0}, {"semestre": 2.0, "pos_requisitos": [], "disciplina": "Qu\u00edmica Anal\u00edtica Aplicada", "creditos": 2.0, "tipo": "Obrigat\u00f3ria", "pre_requisitos": [], "codigo_departamento": 71020000.0, "codigo_disciplina": 7102032, "horas": 30.0}, {"semestre": 2.0, "pos_requisitos": [], "disciplina": "M\u00e9todologia da Pesquisa e Semin\u00e1rios", "creditos": 4.0, "tipo": "Obrigat\u00f3ria", "pre_requisitos": [7101006], "codigo_departamento": 71020000.0, "codigo_disciplina": 7102033, "horas": 60.0}, {"semestre": 2.0, "pos_requisitos": [7102058], "disciplina": "Ecologia do Semiarido", "creditos": 4.0, "tipo": "Obrigat\u00f3ria", "pre_requisitos": [7102016], "codigo_departamento": 71020000.0, "codigo_disciplina": 7102035, "horas": 60.0}, {"semestre": 2.0, "pos_requisitos": [7102056], "disciplina": "Anato - Fisiologia Vegetal", "creditos": 4.0, "tipo": "Obrigat\u00f3ria", "pre_requisitos": [], "codigo_departamento": 71020000.0, "codigo_disciplina": 7102036, "horas": 60.0}, {"semestre": 2.0, "pos_requisitos": [7102059], "disciplina": "Microbiologia Geral e do Solo", "creditos": 2.0, "tipo": "Obrigat\u00f3ria", "pre_requisitos": [], "codigo_departamento": 71020000.0, "codigo_disciplina": 7102037, "horas": 30.0}, {"semestre": 2.0, "pos_requisitos": [7102060], "disciplina": "Entomologia Geral", "creditos": 2.0, "tipo": "Obrigat\u00f3ria", "pre_requisitos": [7102016], "codigo_departamento": 71020000.0, "codigo_disciplina": 7102038, "horas": 30.0}, {"semestre": 2.0, "pos_requisitos": [7102111], "disciplina": "Topografia e Geoprocessamento", "creditos": 4.0, "tipo": "Obrigat\u00f3ria", "pre_requisitos": [], "codigo_departamento": 71020000.0, "codigo_disciplina": 7102039, "horas": 60.0}, {"semestre": 2.0, "pos_requisitos": [], "disciplina": "Hist\u00f3ria Social do Campesinato", "creditos": 2.0, "tipo": "Obrigat\u00f3ria", "pre_requisitos": [], "codigo_departamento": 71010000.0, "codigo_disciplina": 7101050, "horas": 30.0}, {"semestre": 2.0, "pos_requisitos": [], "disciplina": "A\u00e7\u00e3o Coletiva, Associat e Cooperativismo", "creditos": 2.0, "tipo": "Obrigat\u00f3ria", "pre_requisitos": [], "codigo_departamento": 71010000.0, "codigo_disciplina": 7101051, "horas": 30.0}, {"semestre": 3.0, "pos_requisitos": [7102086, 7102085, 7102082], "disciplina": "Horticultura Basica", "creditos": 2.0, "tipo": "Obrigat\u00f3ria", "pre_requisitos": [7102036], "codigo_departamento": 71020000.0, "codigo_disciplina": 7102056, "horas": 30.0}, {"semestre": 3.0, "pos_requisitos": [7102083, 7102236], "disciplina": "Zootecnia Aplicada", "creditos": 4.0, "tipo": "Obrigat\u00f3ria", "pre_requisitos": [], "codigo_departamento": 71020000.0, "codigo_disciplina": 7102057, "horas": 60.0}, {"semestre": 3.0, "pos_requisitos": [], "disciplina": "Impactos e Recup de Areas Degradadas", "creditos": 4.0, "tipo": "Obrigat\u00f3ria", "pre_requisitos": [7102035], "codigo_departamento": 71020000.0, "codigo_disciplina": 7102058, "horas": 60.0}, {"semestre": 3.0, "pos_requisitos": [7102087], "disciplina": "Manejo Agroec de Doencas de Plantas", "creditos": 4.0, "tipo": "Obrigat\u00f3ria", "pre_requisitos": [7102037], "codigo_departamento": 71020000.0, "codigo_disciplina": 7102059, "horas": 60.0}, {"semestre": 3.0, "pos_requisitos": [7102087], "disciplina": "Manejo Agroecologico de Pragas", "creditos": 2.0, "tipo": "Obrigat\u00f3ria", "pre_requisitos": [7102038], "codigo_departamento": 71020000.0, "codigo_disciplina": 7102060, "horas": 30.0}, {"semestre": 3.0, "pos_requisitos": [7102112], "disciplina": "Pedologia e Classificacao dos Solos", "creditos": 4.0, "tipo": "Obrigat\u00f3ria", "pre_requisitos": [7102019], "codigo_departamento": 71020000.0, "codigo_disciplina": 7102061, "horas": 60.0}, {"semestre": 3.0, "pos_requisitos": [7102084], "disciplina": "Hidraulica", "creditos": 4.0, "tipo": "Obrigat\u00f3ria", "pre_requisitos": [7102017], "codigo_departamento": 71020000.0, "codigo_disciplina": 7102062, "horas": 60.0}, {"semestre": 3.0, "pos_requisitos": [], "disciplina": "Agroecologia", "creditos": 2.0, "tipo": "Obrigat\u00f3ria", "pre_requisitos": [7102018], "codigo_departamento": 71020000.0, "codigo_disciplina": 7102063, "horas": 30.0}, {"semestre": 4.0, "pos_requisitos": [7102235], "disciplina": "Agroec Aplic ao Cultivo de Olericolas", "creditos": 4.0, "tipo": "Obrigat\u00f3ria", "pre_requisitos": [7102056], "codigo_departamento": 71020000.0, "codigo_disciplina": 7102082, "horas": 60.0}, {"semestre": 4.0, "pos_requisitos": [], "disciplina": "Agroecologia Animal", "creditos": 4.0, "tipo": "Obrigat\u00f3ria", "pre_requisitos": [7102057], "codigo_departamento": 71020000.0, "codigo_disciplina": 7102083, "horas": 60.0}, {"semestre": 4.0, "pos_requisitos": [], "disciplina": "Irrigacao e Drenagem", "creditos": 4.0, "tipo": "Obrigat\u00f3ria", "pre_requisitos": [7102062], "codigo_departamento": 71020000.0, "codigo_disciplina": 7102084, "horas": 60.0}, {"semestre": 4.0, "pos_requisitos": [7102235], "disciplina": "Agroec Aplic ao Cultivo de Frutiferas", "creditos": 2.0, "tipo": "Obrigat\u00f3ria", "pre_requisitos": [7102056], "codigo_departamento": 71020000.0, "codigo_disciplina": 7102085, "horas": 30.0}, {"semestre": 4.0, "pos_requisitos": [7102235], "disciplina": "Agroec Aplic ao Cult de Plantas Aliment", "creditos": 4.0, "tipo": "Obrigat\u00f3ria", "pre_requisitos": [7102056], "codigo_departamento": 71020000.0, "codigo_disciplina": 7102086, "horas": 60.0}, {"semestre": 4.0, "pos_requisitos": [7102235], "disciplina": "Lab de Prod de Defensivos Agroecologicos", "creditos": 2.0, "tipo": "Obrigat\u00f3ria", "pre_requisitos": [7102059, 7102060], "codigo_departamento": 71020000.0, "codigo_disciplina": 7102087, "horas": 30.0}, {"semestre": 5.0, "pos_requisitos": [7102235], "disciplina": "Tecnologia de Alimentos", "creditos": 4.0, "tipo": "Obrigat\u00f3ria", "pre_requisitos": [], "codigo_departamento": 71020000.0, "codigo_disciplina": 7102110, "horas": 60.0}, {"semestre": 5.0, "pos_requisitos": [], "disciplina": "Constru\u00e7\u00f5es e M\u00e1quinas Rurais", "creditos": 4.0, "tipo": "Obrigat\u00f3ria", "pre_requisitos": [7102039], "codigo_departamento": 71020000.0, "codigo_disciplina": 7102111, "horas": 60.0}, {"semestre": 5.0, "pos_requisitos": [], "disciplina": "Lab de Diagnose e Uso do Solo", "creditos": 2.0, "tipo": "Obrigat\u00f3ria", "pre_requisitos": [7102061], "codigo_departamento": 71020000.0, "codigo_disciplina": 7102112, "horas": 30.0}, {"semestre": 5.0, "pos_requisitos": [], "disciplina": "Uso Sustentavel da Biodiversidade", "creditos": 4.0, "tipo": "Obrigat\u00f3ria", "pre_requisitos": [], "codigo_departamento": 71020000.0, "codigo_disciplina": 7102109, "horas": 60.0}, {"semestre": 5.0, "pos_requisitos": [], "disciplina": "Direito Agrario e Ambiental", "creditos": 2.0, "tipo": "Obrigat\u00f3ria", "pre_requisitos": [], "codigo_departamento": 71010000.0, "codigo_disciplina": 7101127, "horas": 30.0}, {"semestre": 6.0, "pos_requisitos": [], "disciplina": "Administra\u00e7\u00e3o e Empreendedorismo", "creditos": 2.0, "tipo": "Obrigat\u00f3ria", "pre_requisitos": [], "codigo_departamento": 71020000.0, "codigo_disciplina": 7102094, "horas": 30.0}, {"semestre": 6.0, "pos_requisitos": [], "disciplina": "Certifica\u00e7\u00e3o de Sistemas Agroecol\u00f3gicos", "creditos": 4.0, "tipo": "Obrigat\u00f3ria", "pre_requisitos": [7102085, 7102110, 7102082, 7102086, 7102087], "codigo_departamento": 71020000.0, "codigo_disciplina": 7102235, "horas": 60.0}, {"semestre": 6.0, "pos_requisitos": [], "disciplina": "Laboratorio de Proc de Prod Agropecuario", "creditos": 4.0, "tipo": "Obrigat\u00f3ria", "pre_requisitos": [7102057], "codigo_departamento": 71020000.0, "codigo_disciplina": 7102236, "horas": 60.0}, {"semestre": 6.0, "pos_requisitos": [], "disciplina": "Etologia", "creditos": 4.0, "tipo": "Obrigat\u00f3ria", "pre_requisitos": [], "codigo_departamento": 71020000.0, "codigo_disciplina": 7102237, "horas": 60.0}, {"semestre": 6.0, "pos_requisitos": [], "disciplina": "Elabora\u00e7\u00e3o e Aval. de Proj. Econ\u00f4micos", "creditos": 4.0, "tipo": "Obrigat\u00f3ria", "pre_requisitos": [], "codigo_departamento": 71020000.0, "codigo_disciplina": 7102238, "horas": 60.0}, {"semestre": 7.0, "pos_requisitos": [], "disciplina": "Est\u00e1gio Curricular Supervisionado", "creditos": 10.0, "tipo": "Complementar", "pre_requisitos": [], "codigo_departamento": 71020000.0, "codigo_disciplina": 7102256, "horas": 150.0}, {"semestre": 7.0, "pos_requisitos": [], "disciplina": "Trabalho de Conclus\u00e3o de Curso", "creditos": 4.0, "tipo": "Complementar", "pre_requisitos": [], "codigo_departamento": 71020000.0, "codigo_disciplina": 7102257, "horas": 60.0}, {"semestre": 7.0, "pos_requisitos": [], "disciplina": "Atividades Complementares Flex\u00edveis", "creditos": 16.0, "tipo": "Complementar", "pre_requisitos": [], "codigo_departamento": 71020000.0, "codigo_disciplina": 7102258, "horas": 240.0}]