[{"semestre": 1.0, "pos_requisitos": [7101049], "disciplina": "Instituicoes de Direito Pub e Privado", "creditos": 4.0, "tipo": "Obrigat\u00f3ria", "pre_requisitos": [], "codigo_departamento": 71010000.0, "codigo_disciplina": 7101024, "horas": 60.0}, {"semestre": 1.0, "pos_requisitos": [7101027], "disciplina": "Teoria Pol\u00edtica do Estado", "creditos": 4.0, "tipo": "Obrigat\u00f3ria", "pre_requisitos": [], "codigo_departamento": 71010000.0, "codigo_disciplina": 7101026, "horas": 60.0}, {"semestre": 1.0, "pos_requisitos": [], "disciplina": "Prat. de Leitura e Produ\u00e7\u00e3o de Textos", "creditos": 4.0, "tipo": "Obrigat\u00f3ria", "pre_requisitos": [], "codigo_departamento": 71010000.0, "codigo_disciplina": 7101006, "horas": 60.0}, {"semestre": 1.0, "pos_requisitos": [7101047], "disciplina": "Fundamentos e Teorias da Administra\u00e7\u00e3o", "creditos": 4.0, "tipo": "Obrigat\u00f3ria", "pre_requisitos": [], "codigo_departamento": 71010000.0, "codigo_disciplina": 7101023, "horas": 60.0}, {"semestre": 1.0, "pos_requisitos": [7101048], "disciplina": "Fundamentos da Economia", "creditos": 4.0, "tipo": "Obrigat\u00f3ria", "pre_requisitos": [], "codigo_departamento": 71010000.0, "codigo_disciplina": 7101025, "horas": 60.0}, {"semestre": 2.0, "pos_requisitos": [], "disciplina": "Inform\u00e1tica B\u00e1sica", "creditos": 2.0, "tipo": "Obrigat\u00f3ria", "pre_requisitos": [], "codigo_departamento": 71020000.0, "codigo_disciplina": 7102015, "horas": 30.0}, {"semestre": 2.0, "pos_requisitos": [7101056], "disciplina": "Administra\u00e7\u00e3o Estrat\u00e9gica", "creditos": 4.0, "tipo": "Obrigat\u00f3ria", "pre_requisitos": [7101023], "codigo_departamento": 71010000.0, "codigo_disciplina": 7101047, "horas": 60.0}, {"semestre": 2.0, "pos_requisitos": [], "disciplina": "M\u00e9todologia Cient\u00edfica", "creditos": 4.0, "tipo": "Obrigat\u00f3ria", "pre_requisitos": [], "codigo_departamento": 71010000.0, "codigo_disciplina": 7101019, "horas": 60.0}, {"semestre": 2.0, "pos_requisitos": [7101111], "disciplina": "Lab de Pesquisa em Pol\u00edticas Publicas I", "creditos": 2.0, "tipo": "Obrigat\u00f3ria", "pre_requisitos": [7101026], "codigo_departamento": 71010000.0, "codigo_disciplina": 7101027, "horas": 30.0}, {"semestre": 2.0, "pos_requisitos": [7101062], "disciplina": "Matem\u00e1tica Financeira", "creditos": 4.0, "tipo": "Obrigat\u00f3ria", "pre_requisitos": [7101025], "codigo_departamento": 71010000.0, "codigo_disciplina": 7101048, "horas": 60.0}, {"semestre": 2.0, "pos_requisitos": [7101061], "disciplina": "Direito Constitucional", "creditos": 4.0, "tipo": "Obrigat\u00f3ria", "pre_requisitos": [7101024], "codigo_departamento": 71010000.0, "codigo_disciplina": 7101049, "horas": 60.0}, {"semestre": 3.0, "pos_requisitos": [], "disciplina": "Gest\u00e3o de Pessoas na Adm Publica", "creditos": 4.0, "tipo": "Obrigat\u00f3ria", "pre_requisitos": [], "codigo_departamento": 71010000.0, "codigo_disciplina": 7101060, "horas": 60.0}, {"semestre": 3.0, "pos_requisitos": [], "disciplina": "Direito Administrativo", "creditos": 4.0, "tipo": "Obrigat\u00f3ria", "pre_requisitos": [7101049], "codigo_departamento": 71010000.0, "codigo_disciplina": 7101061, "horas": 60.0}, {"semestre": 3.0, "pos_requisitos": [], "disciplina": "Estatistica Basica", "creditos": 2.0, "tipo": "Obrigat\u00f3ria", "pre_requisitos": [7101048], "codigo_departamento": 71010000.0, "codigo_disciplina": 7101062, "horas": 30.0}, {"semestre": 3.0, "pos_requisitos": [], "disciplina": "Cont Internos e Externos da Gest Publica", "creditos": 2.0, "tipo": "Obrigat\u00f3ria", "pre_requisitos": [], "codigo_departamento": 71010000.0, "codigo_disciplina": 7101063, "horas": 30.0}, {"semestre": 3.0, "pos_requisitos": [], "disciplina": "\u00c9tica", "creditos": 2.0, "tipo": "Obrigat\u00f3ria", "pre_requisitos": [], "codigo_departamento": 71010000.0, "codigo_disciplina": 7101064, "horas": 30.0}, {"semestre": 3.0, "pos_requisitos": [], "disciplina": "Padroes de Rel Executivo - Legislativo", "creditos": 4.0, "tipo": "Obrigat\u00f3ria", "pre_requisitos": [], "codigo_departamento": 71010000.0, "codigo_disciplina": 7101065, "horas": 60.0}, {"semestre": 4.0, "pos_requisitos": [], "disciplina": "Logistica e Patrimonio na Adm Publica", "creditos": 4.0, "tipo": "Obrigat\u00f3ria", "pre_requisitos": [7101047], "codigo_departamento": 71010000.0, "codigo_disciplina": 7101056, "horas": 60.0}, {"semestre": 4.0, "pos_requisitos": [], "disciplina": "Fundamentos de Sociologia", "creditos": 4.0, "tipo": "Obrigat\u00f3ria", "pre_requisitos": [], "codigo_departamento": 71010000.0, "codigo_disciplina": 7101057, "horas": 60.0}, {"semestre": 4.0, "pos_requisitos": [], "disciplina": "Teoria Geral do Processo", "creditos": 4.0, "tipo": "Obrigat\u00f3ria", "pre_requisitos": [], "codigo_departamento": 71010000.0, "codigo_disciplina": 7101058, "horas": 60.0}, {"semestre": 4.0, "pos_requisitos": [], "disciplina": "Federalismo Fiscal", "creditos": 4.0, "tipo": "Obrigat\u00f3ria", "pre_requisitos": [], "codigo_departamento": 71010000.0, "codigo_disciplina": 7101059, "horas": 60.0}, {"semestre": 5.0, "pos_requisitos": [], "disciplina": "Gest\u00e3o Publica Sustentavel", "creditos": 4.0, "tipo": "Obrigat\u00f3ria", "pre_requisitos": [], "codigo_departamento": 71010000.0, "codigo_disciplina": 7101107, "horas": 60.0}, {"semestre": 5.0, "pos_requisitos": [], "disciplina": "Direito Tributario", "creditos": 2.0, "tipo": "Obrigat\u00f3ria", "pre_requisitos": [], "codigo_departamento": 71010000.0, "codigo_disciplina": 7101108, "horas": 30.0}, {"semestre": 5.0, "pos_requisitos": [], "disciplina": "Gest\u00e3o das Organ do Terceiro Setor", "creditos": 4.0, "tipo": "Obrigat\u00f3ria", "pre_requisitos": [], "codigo_departamento": 71010000.0, "codigo_disciplina": 7101109, "horas": 60.0}, {"semestre": 5.0, "pos_requisitos": [7101154, 7101153], "disciplina": "Projeto de Pesquisa", "creditos": 2.0, "tipo": "Obrigat\u00f3ria", "pre_requisitos": [], "codigo_departamento": 71010000.0, "codigo_disciplina": 7101110, "horas": 30.0}, {"semestre": 5.0, "pos_requisitos": [], "disciplina": "Avalia\u00e7\u00e3o de Pol\u00edticas P\u00fablicas", "creditos": 4.0, "tipo": "Obrigat\u00f3ria", "pre_requisitos": [7101027], "codigo_departamento": 71010000.0, "codigo_disciplina": 7101111, "horas": 60.0}, {"semestre": 6.0, "pos_requisitos": [], "disciplina": "Trabalho de Conclus\u00e3o de Curso", "creditos": 4.0, "tipo": "Complementar", "pre_requisitos": [7101110], "codigo_departamento": 71010000.0, "codigo_disciplina": 7101153, "horas": 60.0}, {"semestre": 6.0, "pos_requisitos": [], "disciplina": "Elab de Proj e Capt de Recurs P\u00fablicos", "creditos": 4.0, "tipo": "Obrigat\u00f3ria", "pre_requisitos": [], "codigo_departamento": 71010000.0, "codigo_disciplina": 7101152, "horas": 60.0}, {"semestre": 6.0, "pos_requisitos": [], "disciplina": "Est\u00e1gio Supervisionado", "creditos": 4.0, "tipo": "Complementar", "pre_requisitos": [7101110], "codigo_departamento": 71010000.0, "codigo_disciplina": 7101154, "horas": 60.0}, {"semestre": 6.0, "pos_requisitos": [], "disciplina": "Atividades Complementares Flex\u00edveis", "creditos": 8.0, "tipo": "Complementar", "pre_requisitos": [], "codigo_departamento": 71010000.0, "codigo_disciplina": 7101175, "horas": 120.0}]