[{"semestre": null, "pos_requisitos": [1112236], "disciplina": "Fotografia do Produto", "creditos": null, "tipo": "Obrigat\u00f3ria", "pre_requisitos": [], "codigo_departamento": 11120000.0, "codigo_disciplina": 1112173, "horas": 60.0}, {"semestre": 1.0, "pos_requisitos": [1112224], "disciplina": "Projeto I", "creditos": 4.0, "tipo": "Obrigat\u00f3ria", "pre_requisitos": [], "codigo_departamento": 11120000.0, "codigo_disciplina": 1112218, "horas": 60.0}, {"semestre": 1.0, "pos_requisitos": [1112225], "disciplina": "Desenho I", "creditos": 4.0, "tipo": "Obrigat\u00f3ria", "pre_requisitos": [], "codigo_departamento": 11120000.0, "codigo_disciplina": 1112219, "horas": 60.0}, {"semestre": 1.0, "pos_requisitos": [1112226], "disciplina": "Historia da Arte e do Design", "creditos": 4.0, "tipo": "Obrigat\u00f3ria", "pre_requisitos": [], "codigo_departamento": 11120000.0, "codigo_disciplina": 1112220, "horas": 60.0}, {"semestre": 1.0, "pos_requisitos": [1112227], "disciplina": "Express\u00e3o Tridimensional I", "creditos": 4.0, "tipo": "Obrigat\u00f3ria", "pre_requisitos": [], "codigo_departamento": 11120000.0, "codigo_disciplina": 1112221, "horas": 60.0}, {"semestre": 1.0, "pos_requisitos": [1112228], "disciplina": "Materiais e Processos de Fabricacao I", "creditos": 4.0, "tipo": "Obrigat\u00f3ria", "pre_requisitos": [], "codigo_departamento": 11120000.0, "codigo_disciplina": 1112222, "horas": 60.0}, {"semestre": 1.0, "pos_requisitos": [1112236], "disciplina": "T\u00e9cnicas de Apresenta\u00e7\u00e3o de Projeto I", "creditos": 2.0, "tipo": "Obrigat\u00f3ria", "pre_requisitos": [], "codigo_departamento": 11120000.0, "codigo_disciplina": 1112223, "horas": 30.0}, {"semestre": 1.0, "pos_requisitos": [1113057], "disciplina": "Express\u00e3o Grafica", "creditos": 4.0, "tipo": "Obrigat\u00f3ria", "pre_requisitos": [], "codigo_departamento": 11130000.0, "codigo_disciplina": 1113019, "horas": 60.0}, {"semestre": 2.0, "pos_requisitos": [], "disciplina": "Projeto II", "creditos": 4.0, "tipo": "Obrigat\u00f3ria", "pre_requisitos": [1112218], "codigo_departamento": 11120000.0, "codigo_disciplina": 1112224, "horas": 60.0}, {"semestre": 2.0, "pos_requisitos": [1112231], "disciplina": "Desenho II", "creditos": 4.0, "tipo": "Obrigat\u00f3ria", "pre_requisitos": [1112219], "codigo_departamento": 11120000.0, "codigo_disciplina": 1112225, "horas": 60.0}, {"semestre": 2.0, "pos_requisitos": [], "disciplina": "Historia do Design Industrial", "creditos": 2.0, "tipo": "Obrigat\u00f3ria", "pre_requisitos": [1112220], "codigo_departamento": 11120000.0, "codigo_disciplina": 1112226, "horas": 30.0}, {"semestre": 2.0, "pos_requisitos": [1112234], "disciplina": "Express\u00e3o Tridimensional II", "creditos": 4.0, "tipo": "Obrigat\u00f3ria", "pre_requisitos": [1112221], "codigo_departamento": 11120000.0, "codigo_disciplina": 1112227, "horas": 60.0}, {"semestre": 2.0, "pos_requisitos": [], "disciplina": "Materiais e Processos de Fabricacao II", "creditos": 4.0, "tipo": "Obrigat\u00f3ria", "pre_requisitos": [1112222], "codigo_departamento": 11120000.0, "codigo_disciplina": 1112228, "horas": 60.0}, {"semestre": 2.0, "pos_requisitos": [1112236], "disciplina": "Registro e An\u00e1lise da Imagem", "creditos": 4.0, "tipo": "Obrigat\u00f3ria", "pre_requisitos": [], "codigo_departamento": 11120000.0, "codigo_disciplina": 1112229, "horas": 60.0}, {"semestre": 2.0, "pos_requisitos": [], "disciplina": "Desenho T\u00e9cnico", "creditos": 4.0, "tipo": "Obrigat\u00f3ria", "pre_requisitos": [1113019], "codigo_departamento": 11130000.0, "codigo_disciplina": 1113057, "horas": 60.0}, {"semestre": 3.0, "pos_requisitos": [1112237], "disciplina": "Projeto III", "creditos": 4.0, "tipo": "Obrigat\u00f3ria", "pre_requisitos": [], "codigo_departamento": 11120000.0, "codigo_disciplina": 1112230, "horas": 60.0}, {"semestre": 3.0, "pos_requisitos": [1112238], "disciplina": "Computa\u00e7\u00e3o Gr\u00e1fica", "creditos": 4.0, "tipo": "Obrigat\u00f3ria", "pre_requisitos": [1112225], "codigo_departamento": 11120000.0, "codigo_disciplina": 1112231, "horas": 60.0}, {"semestre": 3.0, "pos_requisitos": [1112239], "disciplina": "An\u00e1lise da Forma", "creditos": 4.0, "tipo": "Obrigat\u00f3ria", "pre_requisitos": [], "codigo_departamento": 11120000.0, "codigo_disciplina": 1112232, "horas": 60.0}, {"semestre": 3.0, "pos_requisitos": [], "disciplina": "Teoria e Pr\u00e1tica da Cor", "creditos": 4.0, "tipo": "Obrigat\u00f3ria", "pre_requisitos": [], "codigo_departamento": 11120000.0, "codigo_disciplina": 1112233, "horas": 60.0}, {"semestre": 3.0, "pos_requisitos": [], "disciplina": "Modelos Tridimensionais", "creditos": 4.0, "tipo": "Obrigat\u00f3ria", "pre_requisitos": [1112227], "codigo_departamento": 11120000.0, "codigo_disciplina": 1112234, "horas": 60.0}, {"semestre": 3.0, "pos_requisitos": [], "disciplina": "M\u00e9todologia de Projeto", "creditos": 4.0, "tipo": "Obrigat\u00f3ria", "pre_requisitos": [], "codigo_departamento": 11120000.0, "codigo_disciplina": 1112235, "horas": 60.0}, {"semestre": 3.0, "pos_requisitos": [], "disciplina": "T\u00e9cnicas de Apresenta\u00e7\u00e3o de Projeto II", "creditos": 4.0, "tipo": "Obrigat\u00f3ria", "pre_requisitos": [1112223, 1112229, 1112173], "codigo_departamento": 11120000.0, "codigo_disciplina": 1112236, "horas": 60.0}, {"semestre": 4.0, "pos_requisitos": [1112243], "disciplina": "Projeto IV", "creditos": 4.0, "tipo": "Obrigat\u00f3ria", "pre_requisitos": [1112230], "codigo_departamento": 11120000.0, "codigo_disciplina": 1112237, "horas": 60.0}, {"semestre": 4.0, "pos_requisitos": [1112244], "disciplina": "Desenho Assistido Por Computador I", "creditos": 4.0, "tipo": "Obrigat\u00f3ria", "pre_requisitos": [1112231], "codigo_departamento": 11120000.0, "codigo_disciplina": 1112238, "horas": 60.0}, {"semestre": 4.0, "pos_requisitos": [], "disciplina": "M\u00e9todologia Visual", "creditos": 6.0, "tipo": "Obrigat\u00f3ria", "pre_requisitos": [1112232], "codigo_departamento": 11120000.0, "codigo_disciplina": 1112239, "horas": 90.0}, {"semestre": 4.0, "pos_requisitos": [], "disciplina": "Introdu\u00e7\u00e3o a Sociologia e a Antropologia", "creditos": 4.0, "tipo": "Obrigat\u00f3ria", "pre_requisitos": [], "codigo_departamento": 11120000.0, "codigo_disciplina": 1112240, "horas": 60.0}, {"semestre": 4.0, "pos_requisitos": [1112247], "disciplina": "Ergonomia", "creditos": 4.0, "tipo": "Obrigat\u00f3ria", "pre_requisitos": [], "codigo_departamento": 11120000.0, "codigo_disciplina": 1112241, "horas": 60.0}, {"semestre": 4.0, "pos_requisitos": [], "disciplina": "M\u00e9todologia Cient\u00edfica", "creditos": 2.0, "tipo": "Obrigat\u00f3ria", "pre_requisitos": [], "codigo_departamento": 11120000.0, "codigo_disciplina": 1112242, "horas": 30.0}, {"semestre": 5.0, "pos_requisitos": [1112253, 1112249], "disciplina": "Projeto V", "creditos": 4.0, "tipo": "Obrigat\u00f3ria", "pre_requisitos": [1112237], "codigo_departamento": 11120000.0, "codigo_disciplina": 1112243, "horas": 60.0}, {"semestre": 5.0, "pos_requisitos": [1112250], "disciplina": "Desenho Assistido Por Computador II", "creditos": 4.0, "tipo": "Obrigat\u00f3ria", "pre_requisitos": [1112238], "codigo_departamento": 11120000.0, "codigo_disciplina": 1112244, "horas": 60.0}, {"semestre": 5.0, "pos_requisitos": [], "disciplina": "Est\u00e9tica", "creditos": 4.0, "tipo": "Obrigat\u00f3ria", "pre_requisitos": [], "codigo_departamento": 11120000.0, "codigo_disciplina": 1112245, "horas": 60.0}, {"semestre": 5.0, "pos_requisitos": [], "disciplina": "Semiotica e Semantica do Produto", "creditos": 4.0, "tipo": "Obrigat\u00f3ria", "pre_requisitos": [], "codigo_departamento": 11120000.0, "codigo_disciplina": 1112246, "horas": 60.0}, {"semestre": 5.0, "pos_requisitos": [], "disciplina": "Intera\u00e7\u00e3o Usuario - Produto", "creditos": 4.0, "tipo": "Obrigat\u00f3ria", "pre_requisitos": [1112241], "codigo_departamento": 11120000.0, "codigo_disciplina": 1112247, "horas": 60.0}, {"semestre": 5.0, "pos_requisitos": [], "disciplina": "Inova\u00e7\u00e3o em Design", "creditos": 4.0, "tipo": "Obrigat\u00f3ria", "pre_requisitos": [], "codigo_departamento": 11120000.0, "codigo_disciplina": 1112248, "horas": 60.0}, {"semestre": 6.0, "pos_requisitos": [1112166], "disciplina": "Projeto VI", "creditos": 4.0, "tipo": "Obrigat\u00f3ria", "pre_requisitos": [1112243], "codigo_departamento": 11120000.0, "codigo_disciplina": 1112249, "horas": 60.0}, {"semestre": 6.0, "pos_requisitos": [], "disciplina": "Desenho Avancado", "creditos": 4.0, "tipo": "Obrigat\u00f3ria", "pre_requisitos": [1112244], "codigo_departamento": 11120000.0, "codigo_disciplina": 1112250, "horas": 60.0}, {"semestre": 6.0, "pos_requisitos": [], "disciplina": "Teorias do Design", "creditos": 4.0, "tipo": "Obrigat\u00f3ria", "pre_requisitos": [], "codigo_departamento": 11120000.0, "codigo_disciplina": 1112251, "horas": 60.0}, {"semestre": 6.0, "pos_requisitos": [], "disciplina": "Empreendedorismo", "creditos": 4.0, "tipo": "Obrigat\u00f3ria", "pre_requisitos": [], "codigo_departamento": 11120000.0, "codigo_disciplina": 1112252, "horas": 60.0}, {"semestre": 6.0, "pos_requisitos": [1112166], "disciplina": "Projeto de Tcc", "creditos": 2.0, "tipo": "Obrigat\u00f3ria", "pre_requisitos": [1112243], "codigo_departamento": 11120000.0, "codigo_disciplina": 1112253, "horas": 30.0}, {"semestre": 6.0, "pos_requisitos": [], "disciplina": "Cultura Material", "creditos": 4.0, "tipo": "Obrigat\u00f3ria", "pre_requisitos": [], "codigo_departamento": 13050000.0, "codigo_disciplina": 1305411, "horas": 60.0}, {"semestre": 7.0, "pos_requisitos": [], "disciplina": "Atividades Complementares Flex\u00edveis", "creditos": 8.0, "tipo": "Complementar", "pre_requisitos": [], "codigo_departamento": 11120000.0, "codigo_disciplina": 1112264, "horas": 120.0}, {"semestre": 7.0, "pos_requisitos": [], "disciplina": "Trabalho de Conclus\u00e3o de Curso", "creditos": 8.0, "tipo": "Obrigat\u00f3ria", "pre_requisitos": [1112249, 1112253], "codigo_departamento": 11120000.0, "codigo_disciplina": 1112166, "horas": 120.0}]