[{"semestre": null, "pos_requisitos": [7101188], "disciplina": "Franc\u00eas I", "creditos": 4.0, "tipo": "Obrigat\u00f3ria", "pre_requisitos": [], "codigo_departamento": 71010000.0, "codigo_disciplina": 7101163, "horas": 60.0}, {"semestre": null, "pos_requisitos": [], "disciplina": "Franc\u00eas II", "creditos": 4.0, "tipo": "Obrigat\u00f3ria", "pre_requisitos": [7101163], "codigo_departamento": 71010000.0, "codigo_disciplina": 7101188, "horas": 60.0}, {"semestre": 1.0, "pos_requisitos": [], "disciplina": "Antropologia e Educa\u00e7\u00e3o", "creditos": 4.0, "tipo": "Obrigat\u00f3ria", "pre_requisitos": [], "codigo_departamento": 71010000.0, "codigo_disciplina": 7101001, "horas": 60.0}, {"semestre": 1.0, "pos_requisitos": [7101012, 7101095], "disciplina": "Introdu\u00e7\u00e3o \u00e0 Filosofia", "creditos": 4.0, "tipo": "Obrigat\u00f3ria", "pre_requisitos": [], "codigo_departamento": 71010000.0, "codigo_disciplina": 7101002, "horas": 60.0}, {"semestre": 1.0, "pos_requisitos": [7101013, 7101020, 7101089], "disciplina": "Introdu\u00e7\u00e3o a Sociologia", "creditos": 4.0, "tipo": "Obrigat\u00f3ria", "pre_requisitos": [], "codigo_departamento": 71010000.0, "codigo_disciplina": 7101003, "horas": 60.0}, {"semestre": 1.0, "pos_requisitos": [], "disciplina": "Fundamentos Hist\u00f3ricos da Educa\u00e7\u00e3o", "creditos": 4.0, "tipo": "Obrigat\u00f3ria", "pre_requisitos": [], "codigo_departamento": 71010000.0, "codigo_disciplina": 7101004, "horas": 60.0}, {"semestre": 1.0, "pos_requisitos": [], "disciplina": "Pesquisa em Educa\u00e7\u00e3o", "creditos": 4.0, "tipo": "Obrigat\u00f3ria", "pre_requisitos": [], "codigo_departamento": 71010000.0, "codigo_disciplina": 7101005, "horas": 60.0}, {"semestre": 1.0, "pos_requisitos": [], "disciplina": "Prat. de Leitura e Produ\u00e7\u00e3o de Textos", "creditos": 4.0, "tipo": "Obrigat\u00f3ria", "pre_requisitos": [], "codigo_departamento": 71010000.0, "codigo_disciplina": 7101006, "horas": 60.0}, {"semestre": 1.0, "pos_requisitos": [7101018], "disciplina": "Lab. de Pesq. e Prat. Ped. de Edu Campo I", "creditos": 4.0, "tipo": "Obrigat\u00f3ria", "pre_requisitos": [], "codigo_departamento": 71010000.0, "codigo_disciplina": 7101007, "horas": 60.0}, {"semestre": 2.0, "pos_requisitos": [7101028], "disciplina": "Inform\u00e1tica B\u00e1sica", "creditos": 2.0, "tipo": "Obrigat\u00f3ria", "pre_requisitos": [], "codigo_departamento": 71020000.0, "codigo_disciplina": 7102015, "horas": 30.0}, {"semestre": 2.0, "pos_requisitos": [], "disciplina": "Filosofia e Educa\u00e7\u00e3o", "creditos": 4.0, "tipo": "Obrigat\u00f3ria", "pre_requisitos": [7101002], "codigo_departamento": 71010000.0, "codigo_disciplina": 7101012, "horas": 60.0}, {"semestre": 2.0, "pos_requisitos": [], "disciplina": "Sociologia e Educa\u00e7\u00e3o", "creditos": 4.0, "tipo": "Obrigat\u00f3ria", "pre_requisitos": [7101003], "codigo_departamento": 71010000.0, "codigo_disciplina": 7101013, "horas": 60.0}, {"semestre": 2.0, "pos_requisitos": [7101150], "disciplina": "Cultura Corporal", "creditos": 4.0, "tipo": "Obrigat\u00f3ria", "pre_requisitos": [], "codigo_departamento": 71010000.0, "codigo_disciplina": 7101015, "horas": 60.0}, {"semestre": 2.0, "pos_requisitos": [], "disciplina": "Educa\u00e7\u00e3o do Campo", "creditos": 4.0, "tipo": "Obrigat\u00f3ria", "pre_requisitos": [], "codigo_departamento": 71010000.0, "codigo_disciplina": 7101016, "horas": 60.0}, {"semestre": 2.0, "pos_requisitos": [7101068], "disciplina": "Pol. Educ. e Educa\u00e7\u00e3o B\u00e1sica no Brasil", "creditos": 4.0, "tipo": "Obrigat\u00f3ria", "pre_requisitos": [], "codigo_departamento": 71010000.0, "codigo_disciplina": 7101017, "horas": 60.0}, {"semestre": 2.0, "pos_requisitos": [7101040], "disciplina": "Lab de Pesq e Prat Ped em Educ Campo II", "creditos": 4.0, "tipo": "Obrigat\u00f3ria", "pre_requisitos": [7101007], "codigo_departamento": 71010000.0, "codigo_disciplina": 7101018, "horas": 60.0}, {"semestre": 2.0, "pos_requisitos": [7101100, 7101125, 7101149], "disciplina": "Fundamentos das L\u00ednguagens Artisticas", "creditos": 2.0, "tipo": "Obrigat\u00f3ria", "pre_requisitos": [], "codigo_departamento": 71010000.0, "codigo_disciplina": 7101033, "horas": 30.0}, {"semestre": 3.0, "pos_requisitos": [7101067], "disciplina": "Psicologia e Educa\u00e7\u00e3o", "creditos": 4.0, "tipo": "Obrigat\u00f3ria", "pre_requisitos": [], "codigo_departamento": 71010000.0, "codigo_disciplina": 7101014, "horas": 60.0}, {"semestre": 3.0, "pos_requisitos": [], "disciplina": "Tecnologia Educ e Proc de Aprendizagem", "creditos": 4.0, "tipo": "Obrigat\u00f3ria", "pre_requisitos": [7102015], "codigo_departamento": 71010000.0, "codigo_disciplina": 7101028, "horas": 60.0}, {"semestre": 3.0, "pos_requisitos": [7101066, 7101091, 7101092, 7101147, 7101143, 7101151, 7101170, 7101169, 7101171], "disciplina": "Did\u00e1tica", "creditos": 4.0, "tipo": "Obrigat\u00f3ria", "pre_requisitos": [], "codigo_departamento": 71010000.0, "codigo_disciplina": 7101029, "horas": 60.0}, {"semestre": 3.0, "pos_requisitos": [], "disciplina": "Introdu\u00e7\u00e3o \u00c0s Ci\u00eancias da Natureza", "creditos": 2.0, "tipo": "Obrigat\u00f3ria", "pre_requisitos": [], "codigo_departamento": 71010000.0, "codigo_disciplina": 7101034, "horas": 30.0}, {"semestre": 3.0, "pos_requisitos": [7101071, 7101070], "disciplina": "Introdu\u00e7\u00e3o \u00c0s Ci\u00eancias Humanas e Sociais", "creditos": 2.0, "tipo": "Obrigat\u00f3ria", "pre_requisitos": [], "codigo_departamento": 71010000.0, "codigo_disciplina": 7101037, "horas": 30.0}, {"semestre": 3.0, "pos_requisitos": [7101075], "disciplina": "Introdu\u00e7\u00e3o Aos Estudos de Ling e Codigos", "creditos": 2.0, "tipo": "Obrigat\u00f3ria", "pre_requisitos": [], "codigo_departamento": 71010000.0, "codigo_disciplina": 7101038, "horas": 30.0}, {"semestre": 3.0, "pos_requisitos": [7101074], "disciplina": "Matem\u00e1tica na Educa\u00e7\u00e3o B\u00e1sica I", "creditos": 4.0, "tipo": "Obrigat\u00f3ria", "pre_requisitos": [], "codigo_departamento": 71010000.0, "codigo_disciplina": 7101039, "horas": 60.0}, {"semestre": 3.0, "pos_requisitos": [7101041], "disciplina": "Lab de Pes e Prat Ped em Ed do Campo III", "creditos": 4.0, "tipo": "Obrigat\u00f3ria", "pre_requisitos": [7101018], "codigo_departamento": 71010000.0, "codigo_disciplina": 7101040, "horas": 60.0}, {"semestre": 4.0, "pos_requisitos": [7102070, 7101121], "disciplina": "Introdu\u00e7\u00e3o \u00e0 Biologia Molecular e Celular", "creditos": 4.0, "tipo": "Obrigat\u00f3ria", "pre_requisitos": [], "codigo_departamento": 71020000.0, "codigo_disciplina": 7102064, "horas": 60.0}, {"semestre": 4.0, "pos_requisitos": [], "disciplina": "Lab de Pes e Prat Ped em Ed do Campo IV", "creditos": 4.0, "tipo": "Obrigat\u00f3ria", "pre_requisitos": [7101040], "codigo_departamento": 71010000.0, "codigo_disciplina": 7101041, "horas": 60.0}, {"semestre": 4.0, "pos_requisitos": [7101102], "disciplina": "Ingl\u00eas I", "creditos": 4.0, "tipo": "Obrigat\u00f3ria", "pre_requisitos": [], "codigo_departamento": 71010000.0, "codigo_disciplina": 7101042, "horas": 60.0}, {"semestre": 4.0, "pos_requisitos": [], "disciplina": "Curriculo e Escola", "creditos": 4.0, "tipo": "Obrigat\u00f3ria", "pre_requisitos": [7101029], "codigo_departamento": 71010000.0, "codigo_disciplina": 7101066, "horas": 60.0}, {"semestre": 4.0, "pos_requisitos": [], "disciplina": "Educa\u00e7\u00e3o Especial", "creditos": 4.0, "tipo": "Obrigat\u00f3ria", "pre_requisitos": [7101014], "codigo_departamento": 71010000.0, "codigo_disciplina": 7101067, "horas": 60.0}, {"semestre": 4.0, "pos_requisitos": [], "disciplina": "Gest\u00e3o dos Processos Educativos", "creditos": 4.0, "tipo": "Obrigat\u00f3ria", "pre_requisitos": [7101017], "codigo_departamento": 71010000.0, "codigo_disciplina": 7101068, "horas": 60.0}, {"semestre": 4.0, "pos_requisitos": [], "disciplina": "Educa\u00e7\u00e3o Popular e Movimentos Sociais", "creditos": 4.0, "tipo": "Obrigat\u00f3ria", "pre_requisitos": [], "codigo_departamento": 71010000.0, "codigo_disciplina": 7101069, "horas": 60.0}, {"semestre": 4.0, "pos_requisitos": [], "disciplina": "Introdu\u00e7\u00e3o a Geografia", "creditos": 4.0, "tipo": "Obrigat\u00f3ria", "pre_requisitos": [7101037], "codigo_departamento": 71010000.0, "codigo_disciplina": 7101070, "horas": 60.0}, {"semestre": 4.0, "pos_requisitos": [], "disciplina": "Hist\u00f3ria Antiga e Medieval", "creditos": 4.0, "tipo": "Obrigat\u00f3ria", "pre_requisitos": [7101037], "codigo_departamento": 71010000.0, "codigo_disciplina": 7101071, "horas": 60.0}, {"semestre": 4.0, "pos_requisitos": [7101096], "disciplina": "Introdu\u00e7\u00e3o \u00e0 F\u00edsica Geral I", "creditos": 4.0, "tipo": "Obrigat\u00f3ria", "pre_requisitos": [], "codigo_departamento": 71010000.0, "codigo_disciplina": 7101073, "horas": 60.0}, {"semestre": 4.0, "pos_requisitos": [7101097], "disciplina": "Matem\u00e1tica na Educa\u00e7\u00e3o B\u00e1sica II", "creditos": 4.0, "tipo": "Obrigat\u00f3ria", "pre_requisitos": [7101039], "codigo_departamento": 71010000.0, "codigo_disciplina": 7101074, "horas": 60.0}, {"semestre": 4.0, "pos_requisitos": [7101098, 7101101, 7101123, 7101124], "disciplina": "Fundamentos da Ci\u00eancia da L\u00ednguagem", "creditos": 4.0, "tipo": "Obrigat\u00f3ria", "pre_requisitos": [7101038], "codigo_departamento": 71010000.0, "codigo_disciplina": 7101075, "horas": 60.0}, {"semestre": 4.0, "pos_requisitos": [7101099, 7101126, 7101148], "disciplina": "Teoria da Literatura", "creditos": 4.0, "tipo": "Obrigat\u00f3ria", "pre_requisitos": [], "codigo_departamento": 71010000.0, "codigo_disciplina": 7101076, "horas": 60.0}, {"semestre": 4.0, "pos_requisitos": [7101120], "disciplina": "Espanhol I", "creditos": 4.0, "tipo": "Obrigat\u00f3ria", "pre_requisitos": [], "codigo_departamento": 71010000.0, "codigo_disciplina": 7101086, "horas": 60.0}, {"semestre": 5.0, "pos_requisitos": [7101043], "disciplina": "Teoria Sociologica I", "creditos": 4.0, "tipo": "Obrigat\u00f3ria", "pre_requisitos": [7101003], "codigo_departamento": 71010000.0, "codigo_disciplina": 7101020, "horas": 60.0}, {"semestre": 5.0, "pos_requisitos": [], "disciplina": "Microbiologia Basica", "creditos": 4.0, "tipo": "Obrigat\u00f3ria", "pre_requisitos": [7102064], "codigo_departamento": 71020000.0, "codigo_disciplina": 7102070, "horas": 60.0}, {"semestre": 5.0, "pos_requisitos": [7102107, 7101145], "disciplina": "Introdu\u00e7\u00e3o \u00e0 Qu\u00edmica Geral", "creditos": 4.0, "tipo": "Obrigat\u00f3ria", "pre_requisitos": [], "codigo_departamento": 71020000.0, "codigo_disciplina": 7102071, "horas": 60.0}, {"semestre": 5.0, "pos_requisitos": [], "disciplina": "L\u00edngua Brasileira de Sinais", "creditos": 4.0, "tipo": "Obrigat\u00f3ria", "pre_requisitos": [], "codigo_departamento": 71010000.0, "codigo_disciplina": 7101084, "horas": 60.0}, {"semestre": 5.0, "pos_requisitos": [], "disciplina": "Avalia\u00e7\u00e3o dos Processos Educacionais", "creditos": 4.0, "tipo": "Obrigat\u00f3ria", "pre_requisitos": [7101029], "codigo_departamento": 71010000.0, "codigo_disciplina": 7101091, "horas": 60.0}, {"semestre": 5.0, "pos_requisitos": [7101116], "disciplina": "Est\u00e1gio Curricular Supervisionado I", "creditos": 6.0, "tipo": "Complementar", "pre_requisitos": [7101029], "codigo_departamento": 71010000.0, "codigo_disciplina": 7101092, "horas": 90.0}, {"semestre": 5.0, "pos_requisitos": [], "disciplina": "Hist\u00f3ria Moderna e Contempor\u00e2nea", "creditos": 4.0, "tipo": "Obrigat\u00f3ria", "pre_requisitos": [], "codigo_departamento": 71010000.0, "codigo_disciplina": 7101093, "horas": 60.0}, {"semestre": 5.0, "pos_requisitos": [], "disciplina": "Geografia do Brasil", "creditos": 4.0, "tipo": "Obrigat\u00f3ria", "pre_requisitos": [], "codigo_departamento": 71010000.0, "codigo_disciplina": 7101094, "horas": 60.0}, {"semestre": 5.0, "pos_requisitos": [], "disciplina": "Filosofia Contemporanea", "creditos": 4.0, "tipo": "Obrigat\u00f3ria", "pre_requisitos": [7101002], "codigo_departamento": 71010000.0, "codigo_disciplina": 7101095, "horas": 60.0}, {"semestre": 5.0, "pos_requisitos": [7102108], "disciplina": "Introdu\u00e7\u00e3o \u00e0 F\u00edsica Geral II", "creditos": 4.0, "tipo": "Obrigat\u00f3ria", "pre_requisitos": [7101073], "codigo_departamento": 71010000.0, "codigo_disciplina": 7101096, "horas": 60.0}, {"semestre": 5.0, "pos_requisitos": [7101122], "disciplina": "Matem\u00e1tica na Educa\u00e7\u00e3o B\u00e1sica III", "creditos": 4.0, "tipo": "Obrigat\u00f3ria", "pre_requisitos": [7101074], "codigo_departamento": 71010000.0, "codigo_disciplina": 7101097, "horas": 60.0}, {"semestre": 5.0, "pos_requisitos": [], "disciplina": "Fund Fonet e Fonolog da L\u00edngua Portugues", "creditos": 4.0, "tipo": "Obrigat\u00f3ria", "pre_requisitos": [7101075], "codigo_departamento": 71010000.0, "codigo_disciplina": 7101098, "horas": 60.0}, {"semestre": 5.0, "pos_requisitos": [], "disciplina": "Literatura Brasileira", "creditos": 4.0, "tipo": "Obrigat\u00f3ria", "pre_requisitos": [7101076], "codigo_departamento": 71010000.0, "codigo_disciplina": 7101099, "horas": 60.0}, {"semestre": 5.0, "pos_requisitos": [], "disciplina": "Educa\u00e7\u00e3o Musical", "creditos": 2.0, "tipo": "Obrigat\u00f3ria", "pre_requisitos": [7101033], "codigo_departamento": 71010000.0, "codigo_disciplina": 7101100, "horas": 30.0}, {"semestre": 5.0, "pos_requisitos": [], "disciplina": "Introdu\u00e7\u00e3o a Sociolinguistica", "creditos": 2.0, "tipo": "Obrigat\u00f3ria", "pre_requisitos": [7101075], "codigo_departamento": 71010000.0, "codigo_disciplina": 7101101, "horas": 30.0}, {"semestre": 5.0, "pos_requisitos": [], "disciplina": "Ingl\u00eas II", "creditos": 4.0, "tipo": "Obrigat\u00f3ria", "pre_requisitos": [7101042], "codigo_departamento": 71010000.0, "codigo_disciplina": 7101102, "horas": 60.0}, {"semestre": 6.0, "pos_requisitos": [], "disciplina": "Teoria Sociologica II", "creditos": 4.0, "tipo": "Obrigat\u00f3ria", "pre_requisitos": [7101020], "codigo_departamento": 71010000.0, "codigo_disciplina": 7101043, "horas": 60.0}, {"semestre": 6.0, "pos_requisitos": [], "disciplina": "Introdu\u00e7\u00e3o \u00e0 Qu\u00edmica Inorg\u00e2nica", "creditos": 4.0, "tipo": "Obrigat\u00f3ria", "pre_requisitos": [7102071], "codigo_departamento": 71020000.0, "codigo_disciplina": 7102107, "horas": 60.0}, {"semestre": 6.0, "pos_requisitos": [], "disciplina": "Educa\u00e7\u00e3o de Jovens e Adultos", "creditos": 4.0, "tipo": "Obrigat\u00f3ria", "pre_requisitos": [], "codigo_departamento": 71010000.0, "codigo_disciplina": 7101114, "horas": 60.0}, {"semestre": 6.0, "pos_requisitos": [], "disciplina": "Hist\u00f3ria e Cultura Afro - Brasileira", "creditos": 4.0, "tipo": "Obrigat\u00f3ria", "pre_requisitos": [], "codigo_departamento": 71010000.0, "codigo_disciplina": 7101115, "horas": 60.0}, {"semestre": 6.0, "pos_requisitos": [7101140], "disciplina": "Est\u00e1gio Curricular Supervisionado II", "creditos": 4.0, "tipo": "Complementar", "pre_requisitos": [7101092], "codigo_departamento": 71010000.0, "codigo_disciplina": 7101116, "horas": 60.0}, {"semestre": 6.0, "pos_requisitos": [], "disciplina": "Cartografia Geral", "creditos": 4.0, "tipo": "Obrigat\u00f3ria", "pre_requisitos": [], "codigo_departamento": 71010000.0, "codigo_disciplina": 7101117, "horas": 60.0}, {"semestre": 6.0, "pos_requisitos": [], "disciplina": "Hist\u00f3ria do Brasil", "creditos": 4.0, "tipo": "Obrigat\u00f3ria", "pre_requisitos": [], "codigo_departamento": 71010000.0, "codigo_disciplina": 7101118, "horas": 60.0}, {"semestre": 6.0, "pos_requisitos": [], "disciplina": "Identidades e Territorialidades", "creditos": 4.0, "tipo": "Obrigat\u00f3ria", "pre_requisitos": [], "codigo_departamento": 71010000.0, "codigo_disciplina": 7101119, "horas": 60.0}, {"semestre": 6.0, "pos_requisitos": [], "disciplina": "Espanhol II", "creditos": 4.0, "tipo": "Obrigat\u00f3ria", "pre_requisitos": [7101086], "codigo_departamento": 71010000.0, "codigo_disciplina": 7101120, "horas": 60.0}, {"semestre": 6.0, "pos_requisitos": [], "disciplina": "Introd. a Anatomia e Fisiologia Humana", "creditos": 4.0, "tipo": "Obrigat\u00f3ria", "pre_requisitos": [7102064], "codigo_departamento": 71010000.0, "codigo_disciplina": 7101121, "horas": 60.0}, {"semestre": 6.0, "pos_requisitos": [], "disciplina": "Geometria Plana, Espacial e Anal\u00edtica", "creditos": 4.0, "tipo": "Obrigat\u00f3ria", "pre_requisitos": [7101097], "codigo_departamento": 71010000.0, "codigo_disciplina": 7101122, "horas": 60.0}, {"semestre": 6.0, "pos_requisitos": [], "disciplina": "Aspect Morfossintaticos da L Portuguesa", "creditos": 4.0, "tipo": "Obrigat\u00f3ria", "pre_requisitos": [7101075], "codigo_departamento": 71010000.0, "codigo_disciplina": 7101123, "horas": 60.0}, {"semestre": 6.0, "pos_requisitos": [], "disciplina": "Processos de Alfabetizacao e Letramento", "creditos": 4.0, "tipo": "Obrigat\u00f3ria", "pre_requisitos": [7101075], "codigo_departamento": 71010000.0, "codigo_disciplina": 7101124, "horas": 60.0}, {"semestre": 6.0, "pos_requisitos": [], "disciplina": "Oficina de Artes Visuais", "creditos": 2.0, "tipo": "Obrigat\u00f3ria", "pre_requisitos": [7101033], "codigo_departamento": 71010000.0, "codigo_disciplina": 7101125, "horas": 30.0}, {"semestre": 6.0, "pos_requisitos": [], "disciplina": "Literatura e Cultura Popular", "creditos": 4.0, "tipo": "Obrigat\u00f3ria", "pre_requisitos": [7101076], "codigo_departamento": 71010000.0, "codigo_disciplina": 7101126, "horas": 30.0}, {"semestre": 6.0, "pos_requisitos": [], "disciplina": "Introdu\u00e7\u00e3o \u00e0 F\u00edsica Geral III", "creditos": 4.0, "tipo": "Obrigat\u00f3ria", "pre_requisitos": [7101096], "codigo_departamento": 71020000.0, "codigo_disciplina": 7102108, "horas": 60.0}, {"semestre": 7.0, "pos_requisitos": [], "disciplina": "Sociologia Rural", "creditos": 4.0, "tipo": "Obrigat\u00f3ria", "pre_requisitos": [7101003], "codigo_departamento": 71010000.0, "codigo_disciplina": 7101089, "horas": 60.0}, {"semestre": 7.0, "pos_requisitos": [], "disciplina": "Etnologia Indigena no Brasil", "creditos": 4.0, "tipo": "Obrigat\u00f3ria", "pre_requisitos": [], "codigo_departamento": 71010000.0, "codigo_disciplina": 7101139, "horas": 60.0}, {"semestre": 7.0, "pos_requisitos": [7101168], "disciplina": "Est\u00e1gio Curricular Supervisionado III", "creditos": 7.0, "tipo": "Complementar", "pre_requisitos": [7101116], "codigo_departamento": 71010000.0, "codigo_disciplina": 7101140, "horas": 105.0}, {"semestre": 7.0, "pos_requisitos": [], "disciplina": "Geografia da Paraiba", "creditos": 4.0, "tipo": "Obrigat\u00f3ria", "pre_requisitos": [], "codigo_departamento": 71010000.0, "codigo_disciplina": 7101141, "horas": 60.0}, {"semestre": 7.0, "pos_requisitos": [], "disciplina": "Hist\u00f3ria da Para\u00edba", "creditos": 4.0, "tipo": "Obrigat\u00f3ria", "pre_requisitos": [], "codigo_departamento": 71010000.0, "codigo_disciplina": 7101142, "horas": 60.0}, {"semestre": 7.0, "pos_requisitos": [], "disciplina": "Met do Ens de C Hum e Soc no Ens Fundam", "creditos": 4.0, "tipo": "Obrigat\u00f3ria", "pre_requisitos": [7101029], "codigo_departamento": 71010000.0, "codigo_disciplina": 7101143, "horas": 60.0}, {"semestre": 7.0, "pos_requisitos": [], "disciplina": "Botanica do Semiarido", "creditos": 4.0, "tipo": "Obrigat\u00f3ria", "pre_requisitos": [], "codigo_departamento": 71010000.0, "codigo_disciplina": 7101144, "horas": 60.0}, {"semestre": 7.0, "pos_requisitos": [], "disciplina": "Introdu\u00e7\u00e3o \u00e0 Qu\u00edmica Org\u00e2nica", "creditos": 4.0, "tipo": "Obrigat\u00f3ria", "pre_requisitos": [7102071], "codigo_departamento": 71010000.0, "codigo_disciplina": 7101145, "horas": 60.0}, {"semestre": 7.0, "pos_requisitos": [], "disciplina": "Zoologia do Semiarido", "creditos": 4.0, "tipo": "Obrigat\u00f3ria", "pre_requisitos": [], "codigo_departamento": 71010000.0, "codigo_disciplina": 7101146, "horas": 60.0}, {"semestre": 7.0, "pos_requisitos": [], "disciplina": "Met do Ens de C Exat e da Nat no Ens Fun", "creditos": 4.0, "tipo": "Obrigat\u00f3ria", "pre_requisitos": [7101029], "codigo_departamento": 71010000.0, "codigo_disciplina": 7101147, "horas": 60.0}, {"semestre": 7.0, "pos_requisitos": [], "disciplina": "Literatura Infantil", "creditos": 2.0, "tipo": "Obrigat\u00f3ria", "pre_requisitos": [7101076], "codigo_departamento": 71010000.0, "codigo_disciplina": 7101148, "horas": 30.0}, {"semestre": 7.0, "pos_requisitos": [], "disciplina": "Pedagogia do Teatro", "creditos": 2.0, "tipo": "Obrigat\u00f3ria", "pre_requisitos": [7101033], "codigo_departamento": 71010000.0, "codigo_disciplina": 7101149, "horas": 30.0}, {"semestre": 7.0, "pos_requisitos": [], "disciplina": "Ed. F\u00edsica no Ens. Fund. e Ens. M\u00e9dio", "creditos": 4.0, "tipo": "Obrigat\u00f3ria", "pre_requisitos": [7101015], "codigo_departamento": 71010000.0, "codigo_disciplina": 7101150, "horas": 60.0}, {"semestre": 7.0, "pos_requisitos": [], "disciplina": "Met Ens de Ling Port no Ens Fund e Medio", "creditos": 4.0, "tipo": "Obrigat\u00f3ria", "pre_requisitos": [7101029], "codigo_departamento": 71010000.0, "codigo_disciplina": 7101151, "horas": 60.0}, {"semestre": 8.0, "pos_requisitos": [], "disciplina": "Trabalho de Conclus\u00e3o de Curso", "creditos": 4.0, "tipo": "Complementar", "pre_requisitos": [], "codigo_departamento": 71010000.0, "codigo_disciplina": 7101167, "horas": 60.0}, {"semestre": 8.0, "pos_requisitos": [], "disciplina": "Est\u00e1gio Curricular Supervisionado IV", "creditos": 12.0, "tipo": "Complementar", "pre_requisitos": [7101140], "codigo_departamento": 71010000.0, "codigo_disciplina": 7101168, "horas": 180.0}, {"semestre": 8.0, "pos_requisitos": [], "disciplina": "Met do Ens de C Hum e Soc no Ens Medio", "creditos": 4.0, "tipo": "Obrigat\u00f3ria", "pre_requisitos": [7101029], "codigo_departamento": 71010000.0, "codigo_disciplina": 7101169, "horas": 60.0}, {"semestre": 8.0, "pos_requisitos": [], "disciplina": "Met do Ens de C Exat e da Nat no Ens Med", "creditos": 4.0, "tipo": "Obrigat\u00f3ria", "pre_requisitos": [7101029], "codigo_departamento": 71010000.0, "codigo_disciplina": 7101170, "horas": 60.0}, {"semestre": 8.0, "pos_requisitos": [], "disciplina": "Met do Ens de L Est no Ens Fund e Medio", "creditos": 4.0, "tipo": "Obrigat\u00f3ria", "pre_requisitos": [7101029], "codigo_departamento": 71010000.0, "codigo_disciplina": 7101171, "horas": 60.0}, {"semestre": 8.0, "pos_requisitos": [], "disciplina": "Atividades Acad\u00eamico - Cient\u00edfico - Culturais", "creditos": 14.0, "tipo": "Complementar", "pre_requisitos": [], "codigo_departamento": 71010000.0, "codigo_disciplina": 7101172, "horas": 210.0}]