[{"semestre": null, "pos_requisitos": [], "disciplina": "Enade/Concluinte", "creditos": null, "tipo": "Complementar", "pre_requisitos": [], "codigo_departamento": 13050000.0, "codigo_disciplina": 1305253, "horas": null}, {"semestre": null, "pos_requisitos": [], "disciplina": "Enade/Ingressante", "creditos": null, "tipo": "Complementar", "pre_requisitos": [], "codigo_departamento": 13050000.0, "codigo_disciplina": 1305254, "horas": null}, {"semestre": 1.0, "pos_requisitos": [], "disciplina": "Hist\u00f3ria da Enfermagem", "creditos": 2.0, "tipo": "Obrigat\u00f3ria", "pre_requisitos": [], "codigo_departamento": 51030000.0, "codigo_disciplina": 5103022, "horas": 30.0}, {"semestre": 1.0, "pos_requisitos": [], "disciplina": "Semin\u00e1rio Integrador I", "creditos": 1.0, "tipo": "Obrigat\u00f3ria", "pre_requisitos": [], "codigo_departamento": 51030000.0, "codigo_disciplina": 5103024, "horas": 15.0}, {"semestre": 1.0, "pos_requisitos": [5102019, 5102154], "disciplina": "Anatomia Humana", "creditos": 6.0, "tipo": "Obrigat\u00f3ria", "pre_requisitos": [], "codigo_departamento": 51020000.0, "codigo_disciplina": 5102004, "horas": 90.0}, {"semestre": 1.0, "pos_requisitos": [5102010], "disciplina": "Bioqu\u00edmica Geral", "creditos": 4.0, "tipo": "Obrigat\u00f3ria", "pre_requisitos": [], "codigo_departamento": 51020000.0, "codigo_disciplina": 5102005, "horas": 60.0}, {"semestre": 1.0, "pos_requisitos": [], "disciplina": "M\u00e9todologia Cient\u00edfica Aplicada \u00e0 Sa\u00fade", "creditos": 2.0, "tipo": "Obrigat\u00f3ria", "pre_requisitos": [], "codigo_departamento": 51020000.0, "codigo_disciplina": 5102007, "horas": 30.0}, {"semestre": 1.0, "pos_requisitos": [5102006, 5102037, 5102057], "disciplina": "Biologia Celular", "creditos": 4.0, "tipo": "Obrigat\u00f3ria", "pre_requisitos": [], "codigo_departamento": 51010000.0, "codigo_disciplina": 5101001, "horas": 60.0}, {"semestre": 1.0, "pos_requisitos": [], "disciplina": "Bioestatistica", "creditos": 3.0, "tipo": "Obrigat\u00f3ria", "pre_requisitos": [], "codigo_departamento": 51010000.0, "codigo_disciplina": 5101093, "horas": 45.0}, {"semestre": 2.0, "pos_requisitos": [], "disciplina": "Gen\u00e9tica Geral", "creditos": 4.0, "tipo": "Obrigat\u00f3ria", "pre_requisitos": [], "codigo_departamento": 51010000.0, "codigo_disciplina": 5101101, "horas": 60.0}, {"semestre": 2.0, "pos_requisitos": [5103030], "disciplina": "Epidemiologia e Sa\u00fade", "creditos": 3.0, "tipo": "Obrigat\u00f3ria", "pre_requisitos": [], "codigo_departamento": 51030000.0, "codigo_disciplina": 5103027, "horas": 45.0}, {"semestre": 2.0, "pos_requisitos": [], "disciplina": "Biof\u00edsica", "creditos": 3.0, "tipo": "Obrigat\u00f3ria", "pre_requisitos": [5101001], "codigo_departamento": 51020000.0, "codigo_disciplina": 5102006, "horas": 45.0}, {"semestre": 2.0, "pos_requisitos": [5103031], "disciplina": "Patologia Geral", "creditos": 4.0, "tipo": "Obrigat\u00f3ria", "pre_requisitos": [5102005], "codigo_departamento": 51020000.0, "codigo_disciplina": 5102010, "horas": 60.0}, {"semestre": 2.0, "pos_requisitos": [], "disciplina": "Semin\u00e1rio Integrador II", "creditos": 1.0, "tipo": "Obrigat\u00f3ria", "pre_requisitos": [], "codigo_departamento": 51030000.0, "codigo_disciplina": 5103035, "horas": 15.0}, {"semestre": 2.0, "pos_requisitos": [5102029, 5103031], "disciplina": "Fisiologia", "creditos": 6.0, "tipo": "Obrigat\u00f3ria", "pre_requisitos": [5102004], "codigo_departamento": 51020000.0, "codigo_disciplina": 5102019, "horas": 90.0}, {"semestre": 2.0, "pos_requisitos": [], "disciplina": "Fisiologia (Complementacao)", "creditos": 2.0, "tipo": "Obrigat\u00f3ria", "pre_requisitos": [5102004], "codigo_departamento": 51020000.0, "codigo_disciplina": 5102154, "horas": 30.0}, {"semestre": 2.0, "pos_requisitos": [], "disciplina": "Histologia", "creditos": 2.0, "tipo": "Obrigat\u00f3ria", "pre_requisitos": [5101001], "codigo_departamento": 51020000.0, "codigo_disciplina": 5102037, "horas": 30.0}, {"semestre": 2.0, "pos_requisitos": [5103059], "disciplina": "Microbiologia e Imunologia", "creditos": 4.0, "tipo": "Obrigat\u00f3ria", "pre_requisitos": [], "codigo_departamento": 51020000.0, "codigo_disciplina": 5102038, "horas": 60.0}, {"semestre": 3.0, "pos_requisitos": [5103045], "disciplina": "Sa\u00fade Coletiva I", "creditos": 4.0, "tipo": "Obrigat\u00f3ria", "pre_requisitos": [], "codigo_departamento": 51030000.0, "codigo_disciplina": 5103026, "horas": 60.0}, {"semestre": 3.0, "pos_requisitos": [], "disciplina": "\u00c9tica, Legislacao e Bioet. em Enfermagem", "creditos": 4.0, "tipo": "Obrigat\u00f3ria", "pre_requisitos": [], "codigo_departamento": 51030000.0, "codigo_disciplina": 5103039, "horas": 60.0}, {"semestre": 3.0, "pos_requisitos": [], "disciplina": "Sa\u00fade Ambiental", "creditos": 2.0, "tipo": "Obrigat\u00f3ria", "pre_requisitos": [5103027], "codigo_departamento": 51030000.0, "codigo_disciplina": 5103030, "horas": 30.0}, {"semestre": 3.0, "pos_requisitos": [], "disciplina": "Parasitologia Humana", "creditos": 4.0, "tipo": "Obrigat\u00f3ria", "pre_requisitos": [], "codigo_departamento": 51020000.0, "codigo_disciplina": 5102028, "horas": 60.0}, {"semestre": 3.0, "pos_requisitos": [5103041], "disciplina": "Farmacologia Geral", "creditos": 4.0, "tipo": "Obrigat\u00f3ria", "pre_requisitos": [5102019], "codigo_departamento": 51020000.0, "codigo_disciplina": 5102029, "horas": 60.0}, {"semestre": 3.0, "pos_requisitos": [5103043, 5103042], "disciplina": "Semiologia e Semiot\u00e9cnica I", "creditos": 7.0, "tipo": "Obrigat\u00f3ria", "pre_requisitos": [5102019, 5102010], "codigo_departamento": 51030000.0, "codigo_disciplina": 5103031, "horas": 105.0}, {"semestre": 3.0, "pos_requisitos": [], "disciplina": "Semin\u00e1rio Integrador III", "creditos": 1.0, "tipo": "Obrigat\u00f3ria", "pre_requisitos": [], "codigo_departamento": 51030000.0, "codigo_disciplina": 5103036, "horas": 15.0}, {"semestre": 4.0, "pos_requisitos": [], "disciplina": "Inform\u00e1tica Aplicada \u00e0 Sa\u00fade", "creditos": 2.0, "tipo": "Obrigat\u00f3ria", "pre_requisitos": [], "codigo_departamento": 51010000.0, "codigo_disciplina": 5101066, "horas": 30.0}, {"semestre": 4.0, "pos_requisitos": [], "disciplina": "M\u00e9todologia da Assistencia em Enfermagem", "creditos": 2.0, "tipo": "Obrigat\u00f3ria", "pre_requisitos": [5103031], "codigo_departamento": 51030000.0, "codigo_disciplina": 5103043, "horas": 30.0}, {"semestre": 4.0, "pos_requisitos": [], "disciplina": "Portugues", "creditos": 2.0, "tipo": "Obrigat\u00f3ria", "pre_requisitos": [], "codigo_departamento": 51010000.0, "codigo_disciplina": 5101116, "horas": 30.0}, {"semestre": 4.0, "pos_requisitos": [], "disciplina": "Farmacologia Aplicada a Enfermagem", "creditos": 2.0, "tipo": "Obrigat\u00f3ria", "pre_requisitos": [5102029], "codigo_departamento": 51030000.0, "codigo_disciplina": 5103041, "horas": 30.0}, {"semestre": 4.0, "pos_requisitos": [5103060, 5103058, 5103062, 5103076, 5103100, 5103101, 5103014], "disciplina": "Semiologia e Semiot\u00e9cnica II", "creditos": 8.0, "tipo": "Obrigat\u00f3ria", "pre_requisitos": [5103031], "codigo_departamento": 51030000.0, "codigo_disciplina": 5103042, "horas": 120.0}, {"semestre": 4.0, "pos_requisitos": [5103103], "disciplina": "Sa\u00fade Mental", "creditos": 3.0, "tipo": "Obrigat\u00f3ria", "pre_requisitos": [], "codigo_departamento": 51030000.0, "codigo_disciplina": 5103044, "horas": 45.0}, {"semestre": 4.0, "pos_requisitos": [5103128], "disciplina": "Sa\u00fade Coletiva II", "creditos": 6.0, "tipo": "Obrigat\u00f3ria", "pre_requisitos": [5103026], "codigo_departamento": 51030000.0, "codigo_disciplina": 5103045, "horas": 90.0}, {"semestre": 4.0, "pos_requisitos": [], "disciplina": "Aspectos Nutricionais em Sa\u00fade - Doenca", "creditos": 2.0, "tipo": "Obrigat\u00f3ria", "pre_requisitos": [], "codigo_departamento": 51020000.0, "codigo_disciplina": 5102033, "horas": 30.0}, {"semestre": 4.0, "pos_requisitos": [], "disciplina": "Enfermagem na Interp de Exames Laborator", "creditos": 2.0, "tipo": "Obrigat\u00f3ria", "pre_requisitos": [5102038], "codigo_departamento": 51030000.0, "codigo_disciplina": 5103059, "horas": 30.0}, {"semestre": 4.0, "pos_requisitos": [5103077], "disciplina": "Enfermagem na Sa\u00fade do Adulto I", "creditos": 6.0, "tipo": "Obrigat\u00f3ria", "pre_requisitos": [5103042], "codigo_departamento": 51030000.0, "codigo_disciplina": 5103060, "horas": 90.0}, {"semestre": 5.0, "pos_requisitos": [5103128], "disciplina": "Enfermagem na Sa\u00fade do Idoso", "creditos": 3.0, "tipo": "Obrigat\u00f3ria", "pre_requisitos": [5103042], "codigo_departamento": 51030000.0, "codigo_disciplina": 5103062, "horas": 45.0}, {"semestre": 5.0, "pos_requisitos": [], "disciplina": "Antropologia da Sa\u00fade", "creditos": 2.0, "tipo": "Obrigat\u00f3ria", "pre_requisitos": [], "codigo_departamento": 51030000.0, "codigo_disciplina": 5103021, "horas": 30.0}, {"semestre": 5.0, "pos_requisitos": [5103074, 5103128], "disciplina": "Enfermagem na Sa\u00fade da Mulher", "creditos": 5.0, "tipo": "Obrigat\u00f3ria", "pre_requisitos": [5103042], "codigo_departamento": 51030000.0, "codigo_disciplina": 5103058, "horas": 60.0}, {"semestre": 5.0, "pos_requisitos": [], "disciplina": "Psicologia e Sa\u00fade", "creditos": 2.0, "tipo": "Obrigat\u00f3ria", "pre_requisitos": [], "codigo_departamento": 51010000.0, "codigo_disciplina": 5101143, "horas": 30.0}, {"semestre": 5.0, "pos_requisitos": [], "disciplina": "Embriologia", "creditos": 2.0, "tipo": "Obrigat\u00f3ria", "pre_requisitos": [5101001], "codigo_departamento": 51020000.0, "codigo_disciplina": 5102057, "horas": 30.0}, {"semestre": 5.0, "pos_requisitos": [], "disciplina": "Adm e Gest\u00e3o em Servi\u00e7os de Sa\u00fade I", "creditos": 3.0, "tipo": "Obrigat\u00f3ria", "pre_requisitos": [], "codigo_departamento": 51030000.0, "codigo_disciplina": 5103061, "horas": 45.0}, {"semestre": 6.0, "pos_requisitos": [5103113], "disciplina": "Enfermagem na Sa\u00fade do Adulto II", "creditos": 6.0, "tipo": "Obrigat\u00f3ria", "pre_requisitos": [5103060], "codigo_departamento": 51030000.0, "codigo_disciplina": 5103077, "horas": 90.0}, {"semestre": 6.0, "pos_requisitos": [5103142], "disciplina": "Enfermagem Obstetrica", "creditos": 6.0, "tipo": "Obrigat\u00f3ria", "pre_requisitos": [5103058], "codigo_departamento": 51030000.0, "codigo_disciplina": 5103074, "horas": 90.0}, {"semestre": 6.0, "pos_requisitos": [], "disciplina": "Humanizacao em Sa\u00fade", "creditos": 2.0, "tipo": "Obrigat\u00f3ria", "pre_requisitos": [], "codigo_departamento": 51030000.0, "codigo_disciplina": 5103075, "horas": 30.0}, {"semestre": 6.0, "pos_requisitos": [], "disciplina": "Enfermagem em Oncologia", "creditos": 2.0, "tipo": "Obrigat\u00f3ria", "pre_requisitos": [5103042], "codigo_departamento": 51030000.0, "codigo_disciplina": 5103076, "horas": 30.0}, {"semestre": 6.0, "pos_requisitos": [], "disciplina": "Atencao Integral a Sa\u00fade do Homem", "creditos": 3.0, "tipo": "Obrigat\u00f3ria", "pre_requisitos": [], "codigo_departamento": 51030000.0, "codigo_disciplina": 5103078, "horas": 45.0}, {"semestre": 6.0, "pos_requisitos": [], "disciplina": "Adm e Gest\u00e3o em Servi\u00e7os de Sa\u00fade II", "creditos": 3.0, "tipo": "Obrigat\u00f3ria", "pre_requisitos": [], "codigo_departamento": 51030000.0, "codigo_disciplina": 5103079, "horas": 45.0}, {"semestre": 7.0, "pos_requisitos": [], "disciplina": "Processo de Trabalho em Sa\u00fade", "creditos": 3.0, "tipo": "Obrigat\u00f3ria", "pre_requisitos": [], "codigo_departamento": 51030000.0, "codigo_disciplina": 5103104, "horas": 45.0}, {"semestre": 7.0, "pos_requisitos": [], "disciplina": "Primeiros Socorros", "creditos": 3.0, "tipo": "Obrigat\u00f3ria", "pre_requisitos": [5103042], "codigo_departamento": 51030000.0, "codigo_disciplina": 5103014, "horas": 45.0}, {"semestre": 7.0, "pos_requisitos": [5103115], "disciplina": "Enfermag em Neonatol e Sa\u00fade da Crianca", "creditos": 4.0, "tipo": "Obrigat\u00f3ria", "pre_requisitos": [5103042], "codigo_departamento": 51030000.0, "codigo_disciplina": 5103100, "horas": 60.0}, {"semestre": 7.0, "pos_requisitos": [5103112], "disciplina": "Enfermagem Cir\u00fargica I", "creditos": 5.0, "tipo": "Obrigat\u00f3ria", "pre_requisitos": [5103042], "codigo_departamento": 51030000.0, "codigo_disciplina": 5103101, "horas": 75.0}, {"semestre": 7.0, "pos_requisitos": [], "disciplina": "Educa\u00e7\u00e3o em Sa\u00fade", "creditos": 2.0, "tipo": "Obrigat\u00f3ria", "pre_requisitos": [], "codigo_departamento": 51030000.0, "codigo_disciplina": 5103102, "horas": 30.0}, {"semestre": 7.0, "pos_requisitos": [5103128, 5103142], "disciplina": "Enfermagem em Psiquiatria", "creditos": 5.0, "tipo": "Obrigat\u00f3ria", "pre_requisitos": [5103044], "codigo_departamento": 51030000.0, "codigo_disciplina": 5103103, "horas": 75.0}, {"semestre": 8.0, "pos_requisitos": [5103142], "disciplina": "Enfermagem Cir\u00fargica II", "creditos": 5.0, "tipo": "Obrigat\u00f3ria", "pre_requisitos": [5103101], "codigo_departamento": 51030000.0, "codigo_disciplina": 5103112, "horas": 75.0}, {"semestre": 8.0, "pos_requisitos": [5103142], "disciplina": "Cuidados Criticos", "creditos": 6.0, "tipo": "Obrigat\u00f3ria", "pre_requisitos": [5103077], "codigo_departamento": 51030000.0, "codigo_disciplina": 5103113, "horas": 90.0}, {"semestre": 8.0, "pos_requisitos": [5103128, 5103142], "disciplina": "Enferm na Sa\u00fade do Escolar e do Adolesc.", "creditos": 5.0, "tipo": "Obrigat\u00f3ria", "pre_requisitos": [5103100], "codigo_departamento": 51030000.0, "codigo_disciplina": 5103115, "horas": 75.0}, {"semestre": 8.0, "pos_requisitos": [], "disciplina": "Sa\u00fade e Sociedade", "creditos": 2.0, "tipo": "Obrigat\u00f3ria", "pre_requisitos": [], "codigo_departamento": 51020000.0, "codigo_disciplina": 5102008, "horas": 30.0}, {"semestre": 8.0, "pos_requisitos": [], "disciplina": "Enfermagem na Sa\u00fade do Trabalhador", "creditos": 2.0, "tipo": "Obrigat\u00f3ria", "pre_requisitos": [], "codigo_departamento": 51030000.0, "codigo_disciplina": 5103114, "horas": 30.0}, {"semestre": 9.0, "pos_requisitos": [], "disciplina": "Est\u00e1gio Supervisionado em Enfermagem I", "creditos": 27.0, "tipo": "Obrigat\u00f3ria", "pre_requisitos": [5103045, 5103058, 5103062, 5103103, 5103115], "codigo_departamento": 51030000.0, "codigo_disciplina": 5103128, "horas": 405.0}, {"semestre": 10.0, "pos_requisitos": [], "disciplina": "Trabalho de Conclus\u00e3o de Curso", "creditos": 3.0, "tipo": "Obrigat\u00f3ria", "pre_requisitos": [], "codigo_departamento": 51030000.0, "codigo_disciplina": 5103143, "horas": 45.0}, {"semestre": 10.0, "pos_requisitos": [], "disciplina": "Atividades Complementares Flex\u00edveis", "creditos": 10.0, "tipo": "Complementar", "pre_requisitos": [], "codigo_departamento": 51020000.0, "codigo_disciplina": 5102144, "horas": 150.0}, {"semestre": 10.0, "pos_requisitos": [], "disciplina": "Est\u00e1gio Supervisionado em Enfermagem II", "creditos": 27.0, "tipo": "Obrigat\u00f3ria", "pre_requisitos": [5103112, 5103115, 5103103, 5103074, 5103113], "codigo_departamento": 51030000.0, "codigo_disciplina": 5103142, "horas": 405.0}]