[{"semestre": 1.0, "pos_requisitos": [1201192], "disciplina": "Anatomia", "creditos": 4.0, "tipo": "Obrigat\u00f3ria", "pre_requisitos": [], "codigo_departamento": 12010000.0, "codigo_disciplina": 1201161, "horas": 60.0}, {"semestre": 1.0, "pos_requisitos": [1201192], "disciplina": "Anatomia (Pr\u00e1tica)", "creditos": 4.0, "tipo": "Obrigat\u00f3ria", "pre_requisitos": [], "codigo_departamento": 12010000.0, "codigo_disciplina": 1201162, "horas": 60.0}, {"semestre": 1.0, "pos_requisitos": [1201192], "disciplina": "Bioqu\u00edmica", "creditos": 3.0, "tipo": "Obrigat\u00f3ria", "pre_requisitos": [], "codigo_departamento": 12010000.0, "codigo_disciplina": 1201163, "horas": 45.0}, {"semestre": 1.0, "pos_requisitos": [1201192], "disciplina": "Bioqu\u00edmica (Pr\u00e1tica)", "creditos": 2.0, "tipo": "Obrigat\u00f3ria", "pre_requisitos": [], "codigo_departamento": 12010000.0, "codigo_disciplina": 1201164, "horas": 30.0}, {"semestre": 1.0, "pos_requisitos": [1201192], "disciplina": "Biof\u00edsica", "creditos": 3.0, "tipo": "Obrigat\u00f3ria", "pre_requisitos": [], "codigo_departamento": 12010000.0, "codigo_disciplina": 1201132, "horas": 45.0}, {"semestre": 1.0, "pos_requisitos": [], "disciplina": "Biologia Celular", "creditos": 3.0, "tipo": "Obrigat\u00f3ria", "pre_requisitos": [], "codigo_departamento": 12010000.0, "codigo_disciplina": 1201133, "horas": 45.0}, {"semestre": 1.0, "pos_requisitos": [1201159], "disciplina": "Sa\u00fade Coletiva I", "creditos": 3.0, "tipo": "Obrigat\u00f3ria", "pre_requisitos": [], "codigo_departamento": 12010000.0, "codigo_disciplina": 1201134, "horas": 45.0}, {"semestre": 1.0, "pos_requisitos": [], "disciplina": "Hist\u00f3ria da Enfermagem", "creditos": 2.0, "tipo": "Complementar", "pre_requisitos": [], "codigo_departamento": 12010000.0, "codigo_disciplina": 1201135, "horas": 30.0}, {"semestre": 1.0, "pos_requisitos": [1201257, 1201266], "disciplina": "Ensino e Pesquisa em Sa\u00fade I", "creditos": 2.0, "tipo": "Complementar", "pre_requisitos": [], "codigo_departamento": 12010000.0, "codigo_disciplina": 1201136, "horas": 30.0}, {"semestre": 2.0, "pos_requisitos": [1201192], "disciplina": "Histologia e Embriologia", "creditos": 2.0, "tipo": "Obrigat\u00f3ria", "pre_requisitos": [], "codigo_departamento": 12010000.0, "codigo_disciplina": 1201165, "horas": 30.0}, {"semestre": 2.0, "pos_requisitos": [1201192], "disciplina": "Histologia e Embriologia (Pr\u00e1tica)", "creditos": 2.0, "tipo": "Obrigat\u00f3ria", "pre_requisitos": [], "codigo_departamento": 12010000.0, "codigo_disciplina": 1201166, "horas": 30.0}, {"semestre": 2.0, "pos_requisitos": [1201192], "disciplina": "Semiologia e Semiot\u00e9cnica I", "creditos": 4.0, "tipo": "Obrigat\u00f3ria", "pre_requisitos": [], "codigo_departamento": 12010000.0, "codigo_disciplina": 1201167, "horas": 60.0}, {"semestre": 2.0, "pos_requisitos": [1201192], "disciplina": "Semiologia e Semiot\u00e9cnica I (Pr\u00e1tica)", "creditos": 2.0, "tipo": "Obrigat\u00f3ria", "pre_requisitos": [], "codigo_departamento": 12010000.0, "codigo_disciplina": 1201168, "horas": 30.0}, {"semestre": 2.0, "pos_requisitos": [1201192], "disciplina": "Sistematizacao da Assist. de Enfermagem", "creditos": 2.0, "tipo": "Obrigat\u00f3ria", "pre_requisitos": [], "codigo_departamento": 12010000.0, "codigo_disciplina": 1201169, "horas": 30.0}, {"semestre": 2.0, "pos_requisitos": [], "disciplina": "Bioestatistica", "creditos": 2.0, "tipo": "Complementar", "pre_requisitos": [], "codigo_departamento": 12010000.0, "codigo_disciplina": 1201139, "horas": 30.0}, {"semestre": 2.0, "pos_requisitos": [], "disciplina": "\u00c9tica e Legislacao em Enfermagem", "creditos": 4.0, "tipo": "Complementar", "pre_requisitos": [], "codigo_departamento": 12010000.0, "codigo_disciplina": 1201140, "horas": 60.0}, {"semestre": 2.0, "pos_requisitos": [1201192], "disciplina": "Fisiologia", "creditos": 7.0, "tipo": "Obrigat\u00f3ria", "pre_requisitos": [], "codigo_departamento": 12010000.0, "codigo_disciplina": 1201141, "horas": 105.0}, {"semestre": 2.0, "pos_requisitos": [], "disciplina": "Gen\u00e9tica", "creditos": 3.0, "tipo": "Obrigat\u00f3ria", "pre_requisitos": [], "codigo_departamento": 12010000.0, "codigo_disciplina": 1201142, "horas": 45.0}, {"semestre": 3.0, "pos_requisitos": [], "disciplina": "Epidemiologia", "creditos": 4.0, "tipo": "Obrigat\u00f3ria", "pre_requisitos": [], "codigo_departamento": 12010000.0, "codigo_disciplina": 1201152, "horas": 60.0}, {"semestre": 3.0, "pos_requisitos": [1201192], "disciplina": "Farmacologia", "creditos": 4.0, "tipo": "Obrigat\u00f3ria", "pre_requisitos": [], "codigo_departamento": 12010000.0, "codigo_disciplina": 1201153, "horas": 60.0}, {"semestre": 3.0, "pos_requisitos": [1201192], "disciplina": "Farmacologia (Pr\u00e1tica)", "creditos": 2.0, "tipo": "Obrigat\u00f3ria", "pre_requisitos": [], "codigo_departamento": 12010000.0, "codigo_disciplina": 1201154, "horas": 30.0}, {"semestre": 3.0, "pos_requisitos": [1201192], "disciplina": "Microbiologia e Imunologia", "creditos": 2.0, "tipo": "Obrigat\u00f3ria", "pre_requisitos": [], "codigo_departamento": 12010000.0, "codigo_disciplina": 1201155, "horas": 30.0}, {"semestre": 3.0, "pos_requisitos": [1201192], "disciplina": "Microbiologia e Imunologia (Pr\u00e1tica)", "creditos": 2.0, "tipo": "Obrigat\u00f3ria", "pre_requisitos": [], "codigo_departamento": 12010000.0, "codigo_disciplina": 1201156, "horas": 30.0}, {"semestre": 3.0, "pos_requisitos": [], "disciplina": "Parasitologia", "creditos": 2.0, "tipo": "Obrigat\u00f3ria", "pre_requisitos": [], "codigo_departamento": 12010000.0, "codigo_disciplina": 1201157, "horas": 30.0}, {"semestre": 3.0, "pos_requisitos": [], "disciplina": "Parasitologia (Pr\u00e1tica)", "creditos": 2.0, "tipo": "Obrigat\u00f3ria", "pre_requisitos": [], "codigo_departamento": 12010000.0, "codigo_disciplina": 1201158, "horas": 30.0}, {"semestre": 3.0, "pos_requisitos": [1201226, 1201237], "disciplina": "Sa\u00fade Coletiva II", "creditos": 5.0, "tipo": "Obrigat\u00f3ria", "pre_requisitos": [1201134], "codigo_departamento": 12010000.0, "codigo_disciplina": 1201159, "horas": 75.0}, {"semestre": 3.0, "pos_requisitos": [1201226, 1201237], "disciplina": "Sa\u00fade Coletiva II (Pr\u00e1tica)", "creditos": 3.0, "tipo": "Obrigat\u00f3ria", "pre_requisitos": [], "codigo_departamento": 12010000.0, "codigo_disciplina": 1201160, "horas": 45.0}, {"semestre": 4.0, "pos_requisitos": [1201226], "disciplina": "Patologia", "creditos": 4.0, "tipo": "Obrigat\u00f3ria", "pre_requisitos": [], "codigo_departamento": 12010000.0, "codigo_disciplina": 1201191, "horas": 60.0}, {"semestre": 4.0, "pos_requisitos": [1201220, 1201222, 1201226, 1201228], "disciplina": "Semiologia e Semiot\u00e9cnica II", "creditos": 6.0, "tipo": "Obrigat\u00f3ria", "pre_requisitos": [1201167, 1201168, 1201132, 1201141, 1201169, 1201155, 1201156, 1201161, 1201162, 1201163, 1201164, 1201165, 1201166, 1201153, 1201154], "codigo_departamento": 12010000.0, "codigo_disciplina": 1201192, "horas": 90.0}, {"semestre": 4.0, "pos_requisitos": [1201220, 1201222, 1201226, 1201228], "disciplina": "Semiologia e Semiot\u00e9cnica II (Pr\u00e1tica)", "creditos": 4.0, "tipo": "Obrigat\u00f3ria", "pre_requisitos": [], "codigo_departamento": 12010000.0, "codigo_disciplina": 1201193, "horas": 60.0}, {"semestre": 4.0, "pos_requisitos": [1201226], "disciplina": "Nutri\u00e7\u00e3o Aplicada a Enfermagem", "creditos": 4.0, "tipo": "Complementar", "pre_requisitos": [], "codigo_departamento": 12010000.0, "codigo_disciplina": 1201194, "horas": 60.0}, {"semestre": 4.0, "pos_requisitos": [1201226], "disciplina": "Psicologia Geral", "creditos": 4.0, "tipo": "Complementar", "pre_requisitos": [], "codigo_departamento": 12010000.0, "codigo_disciplina": 1201195, "horas": 60.0}, {"semestre": 4.0, "pos_requisitos": [], "disciplina": "Sociologia e Antropologia da Sa\u00fade", "creditos": 4.0, "tipo": "Complementar", "pre_requisitos": [], "codigo_departamento": 12010000.0, "codigo_disciplina": 1201196, "horas": 60.0}, {"semestre": 5.0, "pos_requisitos": [1201239, 1201255], "disciplina": "Sa\u00fade da Crianca e do Adolescente", "creditos": 8.0, "tipo": "Obrigat\u00f3ria", "pre_requisitos": [1201192, 1201193], "codigo_departamento": 12010000.0, "codigo_disciplina": 1201220, "horas": 120.0}, {"semestre": 5.0, "pos_requisitos": [1201239, 1201255], "disciplina": "Sa\u00fade da Crianca e do Adolescente (Pratic", "creditos": 6.0, "tipo": "Obrigat\u00f3ria", "pre_requisitos": [], "codigo_departamento": 12010000.0, "codigo_disciplina": 1201221, "horas": 90.0}, {"semestre": 5.0, "pos_requisitos": [1201239, 1201255], "disciplina": "Sa\u00fade da Mulher", "creditos": 8.0, "tipo": "Obrigat\u00f3ria", "pre_requisitos": [1201192, 1201193], "codigo_departamento": 12010000.0, "codigo_disciplina": 1201222, "horas": 120.0}, {"semestre": 5.0, "pos_requisitos": [1201239, 1201255], "disciplina": "Sa\u00fade da Mulher (Pr\u00e1tica)", "creditos": 8.0, "tipo": "Obrigat\u00f3ria", "pre_requisitos": [], "codigo_departamento": 12010000.0, "codigo_disciplina": 1201223, "horas": 120.0}, {"semestre": 6.0, "pos_requisitos": [1201235, 1201239], "disciplina": "Sa\u00fade do Adulto I", "creditos": 8.0, "tipo": "Obrigat\u00f3ria", "pre_requisitos": [1201192, 1201193, 1201191, 1201159, 1201160, 1201194, 1201195], "codigo_departamento": 12010000.0, "codigo_disciplina": 1201226, "horas": 120.0}, {"semestre": 6.0, "pos_requisitos": [1201235, 1201239], "disciplina": "Sa\u00fade do Adulto I (Pr\u00e1tica)", "creditos": 6.0, "tipo": "Obrigat\u00f3ria", "pre_requisitos": [], "codigo_departamento": 12010000.0, "codigo_disciplina": 1201227, "horas": 90.0}, {"semestre": 6.0, "pos_requisitos": [], "disciplina": "Sa\u00fade do Idoso", "creditos": 4.0, "tipo": "Obrigat\u00f3ria", "pre_requisitos": [1201192, 1201193], "codigo_departamento": 12010000.0, "codigo_disciplina": 1201228, "horas": 60.0}, {"semestre": 6.0, "pos_requisitos": [], "disciplina": "Sa\u00fade do Idoso (Pr\u00e1tica)", "creditos": 4.0, "tipo": "Obrigat\u00f3ria", "pre_requisitos": [], "codigo_departamento": 12010000.0, "codigo_disciplina": 1201229, "horas": 60.0}, {"semestre": 6.0, "pos_requisitos": [], "disciplina": "Gest\u00e3o em Sa\u00fade", "creditos": 6.0, "tipo": "Complementar", "pre_requisitos": [], "codigo_departamento": 12010000.0, "codigo_disciplina": 1201230, "horas": 90.0}, {"semestre": 7.0, "pos_requisitos": [1201255], "disciplina": "Sa\u00fade do Adulto II", "creditos": 4.0, "tipo": "Obrigat\u00f3ria", "pre_requisitos": [1201226, 1201227], "codigo_departamento": 12010000.0, "codigo_disciplina": 1201235, "horas": 60.0}, {"semestre": 7.0, "pos_requisitos": [1201255], "disciplina": "Sa\u00fade do Adulto II (Pr\u00e1tica)", "creditos": 4.0, "tipo": "Obrigat\u00f3ria", "pre_requisitos": [], "codigo_departamento": 12010000.0, "codigo_disciplina": 1201236, "horas": 60.0}, {"semestre": 7.0, "pos_requisitos": [], "disciplina": "Sa\u00fade Coletiva III", "creditos": 4.0, "tipo": "Obrigat\u00f3ria", "pre_requisitos": [1201159, 1201160], "codigo_departamento": 12010000.0, "codigo_disciplina": 1201237, "horas": 60.0}, {"semestre": 7.0, "pos_requisitos": [], "disciplina": "Sa\u00fade Coletiva III (Pr\u00e1tica)", "creditos": 4.0, "tipo": "Obrigat\u00f3ria", "pre_requisitos": [], "codigo_departamento": 12010000.0, "codigo_disciplina": 1201238, "horas": 60.0}, {"semestre": 7.0, "pos_requisitos": [], "disciplina": "Sa\u00fade Mental", "creditos": 4.0, "tipo": "Obrigat\u00f3ria", "pre_requisitos": [1201220, 1201221, 1201222, 1201223, 1201226, 1201227], "codigo_departamento": 12010000.0, "codigo_disciplina": 1201239, "horas": 60.0}, {"semestre": 7.0, "pos_requisitos": [], "disciplina": "Sa\u00fade Mental (Pr\u00e1tica)", "creditos": 4.0, "tipo": "Obrigat\u00f3ria", "pre_requisitos": [], "codigo_departamento": 12010000.0, "codigo_disciplina": 1201240, "horas": 60.0}, {"semestre": 8.0, "pos_requisitos": [], "disciplina": "Aten\u00e7\u00e3o ao Paciente Cr\u00edtico", "creditos": 6.0, "tipo": "Obrigat\u00f3ria", "pre_requisitos": [1201220, 1201221, 1201222, 1201223, 1201235, 1201236], "codigo_departamento": 12010000.0, "codigo_disciplina": 1201255, "horas": 90.0}, {"semestre": 8.0, "pos_requisitos": [], "disciplina": "Aten\u00e7\u00e3o ao Paciente Cr\u00edtico (Pr\u00e1tica)", "creditos": 4.0, "tipo": "Obrigat\u00f3ria", "pre_requisitos": [], "codigo_departamento": 12010000.0, "codigo_disciplina": 1201256, "horas": 60.0}, {"semestre": 8.0, "pos_requisitos": [1201266], "disciplina": "Ensino e Pesquisa em Sa\u00fade II", "creditos": 2.0, "tipo": "Complementar", "pre_requisitos": [1201136], "codigo_departamento": 12010000.0, "codigo_disciplina": 1201257, "horas": 30.0}, {"semestre": 8.0, "pos_requisitos": [1201266], "disciplina": "Ensino e Pesquisa em Sa\u00fade II (Pr\u00e1tica)", "creditos": 2.0, "tipo": "Complementar", "pre_requisitos": [], "codigo_departamento": 12010000.0, "codigo_disciplina": 1201258, "horas": 30.0}, {"semestre": 9.0, "pos_requisitos": [1201277], "disciplina": "Trabalho de Conclus\u00e3o de Curso I", "creditos": 2.0, "tipo": "Complementar", "pre_requisitos": [1201136, 1201257, 1201258], "codigo_departamento": 12010000.0, "codigo_disciplina": 1201266, "horas": 30.0}, {"semestre": 9.0, "pos_requisitos": [1201278], "disciplina": "Est\u00e1gio Curricular Supervisionado I", "creditos": 28.0, "tipo": "Complementar", "pre_requisitos": [], "codigo_departamento": 12010000.0, "codigo_disciplina": 1201267, "horas": 420.0}, {"semestre": 10.0, "pos_requisitos": [], "disciplina": "Atividades Complementares Flex\u00edveis", "creditos": 12.0, "tipo": "Complementar", "pre_requisitos": [], "codigo_departamento": 12010000.0, "codigo_disciplina": 1201275, "horas": 180.0}, {"semestre": 10.0, "pos_requisitos": [], "disciplina": "Trabalho de Conclus\u00e3o de Curso II", "creditos": 2.0, "tipo": "Complementar", "pre_requisitos": [1201266], "codigo_departamento": 12010000.0, "codigo_disciplina": 1201277, "horas": 30.0}, {"semestre": 10.0, "pos_requisitos": [], "disciplina": "Est\u00e1gio Curricular Supervisionado II", "creditos": 28.0, "tipo": "Complementar", "pre_requisitos": [1201267], "codigo_departamento": 12010000.0, "codigo_disciplina": 1201278, "horas": 420.0}]