[{"semestre": null, "pos_requisitos": [], "disciplina": "Enade/Concluinte", "creditos": null, "tipo": "Complementar", "pre_requisitos": [], "codigo_departamento": 13050000.0, "codigo_disciplina": 1305253, "horas": null}, {"semestre": null, "pos_requisitos": [], "disciplina": "Enade/Ingressante", "creditos": null, "tipo": "Complementar", "pre_requisitos": [], "codigo_departamento": 13050000.0, "codigo_disciplina": 1305254, "horas": null}, {"semestre": null, "pos_requisitos": [], "disciplina": "Componentes Eletivas", "creditos": null, "tipo": "Complementar", "pre_requisitos": [], "codigo_departamento": 21060000.0, "codigo_disciplina": 2106085, "horas": null}, {"semestre": 1.0, "pos_requisitos": [2105019, 2106020, 2106021], "disciplina": "Biologia Celular", "creditos": 4.0, "tipo": "Obrigat\u00f3ria", "pre_requisitos": [], "codigo_departamento": 21060000.0, "codigo_disciplina": 2106002, "horas": 60.0}, {"semestre": 1.0, "pos_requisitos": [2106018], "disciplina": "Anatomia Humana", "creditos": 6.0, "tipo": "Obrigat\u00f3ria", "pre_requisitos": [], "codigo_departamento": 21060000.0, "codigo_disciplina": 2106013, "horas": 90.0}, {"semestre": 1.0, "pos_requisitos": [2105019, 2105023], "disciplina": "Histologia", "creditos": 4.0, "tipo": "Obrigat\u00f3ria", "pre_requisitos": [], "codigo_departamento": 21060000.0, "codigo_disciplina": 2106014, "horas": 60.0}, {"semestre": 1.0, "pos_requisitos": [2105019], "disciplina": "Bioqu\u00edmica", "creditos": 4.0, "tipo": "Obrigat\u00f3ria", "pre_requisitos": [], "codigo_departamento": 21060000.0, "codigo_disciplina": 2106016, "horas": 60.0}, {"semestre": 1.0, "pos_requisitos": [2106027], "disciplina": "Hist\u00f3ria da Enfermagem", "creditos": 3.0, "tipo": "Obrigat\u00f3ria", "pre_requisitos": [], "codigo_departamento": 21060000.0, "codigo_disciplina": 2106017, "horas": 45.0}, {"semestre": 1.0, "pos_requisitos": [2106042], "disciplina": "Embriologia", "creditos": 3.0, "tipo": "Obrigat\u00f3ria", "pre_requisitos": [], "codigo_departamento": 21050000.0, "codigo_disciplina": 2105015, "horas": 45.0}, {"semestre": 1.0, "pos_requisitos": [], "disciplina": "M\u00e9todologia da Pesquisa", "creditos": 4.0, "tipo": "Complementar", "pre_requisitos": [], "codigo_departamento": 21020000.0, "codigo_disciplina": 2102202, "horas": 60.0}, {"semestre": 2.0, "pos_requisitos": [], "disciplina": "Psicologia da Educa\u00e7\u00e3o I", "creditos": 4.0, "tipo": "Obrigat\u00f3ria", "pre_requisitos": [], "codigo_departamento": 21030000.0, "codigo_disciplina": 2103173, "horas": 60.0}, {"semestre": 2.0, "pos_requisitos": [2106058], "disciplina": "Antropologia Filosofica", "creditos": 4.0, "tipo": "Complementar", "pre_requisitos": [], "codigo_departamento": 21020000.0, "codigo_disciplina": 2102209, "horas": 60.0}, {"semestre": 2.0, "pos_requisitos": [2105025, 2106024, 2106026, 2106027], "disciplina": "Fisiologia", "creditos": 5.0, "tipo": "Obrigat\u00f3ria", "pre_requisitos": [2106013], "codigo_departamento": 21060000.0, "codigo_disciplina": 2106018, "horas": 75.0}, {"semestre": 2.0, "pos_requisitos": [2106026, 2105023], "disciplina": "Microbiologia", "creditos": 4.0, "tipo": "Obrigat\u00f3ria", "pre_requisitos": [2106002], "codigo_departamento": 21060000.0, "codigo_disciplina": 2106020, "horas": 60.0}, {"semestre": 2.0, "pos_requisitos": [2106024, 2106027], "disciplina": "Parasitologia", "creditos": 4.0, "tipo": "Obrigat\u00f3ria", "pre_requisitos": [2106002], "codigo_departamento": 21060000.0, "codigo_disciplina": 2106021, "horas": 60.0}, {"semestre": 2.0, "pos_requisitos": [], "disciplina": "Gen\u00e9tica", "creditos": 4.0, "tipo": "Obrigat\u00f3ria", "pre_requisitos": [2106002, 2106016, 2106014], "codigo_departamento": 21050000.0, "codigo_disciplina": 2105019, "horas": 60.0}, {"semestre": 2.0, "pos_requisitos": [2106037], "disciplina": "Epidemiologia", "creditos": 3.0, "tipo": "Obrigat\u00f3ria", "pre_requisitos": [], "codigo_departamento": 21050000.0, "codigo_disciplina": 2105022, "horas": 45.0}, {"semestre": 3.0, "pos_requisitos": [2106057], "disciplina": "Farmacologia", "creditos": 4.0, "tipo": "Obrigat\u00f3ria", "pre_requisitos": [2106018, 2106021], "codigo_departamento": 21060000.0, "codigo_disciplina": 2106024, "horas": 60.0}, {"semestre": 3.0, "pos_requisitos": [2106057], "disciplina": "Imunologia", "creditos": 4.0, "tipo": "Obrigat\u00f3ria", "pre_requisitos": [2106020, 2106018], "codigo_departamento": 21060000.0, "codigo_disciplina": 2106026, "horas": 60.0}, {"semestre": 3.0, "pos_requisitos": [2106029], "disciplina": "Semiologia e Semiotec. de Enfermagem I", "creditos": 6.0, "tipo": "Obrigat\u00f3ria", "pre_requisitos": [2106018, 2106021, 2106017], "codigo_departamento": 21060000.0, "codigo_disciplina": 2106027, "horas": 90.0}, {"semestre": 3.0, "pos_requisitos": [], "disciplina": "Bases Te\u00f3ricas e Metod. da Enfermagem", "creditos": 3.0, "tipo": "Obrigat\u00f3ria", "pre_requisitos": [], "codigo_departamento": 21060000.0, "codigo_disciplina": 2106033, "horas": 45.0}, {"semestre": 3.0, "pos_requisitos": [2106036, 2106034], "disciplina": "Patologia Geral", "creditos": 4.0, "tipo": "Obrigat\u00f3ria", "pre_requisitos": [2106014, 2106020], "codigo_departamento": 21050000.0, "codigo_disciplina": 2105023, "horas": 60.0}, {"semestre": 3.0, "pos_requisitos": [], "disciplina": "Biof\u00edsica", "creditos": 3.0, "tipo": "Obrigat\u00f3ria", "pre_requisitos": [2106018], "codigo_departamento": 21050000.0, "codigo_disciplina": 2105025, "horas": 45.0}, {"semestre": 4.0, "pos_requisitos": [2106036, 2106034], "disciplina": "Semiologia e Semiotec. de Enfermagem II", "creditos": 6.0, "tipo": "Obrigat\u00f3ria", "pre_requisitos": [2106027], "codigo_departamento": 21060000.0, "codigo_disciplina": 2106029, "horas": 90.0}, {"semestre": 4.0, "pos_requisitos": [2106043], "disciplina": "Deontologia e \u00c9tica Profissional", "creditos": 3.0, "tipo": "Obrigat\u00f3ria", "pre_requisitos": [], "codigo_departamento": 21060000.0, "codigo_disciplina": 2106031, "horas": 45.0}, {"semestre": 4.0, "pos_requisitos": [2106035], "disciplina": "Sa\u00fade Mental", "creditos": 4.0, "tipo": "Obrigat\u00f3ria", "pre_requisitos": [], "codigo_departamento": 21060000.0, "codigo_disciplina": 2106032, "horas": 60.0}, {"semestre": 4.0, "pos_requisitos": [], "disciplina": "Bioestatistica", "creditos": 4.0, "tipo": "Complementar", "pre_requisitos": [], "codigo_departamento": 21050000.0, "codigo_disciplina": 2105030, "horas": 60.0}, {"semestre": 4.0, "pos_requisitos": [], "disciplina": "Ecologia e Sa\u00fade", "creditos": 4.0, "tipo": "Complementar", "pre_requisitos": [], "codigo_departamento": 21020000.0, "codigo_disciplina": 2102216, "horas": 60.0}, {"semestre": 4.0, "pos_requisitos": [2106058], "disciplina": "Psicologia Aplicada a Sa\u00fade", "creditos": 4.0, "tipo": "Complementar", "pre_requisitos": [], "codigo_departamento": 21020000.0, "codigo_disciplina": 2102219, "horas": 60.0}, {"semestre": 5.0, "pos_requisitos": [2106043, 2106040], "disciplina": "Enfermagem Cl\u00ednica I", "creditos": 6.0, "tipo": "Obrigat\u00f3ria", "pre_requisitos": [2106029, 2105023], "codigo_departamento": 21060000.0, "codigo_disciplina": 2106034, "horas": 90.0}, {"semestre": 5.0, "pos_requisitos": [], "disciplina": "Enfermagem Psiquiatrica", "creditos": 4.0, "tipo": "Obrigat\u00f3ria", "pre_requisitos": [2106032], "codigo_departamento": 21060000.0, "codigo_disciplina": 2106035, "horas": 60.0}, {"semestre": 5.0, "pos_requisitos": [2106043, 2106041], "disciplina": "Enfermagem Cir\u00fargica I", "creditos": 5.0, "tipo": "Obrigat\u00f3ria", "pre_requisitos": [2106029, 2105023], "codigo_departamento": 21060000.0, "codigo_disciplina": 2106036, "horas": 75.0}, {"semestre": 5.0, "pos_requisitos": [2106040, 2106039], "disciplina": "Enfermagem em Sa\u00fade Coletiva I", "creditos": 6.0, "tipo": "Obrigat\u00f3ria", "pre_requisitos": [2105022], "codigo_departamento": 21060000.0, "codigo_disciplina": 2106037, "horas": 90.0}, {"semestre": 5.0, "pos_requisitos": [], "disciplina": "Filosofia da Educa\u00e7\u00e3o I", "creditos": 4.0, "tipo": "Obrigat\u00f3ria", "pre_requisitos": [], "codigo_departamento": 21020000.0, "codigo_disciplina": 2102227, "horas": 60.0}, {"semestre": 6.0, "pos_requisitos": [], "disciplina": "Sociologia da Educa\u00e7\u00e3o I", "creditos": 4.0, "tipo": "Obrigat\u00f3ria", "pre_requisitos": [], "codigo_departamento": 21030000.0, "codigo_disciplina": 2103179, "horas": 60.0}, {"semestre": 6.0, "pos_requisitos": [2106046], "disciplina": "Enfermagem Cl\u00ednica II", "creditos": 4.0, "tipo": "Obrigat\u00f3ria", "pre_requisitos": [2106037, 2106034], "codigo_departamento": 21060000.0, "codigo_disciplina": 2106040, "horas": 60.0}, {"semestre": 6.0, "pos_requisitos": [2106046], "disciplina": "Enfermagem Cir\u00fargica II", "creditos": 4.0, "tipo": "Obrigat\u00f3ria", "pre_requisitos": [2106036], "codigo_departamento": 21060000.0, "codigo_disciplina": 2106041, "horas": 60.0}, {"semestre": 6.0, "pos_requisitos": [2106057], "disciplina": "Enfermagem em Sa\u00fade da Mulher", "creditos": 6.0, "tipo": "Obrigat\u00f3ria", "pre_requisitos": [2105015], "codigo_departamento": 21060000.0, "codigo_disciplina": 2106042, "horas": 90.0}, {"semestre": 6.0, "pos_requisitos": [2106048], "disciplina": "Administra\u00e7\u00e3o Aplicada a Enfermagem I", "creditos": 4.0, "tipo": "Obrigat\u00f3ria", "pre_requisitos": [2106034, 2106036, 2106031], "codigo_departamento": 21060000.0, "codigo_disciplina": 2106043, "horas": 60.0}, {"semestre": 6.0, "pos_requisitos": [], "disciplina": "Enfermagem em Sa\u00fade Coletiva II", "creditos": 6.0, "tipo": "Obrigat\u00f3ria", "pre_requisitos": [2106037], "codigo_departamento": 21060000.0, "codigo_disciplina": 2106039, "horas": 90.0}, {"semestre": 7.0, "pos_requisitos": [], "disciplina": "Sociologia Aplicada a Sa\u00fade", "creditos": 4.0, "tipo": "Complementar", "pre_requisitos": [], "codigo_departamento": 21010000.0, "codigo_disciplina": 2101004, "horas": 60.0}, {"semestre": 7.0, "pos_requisitos": [2106057], "disciplina": "Enf. em Sa\u00fade da Crianca e do Adolescente", "creditos": 6.0, "tipo": "Obrigat\u00f3ria", "pre_requisitos": [], "codigo_departamento": 21060000.0, "codigo_disciplina": 2106045, "horas": 90.0}, {"semestre": 7.0, "pos_requisitos": [2106057], "disciplina": "Enfermagem em Emergencia e em Cti", "creditos": 5.0, "tipo": "Obrigat\u00f3ria", "pre_requisitos": [2106040, 2106041], "codigo_departamento": 21060000.0, "codigo_disciplina": 2106046, "horas": 75.0}, {"semestre": 7.0, "pos_requisitos": [2106057], "disciplina": "Administra\u00e7\u00e3o Aplicada a Enfermagem II", "creditos": 4.0, "tipo": "Obrigat\u00f3ria", "pre_requisitos": [2106043], "codigo_departamento": 21060000.0, "codigo_disciplina": 2106048, "horas": 60.0}, {"semestre": 7.0, "pos_requisitos": [2106057], "disciplina": "Enfermagem em Sa\u00fade do Adulto e do Idoso", "creditos": 4.0, "tipo": "Obrigat\u00f3ria", "pre_requisitos": [], "codigo_departamento": 21060000.0, "codigo_disciplina": 2106047, "horas": 60.0}, {"semestre": 8.0, "pos_requisitos": [2106058], "disciplina": "Est\u00e1gio Superv. I - Rede Basica de Sa\u00fade", "creditos": 14.0, "tipo": "Obrigat\u00f3ria", "pre_requisitos": [2106024, 2106026, 2106048, 2106045, 2106042, 2106046, 2106047], "codigo_departamento": 21060000.0, "codigo_disciplina": 2106057, "horas": 420.0}, {"semestre": 9.0, "pos_requisitos": [], "disciplina": "Tcc", "creditos": null, "tipo": "Obrigat\u00f3ria", "pre_requisitos": [], "codigo_departamento": 21060000.0, "codigo_disciplina": 2106059, "horas": null}, {"semestre": 9.0, "pos_requisitos": [], "disciplina": "Est\u00e1gio Superv. II - Rede Hospitalar", "creditos": 14.0, "tipo": "Obrigat\u00f3ria", "pre_requisitos": [2106057, 2102209, 2102219], "codigo_departamento": 21060000.0, "codigo_disciplina": 2106058, "horas": 420.0}]