[{"semestre": null, "pos_requisitos": [], "disciplina": "Economia", "creditos": null, "tipo": "Obrigat\u00f3ria", "pre_requisitos": [], "codigo_departamento": 71010000.0, "codigo_disciplina": 7101132, "horas": null}, {"semestre": 1.0, "pos_requisitos": [], "disciplina": "Int. a Eng. de Biotec. e Bioprocessos", "creditos": 2.0, "tipo": "Obrigat\u00f3ria", "pre_requisitos": [], "codigo_departamento": 71020000.0, "codigo_disciplina": 7102006, "horas": 30.0}, {"semestre": 1.0, "pos_requisitos": [7102013, 7102042, 7102053, 7102098, 7102127], "disciplina": "Biologia Celular e Molecular", "creditos": 4.0, "tipo": "Obrigat\u00f3ria", "pre_requisitos": [], "codigo_departamento": 71020000.0, "codigo_disciplina": 7102001, "horas": 60.0}, {"semestre": 1.0, "pos_requisitos": [7102009, 7102011], "disciplina": "C\u00e1lculo Diferencial e Integral I", "creditos": 4.0, "tipo": "Obrigat\u00f3ria", "pre_requisitos": [], "codigo_departamento": 71020000.0, "codigo_disciplina": 7102002, "horas": 60.0}, {"semestre": 1.0, "pos_requisitos": [7102029], "disciplina": "Introdu\u00e7\u00e3o \u00e0 Ci\u00eancia da Computa\u00e7\u00e3o", "creditos": 4.0, "tipo": "Obrigat\u00f3ria", "pre_requisitos": [], "codigo_departamento": 71020000.0, "codigo_disciplina": 7102003, "horas": 60.0}, {"semestre": 1.0, "pos_requisitos": [7102041, 7102052, 7102025, 7102124], "disciplina": "Qu\u00edmica Geral", "creditos": 4.0, "tipo": "Obrigat\u00f3ria", "pre_requisitos": [], "codigo_departamento": 71020000.0, "codigo_disciplina": 7102004, "horas": 60.0}, {"semestre": 1.0, "pos_requisitos": [7102025], "disciplina": "Qu\u00edmica Experimental", "creditos": 2.0, "tipo": "Obrigat\u00f3ria", "pre_requisitos": [], "codigo_departamento": 71020000.0, "codigo_disciplina": 7102005, "horas": 30.0}, {"semestre": 1.0, "pos_requisitos": [], "disciplina": "Prat. de Leitura e Produ\u00e7\u00e3o de Textos", "creditos": 4.0, "tipo": "Obrigat\u00f3ria", "pre_requisitos": [], "codigo_departamento": 71010000.0, "codigo_disciplina": 7101006, "horas": 60.0}, {"semestre": 2.0, "pos_requisitos": [7102020, 7102021, 7102052, 7102065], "disciplina": "C\u00e1lculo Diferencial e Integral II", "creditos": 4.0, "tipo": "Obrigat\u00f3ria", "pre_requisitos": [7102002], "codigo_departamento": 71020000.0, "codigo_disciplina": 7102009, "horas": 60.0}, {"semestre": 2.0, "pos_requisitos": [], "disciplina": "\u00c1lgebra Linear", "creditos": 4.0, "tipo": "Obrigat\u00f3ria", "pre_requisitos": [], "codigo_departamento": 71020000.0, "codigo_disciplina": 7102010, "horas": 60.0}, {"semestre": 2.0, "pos_requisitos": [7102023, 7102044], "disciplina": "F\u00edsica Geral I", "creditos": 4.0, "tipo": "Obrigat\u00f3ria", "pre_requisitos": [7102002], "codigo_departamento": 71020000.0, "codigo_disciplina": 7102011, "horas": 60.0}, {"semestre": 2.0, "pos_requisitos": [], "disciplina": "Desenho T\u00e9cnico", "creditos": 4.0, "tipo": "Obrigat\u00f3ria", "pre_requisitos": [], "codigo_departamento": 71020000.0, "codigo_disciplina": 7102012, "horas": 60.0}, {"semestre": 2.0, "pos_requisitos": [7102054, 7102097, 7102125, 7102253], "disciplina": "Gen\u00e9tica Molecular", "creditos": 4.0, "tipo": "Obrigat\u00f3ria", "pre_requisitos": [7102001], "codigo_departamento": 71020000.0, "codigo_disciplina": 7102013, "horas": 60.0}, {"semestre": 2.0, "pos_requisitos": [7102254], "disciplina": "Introdu\u00e7\u00e3o \u00e0 Ci\u00eancia dos Materiais", "creditos": 2.0, "tipo": "Obrigat\u00f3ria", "pre_requisitos": [], "codigo_departamento": 71020000.0, "codigo_disciplina": 7102014, "horas": 30.0}, {"semestre": 3.0, "pos_requisitos": [], "disciplina": "Uso Sustentavel da Biodiversidade", "creditos": 2.0, "tipo": "Obrigat\u00f3ria", "pre_requisitos": [], "codigo_departamento": 71020000.0, "codigo_disciplina": 7102043, "horas": 30.0}, {"semestre": 3.0, "pos_requisitos": [7102123], "disciplina": "Equacoes Diferenciais Lineares", "creditos": 4.0, "tipo": "Obrigat\u00f3ria", "pre_requisitos": [7102009], "codigo_departamento": 71020000.0, "codigo_disciplina": 7102020, "horas": 60.0}, {"semestre": 3.0, "pos_requisitos": [7102073, 7102125, 7102252], "disciplina": "Probabilidade e Estatistica", "creditos": 4.0, "tipo": "Obrigat\u00f3ria", "pre_requisitos": [7102009], "codigo_departamento": 71020000.0, "codigo_disciplina": 7102021, "horas": 60.0}, {"semestre": 3.0, "pos_requisitos": [7102046, 7102045, 7102050], "disciplina": "F\u00edsica Geral II", "creditos": 4.0, "tipo": "Obrigat\u00f3ria", "pre_requisitos": [7102011], "codigo_departamento": 71020000.0, "codigo_disciplina": 7102023, "horas": 60.0}, {"semestre": 3.0, "pos_requisitos": [7102123, 7102253], "disciplina": "Programa\u00e7\u00e3o", "creditos": 4.0, "tipo": "Obrigat\u00f3ria", "pre_requisitos": [7102003], "codigo_departamento": 71020000.0, "codigo_disciplina": 7102029, "horas": 60.0}, {"semestre": 3.0, "pos_requisitos": [7102124], "disciplina": "Qu\u00edmica Org\u00e2nica", "creditos": 4.0, "tipo": "Obrigat\u00f3ria", "pre_requisitos": [7102004], "codigo_departamento": 71020000.0, "codigo_disciplina": 7102041, "horas": 60.0}, {"semestre": 3.0, "pos_requisitos": [7102127, 7102272], "disciplina": "Microbiologia Geral", "creditos": 4.0, "tipo": "Obrigat\u00f3ria", "pre_requisitos": [7102001], "codigo_departamento": 71020000.0, "codigo_disciplina": 7102042, "horas": 60.0}, {"semestre": 4.0, "pos_requisitos": [], "disciplina": "F\u00edsica Geral III", "creditos": 4.0, "tipo": "Obrigat\u00f3ria", "pre_requisitos": [7102023], "codigo_departamento": 71020000.0, "codigo_disciplina": 7102045, "horas": 60.0}, {"semestre": 4.0, "pos_requisitos": [7102075], "disciplina": "F\u00edsica Experimental", "creditos": 4.0, "tipo": "Obrigat\u00f3ria", "pre_requisitos": [7102023], "codigo_departamento": 71020000.0, "codigo_disciplina": 7102046, "horas": 60.0}, {"semestre": 4.0, "pos_requisitos": [7102065, 7102126, 7102271], "disciplina": "Termodinamica", "creditos": 4.0, "tipo": "Obrigat\u00f3ria", "pre_requisitos": [7102023], "codigo_departamento": 71020000.0, "codigo_disciplina": 7102050, "horas": 60.0}, {"semestre": 4.0, "pos_requisitos": [], "disciplina": "F\u00edsico - Qu\u00edmica", "creditos": 4.0, "tipo": "Obrigat\u00f3ria", "pre_requisitos": [7102009, 7102004], "codigo_departamento": 71020000.0, "codigo_disciplina": 7102052, "horas": 60.0}, {"semestre": 4.0, "pos_requisitos": [7102072], "disciplina": "Bioqu\u00edmica", "creditos": 4.0, "tipo": "Obrigat\u00f3ria", "pre_requisitos": [7102001], "codigo_departamento": 71020000.0, "codigo_disciplina": 7102053, "horas": 60.0}, {"semestre": 4.0, "pos_requisitos": [], "disciplina": "Lab. de Bioqu\u00edmica e Biologia Molecular", "creditos": 4.0, "tipo": "Obrigat\u00f3ria", "pre_requisitos": [7102013], "codigo_departamento": 71020000.0, "codigo_disciplina": 7102054, "horas": 60.0}, {"semestre": 4.0, "pos_requisitos": [], "disciplina": "Biosseguran\u00e7a", "creditos": 2.0, "tipo": "Obrigat\u00f3ria", "pre_requisitos": [], "codigo_departamento": 71020000.0, "codigo_disciplina": 7102055, "horas": 30.0}, {"semestre": 5.0, "pos_requisitos": [7102271], "disciplina": "Qu\u00edmica Anal\u00edtica Aplicada", "creditos": 4.0, "tipo": "Obrigat\u00f3ria", "pre_requisitos": [7102004, 7102005], "codigo_departamento": 71020000.0, "codigo_disciplina": 7102025, "horas": 60.0}, {"semestre": 5.0, "pos_requisitos": [7102099], "disciplina": "Melhoramento Vegetal", "creditos": 4.0, "tipo": "Obrigat\u00f3ria", "pre_requisitos": [7102021], "codigo_departamento": 71020000.0, "codigo_disciplina": 7102073, "horas": 60.0}, {"semestre": 5.0, "pos_requisitos": [7102080], "disciplina": "Mec\u00e2nica Geral", "creditos": 4.0, "tipo": "Obrigat\u00f3ria", "pre_requisitos": [7102011], "codigo_departamento": 71020000.0, "codigo_disciplina": 7102044, "horas": 60.0}, {"semestre": 5.0, "pos_requisitos": [7102095], "disciplina": "Fen\u00f4menos de Transporte", "creditos": 4.0, "tipo": "Obrigat\u00f3ria", "pre_requisitos": [7102009, 7102050], "codigo_departamento": 71020000.0, "codigo_disciplina": 7102065, "horas": 60.0}, {"semestre": 5.0, "pos_requisitos": [7102126, 7102251], "disciplina": "Enzimologia e Tecnologia da Fermenta\u00e7\u00e3o", "creditos": 4.0, "tipo": "Obrigat\u00f3ria", "pre_requisitos": [7102053], "codigo_departamento": 71020000.0, "codigo_disciplina": 7102072, "horas": 60.0}, {"semestre": 5.0, "pos_requisitos": [], "disciplina": "Eletricidade Basica", "creditos": 2.0, "tipo": "Obrigat\u00f3ria", "pre_requisitos": [7102046], "codigo_departamento": 71020000.0, "codigo_disciplina": 7102075, "horas": 30.0}, {"semestre": 6.0, "pos_requisitos": [], "disciplina": "Resistencia dos Materiais", "creditos": 4.0, "tipo": "Obrigat\u00f3ria", "pre_requisitos": [7102044], "codigo_departamento": 71020000.0, "codigo_disciplina": 7102080, "horas": 60.0}, {"semestre": 6.0, "pos_requisitos": [], "disciplina": "Fundamentos de Engenharia Gen\u00e9tica", "creditos": 4.0, "tipo": "Obrigat\u00f3ria", "pre_requisitos": [7102013], "codigo_departamento": 71020000.0, "codigo_disciplina": 7102097, "horas": 60.0}, {"semestre": 6.0, "pos_requisitos": [], "disciplina": "Cultura de Celulas Animais", "creditos": 4.0, "tipo": "Obrigat\u00f3ria", "pre_requisitos": [7102001], "codigo_departamento": 71020000.0, "codigo_disciplina": 7102098, "horas": 60.0}, {"semestre": 6.0, "pos_requisitos": [], "disciplina": "Cultura de Tecidos Vegetais", "creditos": 4.0, "tipo": "Obrigat\u00f3ria", "pre_requisitos": [7102073], "codigo_departamento": 71020000.0, "codigo_disciplina": 7102099, "horas": 60.0}, {"semestre": 6.0, "pos_requisitos": [], "disciplina": "Toxicologia", "creditos": 2.0, "tipo": "Obrigat\u00f3ria", "pre_requisitos": [], "codigo_departamento": 71020000.0, "codigo_disciplina": 7102100, "horas": 30.0}, {"semestre": 6.0, "pos_requisitos": [7102255], "disciplina": "Operacoes Unitarias", "creditos": 4.0, "tipo": "Obrigat\u00f3ria", "pre_requisitos": [7102065], "codigo_departamento": 71020000.0, "codigo_disciplina": 7102095, "horas": 60.0}, {"semestre": 7.0, "pos_requisitos": [7102251], "disciplina": "Farmacobiotecnologia", "creditos": 4.0, "tipo": "Obrigat\u00f3ria", "pre_requisitos": [7102041, 7102004], "codigo_departamento": 71020000.0, "codigo_disciplina": 7102124, "horas": 60.0}, {"semestre": 7.0, "pos_requisitos": [], "disciplina": "Melhoramento Animal", "creditos": 4.0, "tipo": "Obrigat\u00f3ria", "pre_requisitos": [7102021, 7102013], "codigo_departamento": 71020000.0, "codigo_disciplina": 7102125, "horas": 60.0}, {"semestre": 7.0, "pos_requisitos": [], "disciplina": "Cin\u00e9tica e C\u00e1lculo de Biorreatores", "creditos": 4.0, "tipo": "Obrigat\u00f3ria", "pre_requisitos": [7102072, 7102050], "codigo_departamento": 71020000.0, "codigo_disciplina": 7102126, "horas": 60.0}, {"semestre": 7.0, "pos_requisitos": [7102273], "disciplina": "Modelagem e Simulacao", "creditos": 4.0, "tipo": "Obrigat\u00f3ria", "pre_requisitos": [7102029, 7102020], "codigo_departamento": 71020000.0, "codigo_disciplina": 7102123, "horas": 60.0}, {"semestre": 7.0, "pos_requisitos": [], "disciplina": "Imunologia Geral e Vacinologia", "creditos": 4.0, "tipo": "Obrigat\u00f3ria", "pre_requisitos": [7102001, 7102042], "codigo_departamento": 71020000.0, "codigo_disciplina": 7102127, "horas": 60.0}, {"semestre": 8.0, "pos_requisitos": [], "disciplina": "Recuperacao e Purificacao de Bioprocesso", "creditos": 2.0, "tipo": "Obrigat\u00f3ria", "pre_requisitos": [7102072, 7102124], "codigo_departamento": 71020000.0, "codigo_disciplina": 7102251, "horas": 30.0}, {"semestre": 8.0, "pos_requisitos": [], "disciplina": "Instrumentacao e Controle de Processos", "creditos": 4.0, "tipo": "Obrigat\u00f3ria", "pre_requisitos": [7102095], "codigo_departamento": 71020000.0, "codigo_disciplina": 7102255, "horas": 60.0}, {"semestre": 8.0, "pos_requisitos": [], "disciplina": "Rela\u00e7\u00e3o Ci\u00eancia, Tecnologia e Sociedade", "creditos": 2.0, "tipo": "Obrigat\u00f3ria", "pre_requisitos": [], "codigo_departamento": 71020000.0, "codigo_disciplina": 7102250, "horas": 30.0}, {"semestre": 8.0, "pos_requisitos": [], "disciplina": "Planejamento Experimental", "creditos": 4.0, "tipo": "Obrigat\u00f3ria", "pre_requisitos": [7102021], "codigo_departamento": 71020000.0, "codigo_disciplina": 7102252, "horas": 60.0}, {"semestre": 8.0, "pos_requisitos": [], "disciplina": "Bioinform\u00e1tica", "creditos": 4.0, "tipo": "Obrigat\u00f3ria", "pre_requisitos": [7102013, 7102029], "codigo_departamento": 71020000.0, "codigo_disciplina": 7102253, "horas": 60.0}, {"semestre": 8.0, "pos_requisitos": [], "disciplina": "Biomateriais", "creditos": 2.0, "tipo": "Obrigat\u00f3ria", "pre_requisitos": [7102014], "codigo_departamento": 71020000.0, "codigo_disciplina": 7102254, "horas": 30.0}, {"semestre": 9.0, "pos_requisitos": [], "disciplina": "Administra\u00e7\u00e3o e Empreendedorismo", "creditos": 2.0, "tipo": "Obrigat\u00f3ria", "pre_requisitos": [], "codigo_departamento": 71020000.0, "codigo_disciplina": 7102094, "horas": 30.0}, {"semestre": 9.0, "pos_requisitos": [], "disciplina": "Gest\u00e3o da Qualidade", "creditos": 4.0, "tipo": "Obrigat\u00f3ria", "pre_requisitos": [], "codigo_departamento": 71020000.0, "codigo_disciplina": 7102262, "horas": 60.0}, {"semestre": 9.0, "pos_requisitos": [], "disciplina": "Tratamento de Efluentes", "creditos": 2.0, "tipo": "Obrigat\u00f3ria", "pre_requisitos": [7102050, 7102025], "codigo_departamento": 71020000.0, "codigo_disciplina": 7102271, "horas": 30.0}, {"semestre": 9.0, "pos_requisitos": [], "disciplina": "Biotecnologia Ambiental", "creditos": 4.0, "tipo": "Obrigat\u00f3ria", "pre_requisitos": [7102042], "codigo_departamento": 71020000.0, "codigo_disciplina": 7102272, "horas": 60.0}, {"semestre": 9.0, "pos_requisitos": [], "disciplina": "Projeto de Industria de Bioprocessos", "creditos": 2.0, "tipo": "Obrigat\u00f3ria", "pre_requisitos": [7102123], "codigo_departamento": 71020000.0, "codigo_disciplina": 7102273, "horas": 30.0}, {"semestre": 9.0, "pos_requisitos": [], "disciplina": "Direito e \u00c9tica", "creditos": 2.0, "tipo": "Obrigat\u00f3ria", "pre_requisitos": [], "codigo_departamento": 71010000.0, "codigo_disciplina": 7101177, "horas": 30.0}, {"semestre": 10.0, "pos_requisitos": [], "disciplina": "Est\u00e1gio Supervisionado", "creditos": 16.0, "tipo": "Complementar", "pre_requisitos": [], "codigo_departamento": 71020000.0, "codigo_disciplina": 7102287, "horas": 240.0}, {"semestre": 10.0, "pos_requisitos": [], "disciplina": "Trabalho de Conclus\u00e3o de Curso", "creditos": 4.0, "tipo": "Complementar", "pre_requisitos": [], "codigo_departamento": 71020000.0, "codigo_disciplina": 7102288, "horas": 60.0}, {"semestre": 10.0, "pos_requisitos": [], "disciplina": "Atividades Complementares Flex\u00edveis", "creditos": 5.0, "tipo": "Complementar", "pre_requisitos": [], "codigo_departamento": 71020000.0, "codigo_disciplina": 7102289, "horas": 75.0}, {"semestre": 20.0, "pos_requisitos": [], "disciplina": "M\u00e9todologia Cient\u00edfica", "creditos": 4.0, "tipo": "Obrigat\u00f3ria", "pre_requisitos": [], "codigo_departamento": 71020000.0, "codigo_disciplina": 7102027, "horas": 60.0}]