[{"semestre": null, "pos_requisitos": [], "disciplina": "Enade/Concluinte", "creditos": null, "tipo": "Complementar", "pre_requisitos": [], "codigo_departamento": 13050000.0, "codigo_disciplina": 1305253, "horas": null}, {"semestre": null, "pos_requisitos": [], "disciplina": "Enade/Ingressante", "creditos": null, "tipo": "Complementar", "pre_requisitos": [], "codigo_departamento": 13050000.0, "codigo_disciplina": 1305254, "horas": null}, {"semestre": 1.0, "pos_requisitos": [9101114], "disciplina": "Desenho T\u00e9cnico", "creditos": 4.0, "tipo": "Obrigat\u00f3ria", "pre_requisitos": [], "codigo_departamento": 91010000.0, "codigo_disciplina": 9101068, "horas": 60.0}, {"semestre": 1.0, "pos_requisitos": [9101154, 9101070, 9101146], "disciplina": "C\u00e1lculo I", "creditos": 4.0, "tipo": "Obrigat\u00f3ria", "pre_requisitos": [], "codigo_departamento": 91010000.0, "codigo_disciplina": 9101145, "horas": 60.0}, {"semestre": 1.0, "pos_requisitos": [9101162], "disciplina": "Geometria Anal\u00edtica e \u00c1lgebra Linear", "creditos": 4.0, "tipo": "Obrigat\u00f3ria", "pre_requisitos": [], "codigo_departamento": 91010000.0, "codigo_disciplina": 9101147, "horas": 60.0}, {"semestre": 1.0, "pos_requisitos": [9101069], "disciplina": "Introdu\u00e7\u00e3o a Engenharia Ambiental", "creditos": 1.0, "tipo": "Obrigat\u00f3ria", "pre_requisitos": [], "codigo_departamento": 91010000.0, "codigo_disciplina": 9101148, "horas": 15.0}, {"semestre": 1.0, "pos_requisitos": [], "disciplina": "M\u00e9todologia Cient\u00edfica", "creditos": 2.0, "tipo": "Obrigat\u00f3ria", "pre_requisitos": [], "codigo_departamento": 91010000.0, "codigo_disciplina": 9101150, "horas": 30.0}, {"semestre": 1.0, "pos_requisitos": [9101179], "disciplina": "Biologia", "creditos": 4.0, "tipo": "Obrigat\u00f3ria", "pre_requisitos": [], "codigo_departamento": 91010000.0, "codigo_disciplina": 9101153, "horas": 60.0}, {"semestre": 1.0, "pos_requisitos": [9101159, 9101077], "disciplina": "Qu\u00edmica Geral", "creditos": 4.0, "tipo": "Obrigat\u00f3ria", "pre_requisitos": [], "codigo_departamento": 91010000.0, "codigo_disciplina": 9101164, "horas": 60.0}, {"semestre": 1.0, "pos_requisitos": [9101182], "disciplina": "Introdu\u00e7\u00e3o \u00e0 Inform\u00e1tica", "creditos": 4.0, "tipo": "Obrigat\u00f3ria", "pre_requisitos": [], "codigo_departamento": 91010000.0, "codigo_disciplina": 9101172, "horas": 60.0}, {"semestre": 2.0, "pos_requisitos": [9101091], "disciplina": "Estatistica Basica", "creditos": 4.0, "tipo": "Obrigat\u00f3ria", "pre_requisitos": [9101145], "codigo_departamento": 91010000.0, "codigo_disciplina": 9101070, "horas": 60.0}, {"semestre": 2.0, "pos_requisitos": [], "disciplina": "Ecologia Geral", "creditos": 4.0, "tipo": "Obrigat\u00f3ria", "pre_requisitos": [9101148], "codigo_departamento": 91010000.0, "codigo_disciplina": 9101069, "horas": 60.0}, {"semestre": 2.0, "pos_requisitos": [9101156], "disciplina": "F\u00edsica I", "creditos": 4.0, "tipo": "Obrigat\u00f3ria", "pre_requisitos": [9101145], "codigo_departamento": 91010000.0, "codigo_disciplina": 9101146, "horas": 60.0}, {"semestre": 2.0, "pos_requisitos": [9101162, 9101174], "disciplina": "C\u00e1lculo II", "creditos": 4.0, "tipo": "Obrigat\u00f3ria", "pre_requisitos": [9101145], "codigo_departamento": 91010000.0, "codigo_disciplina": 9101154, "horas": 60.0}, {"semestre": 2.0, "pos_requisitos": [9101180, 9101249], "disciplina": "Geologia Geral", "creditos": 4.0, "tipo": "Obrigat\u00f3ria", "pre_requisitos": [], "codigo_departamento": 91010000.0, "codigo_disciplina": 9101157, "horas": 60.0}, {"semestre": 2.0, "pos_requisitos": [9101166], "disciplina": "Qu\u00edmica Org\u00e2nica", "creditos": 4.0, "tipo": "Obrigat\u00f3ria", "pre_requisitos": [9101164], "codigo_departamento": 91010000.0, "codigo_disciplina": 9101159, "horas": 60.0}, {"semestre": 3.0, "pos_requisitos": [9101163], "disciplina": "Qu\u00edmica Anal\u00edtica", "creditos": 4.0, "tipo": "Obrigat\u00f3ria", "pre_requisitos": [9101164], "codigo_departamento": 91010000.0, "codigo_disciplina": 9101077, "horas": 60.0}, {"semestre": 3.0, "pos_requisitos": [], "disciplina": "Estatistica Experimental", "creditos": 4.0, "tipo": "Obrigat\u00f3ria", "pre_requisitos": [9101070], "codigo_departamento": 91010000.0, "codigo_disciplina": 9101091, "horas": 60.0}, {"semestre": 3.0, "pos_requisitos": [9101197], "disciplina": "Topografia", "creditos": 4.0, "tipo": "Obrigat\u00f3ria", "pre_requisitos": [9101068], "codigo_departamento": 91010000.0, "codigo_disciplina": 9101114, "horas": 60.0}, {"semestre": 3.0, "pos_requisitos": [9101175, 9101174, 9101183], "disciplina": "F\u00edsica II", "creditos": 4.0, "tipo": "Obrigat\u00f3ria", "pre_requisitos": [9101146], "codigo_departamento": 91010000.0, "codigo_disciplina": 9101156, "horas": 60.0}, {"semestre": 3.0, "pos_requisitos": [9101173, 9101183], "disciplina": "C\u00e1lculo III", "creditos": 4.0, "tipo": "Obrigat\u00f3ria", "pre_requisitos": [9101147, 9101154], "codigo_departamento": 91010000.0, "codigo_disciplina": 9101162, "horas": 60.0}, {"semestre": 3.0, "pos_requisitos": [9101179], "disciplina": "Bioqu\u00edmica Geral", "creditos": 4.0, "tipo": "Obrigat\u00f3ria", "pre_requisitos": [9101159], "codigo_departamento": 91010000.0, "codigo_disciplina": 9101166, "horas": 60.0}, {"semestre": 4.0, "pos_requisitos": [9101188, 9101200], "disciplina": "Qu\u00edmica Anal\u00edtica Experimental", "creditos": 4.0, "tipo": "Obrigat\u00f3ria", "pre_requisitos": [9101077], "codigo_departamento": 91010000.0, "codigo_disciplina": 9101163, "horas": 60.0}, {"semestre": 4.0, "pos_requisitos": [9101182], "disciplina": "Equacoes Diferenciais Lineares", "creditos": 4.0, "tipo": "Obrigat\u00f3ria", "pre_requisitos": [9101162], "codigo_departamento": 91010000.0, "codigo_disciplina": 9101173, "horas": 60.0}, {"semestre": 4.0, "pos_requisitos": [9101201], "disciplina": "Termodinamica", "creditos": 4.0, "tipo": "Obrigat\u00f3ria", "pre_requisitos": [9101154, 9101156], "codigo_departamento": 91010000.0, "codigo_disciplina": 9101174, "horas": 60.0}, {"semestre": 4.0, "pos_requisitos": [9101184], "disciplina": "F\u00edsica III", "creditos": 4.0, "tipo": "Obrigat\u00f3ria", "pre_requisitos": [9101156], "codigo_departamento": 91010000.0, "codigo_disciplina": 9101175, "horas": 60.0}, {"semestre": 4.0, "pos_requisitos": [9101218], "disciplina": "Microbiologia Ambiental", "creditos": 4.0, "tipo": "Obrigat\u00f3ria", "pre_requisitos": [9101153, 9101166], "codigo_departamento": 91010000.0, "codigo_disciplina": 9101179, "horas": 60.0}, {"semestre": 4.0, "pos_requisitos": [9101189], "disciplina": "Atributos F\u00edsicos e Qu\u00edmicos do Solo", "creditos": 4.0, "tipo": "Obrigat\u00f3ria", "pre_requisitos": [9101157], "codigo_departamento": 91010000.0, "codigo_disciplina": 9101180, "horas": 60.0}, {"semestre": 5.0, "pos_requisitos": [], "disciplina": "Laborat\u00f3rio de F\u00edsica", "creditos": 4.0, "tipo": "Obrigat\u00f3ria", "pre_requisitos": [9101175], "codigo_departamento": 91010000.0, "codigo_disciplina": 9101184, "horas": 60.0}, {"semestre": 5.0, "pos_requisitos": [9101200], "disciplina": "Qualidade da \u00c1gua", "creditos": 4.0, "tipo": "Obrigat\u00f3ria", "pre_requisitos": [9101163], "codigo_departamento": 91010000.0, "codigo_disciplina": 9101188, "horas": 60.0}, {"semestre": 5.0, "pos_requisitos": [9101218, 9101237], "disciplina": "Conserva\u00e7\u00e3o de Solo e \u00c1gua", "creditos": 4.0, "tipo": "Obrigat\u00f3ria", "pre_requisitos": [9101180], "codigo_departamento": 91010000.0, "codigo_disciplina": 9101189, "horas": 60.0}, {"semestre": 5.0, "pos_requisitos": [9101217], "disciplina": "Teoria Geral da Administra\u00e7\u00e3o", "creditos": 4.0, "tipo": "Obrigat\u00f3ria", "pre_requisitos": [], "codigo_departamento": 91010000.0, "codigo_disciplina": 9101190, "horas": 60.0}, {"semestre": 5.0, "pos_requisitos": [], "disciplina": "C\u00e1lculo Numerico", "creditos": 4.0, "tipo": "Obrigat\u00f3ria", "pre_requisitos": [9101173, 9101172], "codigo_departamento": 91010000.0, "codigo_disciplina": 9101182, "horas": 60.0}, {"semestre": 5.0, "pos_requisitos": [9101198], "disciplina": "Fen\u00f4menos de Transporte I", "creditos": 4.0, "tipo": "Obrigat\u00f3ria", "pre_requisitos": [9101162, 9101156], "codigo_departamento": 91010000.0, "codigo_disciplina": 9101183, "horas": 60.0}, {"semestre": 6.0, "pos_requisitos": [9101240], "disciplina": "Cartografia", "creditos": 4.0, "tipo": "Obrigat\u00f3ria", "pre_requisitos": [9101114], "codigo_departamento": 91010000.0, "codigo_disciplina": 9101197, "horas": 60.0}, {"semestre": 6.0, "pos_requisitos": [9101222], "disciplina": "Hidraulica Aplicada", "creditos": 4.0, "tipo": "Obrigat\u00f3ria", "pre_requisitos": [9101183], "codigo_departamento": 91010000.0, "codigo_disciplina": 9101198, "horas": 60.0}, {"semestre": 6.0, "pos_requisitos": [], "disciplina": "Sociologia", "creditos": 4.0, "tipo": "Obrigat\u00f3ria", "pre_requisitos": [], "codigo_departamento": 91010000.0, "codigo_disciplina": 9101199, "horas": 60.0}, {"semestre": 6.0, "pos_requisitos": [9101221, 9101219], "disciplina": "An\u00e1lise da \u00c1gua", "creditos": 4.0, "tipo": "Obrigat\u00f3ria", "pre_requisitos": [9101163, 9101188], "codigo_departamento": 91010000.0, "codigo_disciplina": 9101200, "horas": 60.0}, {"semestre": 6.0, "pos_requisitos": [9101222, 9101220], "disciplina": "Climatologia Ambiental", "creditos": 4.0, "tipo": "Obrigat\u00f3ria", "pre_requisitos": [9101174], "codigo_departamento": 91010000.0, "codigo_disciplina": 9101201, "horas": 60.0}, {"semestre": 6.0, "pos_requisitos": [], "disciplina": "Principios e Estrat da Educ Ambiental", "creditos": 4.0, "tipo": "Obrigat\u00f3ria", "pre_requisitos": [], "codigo_departamento": 91010000.0, "codigo_disciplina": 9101196, "horas": 60.0}, {"semestre": 7.0, "pos_requisitos": [], "disciplina": "Tratamento de \u00c1gua de Abastecimento", "creditos": 4.0, "tipo": "Obrigat\u00f3ria", "pre_requisitos": [9101200], "codigo_departamento": 91010000.0, "codigo_disciplina": 9101219, "horas": 60.0}, {"semestre": 7.0, "pos_requisitos": [9101236], "disciplina": "Economia Ambiental", "creditos": 4.0, "tipo": "Obrigat\u00f3ria", "pre_requisitos": [9101190], "codigo_departamento": 91010000.0, "codigo_disciplina": 9101217, "horas": 60.0}, {"semestre": 7.0, "pos_requisitos": [9101238], "disciplina": "Rec de Areas Degrad e Biorremediacao", "creditos": 4.0, "tipo": "Obrigat\u00f3ria", "pre_requisitos": [9101179, 9101189], "codigo_departamento": 91010000.0, "codigo_disciplina": 9101218, "horas": 60.0}, {"semestre": 7.0, "pos_requisitos": [], "disciplina": "Poluicao Atmosferica", "creditos": 4.0, "tipo": "Obrigat\u00f3ria", "pre_requisitos": [9101201], "codigo_departamento": 91010000.0, "codigo_disciplina": 9101220, "horas": 60.0}, {"semestre": 7.0, "pos_requisitos": [9101248], "disciplina": "Hidrologia Aplicada", "creditos": 4.0, "tipo": "Obrigat\u00f3ria", "pre_requisitos": [9101198, 9101201], "codigo_departamento": 91010000.0, "codigo_disciplina": 9101222, "horas": 60.0}, {"semestre": 7.0, "pos_requisitos": [9101239], "disciplina": "Saneamento Ambiental", "creditos": 4.0, "tipo": "Obrigat\u00f3ria", "pre_requisitos": [9101200], "codigo_departamento": 91010000.0, "codigo_disciplina": 9101221, "horas": 60.0}, {"semestre": 8.0, "pos_requisitos": [9101251, 9101250], "disciplina": "Gest\u00e3o Ambiental", "creditos": 4.0, "tipo": "Obrigat\u00f3ria", "pre_requisitos": [9101217], "codigo_departamento": 91010000.0, "codigo_disciplina": 9101236, "horas": 60.0}, {"semestre": 8.0, "pos_requisitos": [], "disciplina": "Recursos Naturais e Energias Renovaveis", "creditos": 4.0, "tipo": "Obrigat\u00f3ria", "pre_requisitos": [9101189], "codigo_departamento": 91010000.0, "codigo_disciplina": 9101237, "horas": 60.0}, {"semestre": 8.0, "pos_requisitos": [], "disciplina": "Gerenciamento de Residuos Solidos", "creditos": 4.0, "tipo": "Obrigat\u00f3ria", "pre_requisitos": [9101218], "codigo_departamento": 91010000.0, "codigo_disciplina": 9101238, "horas": 60.0}, {"semestre": 8.0, "pos_requisitos": [], "disciplina": "Tratamento de \u00c1guas Residu\u00e1rias", "creditos": 4.0, "tipo": "Obrigat\u00f3ria", "pre_requisitos": [9101221], "codigo_departamento": 91010000.0, "codigo_disciplina": 9101239, "horas": 60.0}, {"semestre": 8.0, "pos_requisitos": [9101248], "disciplina": "Geoprocessamento", "creditos": 4.0, "tipo": "Obrigat\u00f3ria", "pre_requisitos": [9101197], "codigo_departamento": 91010000.0, "codigo_disciplina": 9101240, "horas": 60.0}, {"semestre": 9.0, "pos_requisitos": [], "disciplina": "Planejamento e Gest\u00e3o de Rec Hidricos", "creditos": 4.0, "tipo": "Obrigat\u00f3ria", "pre_requisitos": [9101240, 9101222], "codigo_departamento": 91010000.0, "codigo_disciplina": 9101248, "horas": 60.0}, {"semestre": 9.0, "pos_requisitos": [], "disciplina": "Hidrogeologia", "creditos": 4.0, "tipo": "Obrigat\u00f3ria", "pre_requisitos": [9101157], "codigo_departamento": 91010000.0, "codigo_disciplina": 9101249, "horas": 60.0}, {"semestre": 9.0, "pos_requisitos": [], "disciplina": "Legislacao e Direito Ambiental", "creditos": 4.0, "tipo": "Obrigat\u00f3ria", "pre_requisitos": [9101236], "codigo_departamento": 91010000.0, "codigo_disciplina": 9101250, "horas": 60.0}, {"semestre": 9.0, "pos_requisitos": [], "disciplina": "Avalia\u00e7\u00e3o de Impactos Ambientais", "creditos": 4.0, "tipo": "Obrigat\u00f3ria", "pre_requisitos": [9101236], "codigo_departamento": 91010000.0, "codigo_disciplina": 9101251, "horas": 60.0}, {"semestre": 10.0, "pos_requisitos": [], "disciplina": "Est\u00e1gio Curricular Supervisionado", "creditos": 12.0, "tipo": "Complementar", "pre_requisitos": [], "codigo_departamento": 91010000.0, "codigo_disciplina": 9101257, "horas": 180.0}, {"semestre": 10.0, "pos_requisitos": [], "disciplina": "Atividades Complementares Flex\u00edveis", "creditos": 6.0, "tipo": "Complementar", "pre_requisitos": [], "codigo_departamento": 91010000.0, "codigo_disciplina": 9101267, "horas": 90.0}, {"semestre": 10.0, "pos_requisitos": [], "disciplina": "Trabalho de Conclus\u00e3o de Curso", "creditos": 4.0, "tipo": "Complementar", "pre_requisitos": [], "codigo_departamento": 91010000.0, "codigo_disciplina": 9101269, "horas": 60.0}]