[{"semestre": null, "pos_requisitos": [], "disciplina": "Teee: (Fluxo de Carga)", "creditos": null, "tipo": "Obrigat\u00f3ria", "pre_requisitos": [1404135, 1404136], "codigo_departamento": 14040000.0, "codigo_disciplina": 1404210, "horas": null}, {"semestre": null, "pos_requisitos": [], "disciplina": "Lab. Filtros El\u00e9tricos", "creditos": null, "tipo": "Obrigat\u00f3ria", "pre_requisitos": [], "codigo_departamento": 14040000.0, "codigo_disciplina": 1404213, "horas": null}, {"semestre": null, "pos_requisitos": [], "disciplina": "Lab. Instrumentacao", "creditos": null, "tipo": "Obrigat\u00f3ria", "pre_requisitos": [], "codigo_departamento": 14040000.0, "codigo_disciplina": 1404214, "horas": null}, {"semestre": null, "pos_requisitos": [], "disciplina": "Lab. Sistemas de Proc de Audio e Video", "creditos": null, "tipo": "Obrigat\u00f3ria", "pre_requisitos": [], "codigo_departamento": 14040000.0, "codigo_disciplina": 1404216, "horas": null}, {"semestre": null, "pos_requisitos": [], "disciplina": "Lab. Circuitos para Comunica\u00e7\u00e3o", "creditos": null, "tipo": "Obrigat\u00f3ria", "pre_requisitos": [], "codigo_departamento": 14040000.0, "codigo_disciplina": 1404215, "horas": null}, {"semestre": 1.0, "pos_requisitos": [1109053], "disciplina": "C\u00e1lculo Diferencial e Integral I", "creditos": null, "tipo": "Obrigat\u00f3ria", "pre_requisitos": [], "codigo_departamento": 11090000.0, "codigo_disciplina": 1109103, "horas": null}, {"semestre": 1.0, "pos_requisitos": [1109049, 1109105], "disciplina": "\u00c1lgebra Vetorial e Geometria Anal\u00edtica", "creditos": null, "tipo": "Obrigat\u00f3ria", "pre_requisitos": [], "codigo_departamento": 11090000.0, "codigo_disciplina": 1109035, "horas": null}, {"semestre": 1.0, "pos_requisitos": [], "disciplina": "Express\u00e3o Grafica", "creditos": 4.0, "tipo": "Obrigat\u00f3ria", "pre_requisitos": [], "codigo_departamento": 11130000.0, "codigo_disciplina": 1113019, "horas": 60.0}, {"semestre": 1.0, "pos_requisitos": [1108023, 1108081, 1108098], "disciplina": "F\u00edsica Geral I", "creditos": null, "tipo": "Obrigat\u00f3ria", "pre_requisitos": [], "codigo_departamento": 11080000.0, "codigo_disciplina": 1108030, "horas": null}, {"semestre": 1.0, "pos_requisitos": [], "disciplina": "Ci\u00eancias do Ambiente", "creditos": null, "tipo": "Obrigat\u00f3ria", "pre_requisitos": [], "codigo_departamento": 15030000.0, "codigo_disciplina": 1503038, "horas": null}, {"semestre": 1.0, "pos_requisitos": [1411161], "disciplina": "Introdu\u00e7\u00e3o a Programa\u00e7\u00e3o", "creditos": null, "tipo": "Obrigat\u00f3ria", "pre_requisitos": [], "codigo_departamento": 14110000.0, "codigo_disciplina": 1411160, "horas": null}, {"semestre": 1.0, "pos_requisitos": [], "disciplina": "Introdu\u00e7\u00e3o a Engenharia Eletrica", "creditos": null, "tipo": "Obrigat\u00f3ria", "pre_requisitos": [], "codigo_departamento": 14040000.0, "codigo_disciplina": 1404132, "horas": null}, {"semestre": 2.0, "pos_requisitos": [1108083, 1108084, 1503034], "disciplina": "F\u00edsica Geral II", "creditos": null, "tipo": "Obrigat\u00f3ria", "pre_requisitos": [1108030], "codigo_departamento": 11080000.0, "codigo_disciplina": 1108081, "horas": null}, {"semestre": 2.0, "pos_requisitos": [1106058], "disciplina": "Qu\u00edmica", "creditos": null, "tipo": "Obrigat\u00f3ria", "pre_requisitos": [], "codigo_departamento": 11070000.0, "codigo_disciplina": 1107212, "horas": null}, {"semestre": 2.0, "pos_requisitos": [1108083, 1108084, 1503034], "disciplina": "F\u00edsica Experimental I", "creditos": null, "tipo": "Obrigat\u00f3ria", "pre_requisitos": [1108030], "codigo_departamento": 11080000.0, "codigo_disciplina": 1108023, "horas": null}, {"semestre": 2.0, "pos_requisitos": [1109106], "disciplina": "\u00c1lgebra Linear I", "creditos": null, "tipo": "Obrigat\u00f3ria", "pre_requisitos": [1109035], "codigo_departamento": 11090000.0, "codigo_disciplina": 1109049, "horas": null}, {"semestre": 2.0, "pos_requisitos": [1109105, 1108083, 1109106, 1108084, 1108098, 1114107, 1503034], "disciplina": "C\u00e1lculo Diferencial e Integral II", "creditos": null, "tipo": "Obrigat\u00f3ria", "pre_requisitos": [1109103], "codigo_departamento": 11090000.0, "codigo_disciplina": 1109053, "horas": null}, {"semestre": 2.0, "pos_requisitos": [1411075], "disciplina": "T\u00e9cnicas de Programa\u00e7\u00e3o", "creditos": null, "tipo": "Obrigat\u00f3ria", "pre_requisitos": [1411160], "codigo_departamento": 14110000.0, "codigo_disciplina": 1411161, "horas": null}, {"semestre": 3.0, "pos_requisitos": [1404165, 1404166], "disciplina": "Circuitos Logicos", "creditos": null, "tipo": "Obrigat\u00f3ria", "pre_requisitos": [], "codigo_departamento": 14040000.0, "codigo_disciplina": 1404163, "horas": null}, {"semestre": 3.0, "pos_requisitos": [1404165, 1404166], "disciplina": "Lab. Circuitos Logicos", "creditos": null, "tipo": "Obrigat\u00f3ria", "pre_requisitos": [], "codigo_departamento": 14040000.0, "codigo_disciplina": 1404164, "horas": null}, {"semestre": 3.0, "pos_requisitos": [1108029], "disciplina": "Mec\u00e2nica Geral I", "creditos": null, "tipo": "Obrigat\u00f3ria", "pre_requisitos": [1109053, 1108030], "codigo_departamento": 11080000.0, "codigo_disciplina": 1108098, "horas": null}, {"semestre": 3.0, "pos_requisitos": [1404137, 1404141, 1404139, 1404142, 1404144, 1404151, 1404150], "disciplina": "Lab. de Optica Eletricidade e Magnetismo", "creditos": null, "tipo": "Obrigat\u00f3ria", "pre_requisitos": [1108081, 1108023, 1109053], "codigo_departamento": 11080000.0, "codigo_disciplina": 1108084, "horas": null}, {"semestre": 3.0, "pos_requisitos": [1404141, 1404142, 1109108], "disciplina": "C\u00e1lculo Diferencial e Integral III", "creditos": null, "tipo": "Obrigat\u00f3ria", "pre_requisitos": [1109053, 1109035], "codigo_departamento": 11090000.0, "codigo_disciplina": 1109105, "horas": null}, {"semestre": 3.0, "pos_requisitos": [1404137, 1404141, 1404139, 1404142, 1404144, 1404151, 1404150], "disciplina": "Eletricidade e Magnetismo", "creditos": null, "tipo": "Obrigat\u00f3ria", "pre_requisitos": [1108023, 1109053, 1108081], "codigo_departamento": 11080000.0, "codigo_disciplina": 1108083, "horas": null}, {"semestre": 3.0, "pos_requisitos": [1411075, 1404137, 1404139, 1404160], "disciplina": "Equacoes Diferenciais", "creditos": null, "tipo": "Obrigat\u00f3ria", "pre_requisitos": [1109053, 1109049], "codigo_departamento": 11090000.0, "codigo_disciplina": 1109106, "horas": null}, {"semestre": 4.0, "pos_requisitos": [1404160], "disciplina": "Variaveis Complexas", "creditos": null, "tipo": "Obrigat\u00f3ria", "pre_requisitos": [1109105], "codigo_departamento": 11090000.0, "codigo_disciplina": 1109108, "horas": null}, {"semestre": 4.0, "pos_requisitos": [1404136, 1404135], "disciplina": "C\u00e1lculo Numerico", "creditos": null, "tipo": "Obrigat\u00f3ria", "pre_requisitos": [1109106, 1411161], "codigo_departamento": 14110000.0, "codigo_disciplina": 1411075, "horas": null}, {"semestre": 4.0, "pos_requisitos": [1106058, 1503034], "disciplina": "Mec\u00e2nica Geral II", "creditos": null, "tipo": "Obrigat\u00f3ria", "pre_requisitos": [1108098], "codigo_departamento": 11080000.0, "codigo_disciplina": 1108029, "horas": null}, {"semestre": 4.0, "pos_requisitos": [1114109], "disciplina": "Probabilidade e Estatistica", "creditos": null, "tipo": "Obrigat\u00f3ria", "pre_requisitos": [1109053], "codigo_departamento": 11140000.0, "codigo_disciplina": 1114107, "horas": null}, {"semestre": 4.0, "pos_requisitos": [1404138, 1404144, 1404140, 1404147], "disciplina": "Circuitos El\u00e9tricos I", "creditos": null, "tipo": "Obrigat\u00f3ria", "pre_requisitos": [1108083, 1109106, 1108084], "codigo_departamento": 14040000.0, "codigo_disciplina": 1404137, "horas": null}, {"semestre": 4.0, "pos_requisitos": [1404138, 1404144, 1404140, 1404147], "disciplina": "Lab. Circuitos El\u00e9tricos I", "creditos": null, "tipo": "Obrigat\u00f3ria", "pre_requisitos": [1108083, 1109106, 1108084], "codigo_departamento": 14040000.0, "codigo_disciplina": 1404139, "horas": null}, {"semestre": 4.0, "pos_requisitos": [1404143, 1404152, 1404153], "disciplina": "Eletromagnetismo", "creditos": null, "tipo": "Obrigat\u00f3ria", "pre_requisitos": [1108083, 1108084, 1109105], "codigo_departamento": 14040000.0, "codigo_disciplina": 1404141, "horas": null}, {"semestre": 4.0, "pos_requisitos": [1404143, 1404152, 1404153], "disciplina": "Lab. Eletromagnetismo", "creditos": null, "tipo": "Obrigat\u00f3ria", "pre_requisitos": [1108083, 1108084, 1109105], "codigo_departamento": 14040000.0, "codigo_disciplina": 1404142, "horas": null}, {"semestre": 5.0, "pos_requisitos": [1404161, 1404156], "disciplina": "An\u00e1lise de Sinais e Sistemas", "creditos": null, "tipo": "Obrigat\u00f3ria", "pre_requisitos": [1109108, 1109106], "codigo_departamento": 14040000.0, "codigo_disciplina": 1404160, "horas": null}, {"semestre": 5.0, "pos_requisitos": [1404151, 1404150], "disciplina": "Introdu\u00e7\u00e3o \u00e0 Ci\u00eancia dos Materiais", "creditos": null, "tipo": "Obrigat\u00f3ria", "pre_requisitos": [1107212, 1108029], "codigo_departamento": 11060000.0, "codigo_disciplina": 1106058, "horas": null}, {"semestre": 5.0, "pos_requisitos": [1404161], "disciplina": "Processos Estocasticos", "creditos": null, "tipo": "Obrigat\u00f3ria", "pre_requisitos": [1114107], "codigo_departamento": 11140000.0, "codigo_disciplina": 1114109, "horas": null}, {"semestre": 5.0, "pos_requisitos": [1404152, 1404145, 1404153, 1404148, 1404136, 1404135], "disciplina": "Circuitos El\u00e9tricos II", "creditos": null, "tipo": "Obrigat\u00f3ria", "pre_requisitos": [1404137, 1404139], "codigo_departamento": 14040000.0, "codigo_disciplina": 1404138, "horas": null}, {"semestre": 5.0, "pos_requisitos": [1404152, 1404145, 1404153, 1404148, 1404136, 1404135], "disciplina": "Lab. Circuitos El\u00e9tricos II", "creditos": null, "tipo": "Obrigat\u00f3ria", "pre_requisitos": [1404137, 1404139], "codigo_departamento": 14040000.0, "codigo_disciplina": 1404140, "horas": null}, {"semestre": 5.0, "pos_requisitos": [], "disciplina": "Ondas e Linhas", "creditos": null, "tipo": "Obrigat\u00f3ria", "pre_requisitos": [1404141, 1404142], "codigo_departamento": 14040000.0, "codigo_disciplina": 1404143, "horas": null}, {"semestre": 5.0, "pos_requisitos": [1404145, 1404148], "disciplina": "Dispositivos Eletronicos", "creditos": null, "tipo": "Obrigat\u00f3ria", "pre_requisitos": [1404137, 1404139, 1108083, 1108084], "codigo_departamento": 14040000.0, "codigo_disciplina": 1404144, "horas": null}, {"semestre": 5.0, "pos_requisitos": [1404145, 1404148], "disciplina": "Lab. Dispositivos Eletronicos", "creditos": null, "tipo": "Obrigat\u00f3ria", "pre_requisitos": [1404137, 1404139], "codigo_departamento": 14040000.0, "codigo_disciplina": 1404147, "horas": null}, {"semestre": 6.0, "pos_requisitos": [], "disciplina": "Principios de Comunicacoes", "creditos": null, "tipo": "Obrigat\u00f3ria", "pre_requisitos": [1404160, 1114109], "codigo_departamento": 14040000.0, "codigo_disciplina": 1404161, "horas": null}, {"semestre": 6.0, "pos_requisitos": [], "disciplina": "Lab. Principios de Comunicacoes", "creditos": null, "tipo": "Obrigat\u00f3ria", "pre_requisitos": [], "codigo_departamento": 14040000.0, "codigo_disciplina": 1404162, "horas": null}, {"semestre": 6.0, "pos_requisitos": [], "disciplina": "Arquitetura de Sistemas Digitais", "creditos": null, "tipo": "Obrigat\u00f3ria", "pre_requisitos": [1404163, 1404164], "codigo_departamento": 14040000.0, "codigo_disciplina": 1404165, "horas": null}, {"semestre": 6.0, "pos_requisitos": [], "disciplina": "Lab Arquit. de Sistemas Digitais", "creditos": null, "tipo": "Obrigat\u00f3ria", "pre_requisitos": [1404163, 1404164], "codigo_departamento": 14040000.0, "codigo_disciplina": 1404166, "horas": null}, {"semestre": 6.0, "pos_requisitos": [], "disciplina": "Fen\u00f4menos de Transporte", "creditos": null, "tipo": "Obrigat\u00f3ria", "pre_requisitos": [1108081, 1109053, 1108023, 1108029], "codigo_departamento": 15030000.0, "codigo_disciplina": 1503034, "horas": null}, {"semestre": 6.0, "pos_requisitos": [1404146, 1404149], "disciplina": "Eletronica", "creditos": null, "tipo": "Obrigat\u00f3ria", "pre_requisitos": [1404138, 1404140, 1404144, 1404147], "codigo_departamento": 14040000.0, "codigo_disciplina": 1404145, "horas": null}, {"semestre": 6.0, "pos_requisitos": [1404146, 1404149], "disciplina": "Lab. Eletronica", "creditos": null, "tipo": "Obrigat\u00f3ria", "pre_requisitos": [1404138, 1404140, 1404144, 1404147], "codigo_departamento": 14040000.0, "codigo_disciplina": 1404148, "horas": null}, {"semestre": 6.0, "pos_requisitos": [1404155, 1404154], "disciplina": "Convers\u00e3o Eletromec\u00e2nica", "creditos": null, "tipo": "Obrigat\u00f3ria", "pre_requisitos": [1404138, 1404140, 1404141, 1404142], "codigo_departamento": 14040000.0, "codigo_disciplina": 1404152, "horas": null}, {"semestre": 6.0, "pos_requisitos": [1404155, 1404154], "disciplina": "Lab. Convers\u00e3o Eletromec\u00e2nica", "creditos": null, "tipo": "Obrigat\u00f3ria", "pre_requisitos": [1404138, 1404140, 1404141, 1404142], "codigo_departamento": 14040000.0, "codigo_disciplina": 1404153, "horas": null}, {"semestre": 7.0, "pos_requisitos": [], "disciplina": "Sociologia Industrial", "creditos": null, "tipo": "Obrigat\u00f3ria", "pre_requisitos": [], "codigo_departamento": 13050000.0, "codigo_disciplina": 1305212, "horas": null}, {"semestre": 7.0, "pos_requisitos": [1404133, 1404134, 1404210], "disciplina": "Sistemas El\u00e9tricos", "creditos": null, "tipo": "Obrigat\u00f3ria", "pre_requisitos": [1404138, 1404140, 1411075], "codigo_departamento": 14040000.0, "codigo_disciplina": 1404135, "horas": null}, {"semestre": 7.0, "pos_requisitos": [1404133, 1404134, 1404210], "disciplina": "Lab. Sistemas El\u00e9tricos", "creditos": null, "tipo": "Obrigat\u00f3ria", "pre_requisitos": [1404138, 1404140, 1411075], "codigo_departamento": 14040000.0, "codigo_disciplina": 1404136, "horas": null}, {"semestre": 7.0, "pos_requisitos": [1404133, 1404134], "disciplina": "Materiais El\u00e9tricos", "creditos": null, "tipo": "Obrigat\u00f3ria", "pre_requisitos": [1106058, 1108083, 1108084], "codigo_departamento": 14040000.0, "codigo_disciplina": 1404150, "horas": null}, {"semestre": 7.0, "pos_requisitos": [1404133, 1404134], "disciplina": "Lab. Materiais El\u00e9tricos", "creditos": null, "tipo": "Obrigat\u00f3ria", "pre_requisitos": [1106058, 1108083, 1108084], "codigo_departamento": 14040000.0, "codigo_disciplina": 1404151, "horas": null}, {"semestre": 7.0, "pos_requisitos": [], "disciplina": "M\u00e1quinas El\u00e9tricas", "creditos": null, "tipo": "Obrigat\u00f3ria", "pre_requisitos": [1404152, 1404153], "codigo_departamento": 14040000.0, "codigo_disciplina": 1404154, "horas": null}, {"semestre": 7.0, "pos_requisitos": [], "disciplina": "Laborat\u00f3rio de M\u00e1quinas El\u00e9tricas", "creditos": null, "tipo": "Obrigat\u00f3ria", "pre_requisitos": [1404152, 1404153], "codigo_departamento": 14040000.0, "codigo_disciplina": 1404155, "horas": null}, {"semestre": 7.0, "pos_requisitos": [1404157, 1404159], "disciplina": "Controle Analogico", "creditos": null, "tipo": "Obrigat\u00f3ria", "pre_requisitos": [1404160], "codigo_departamento": 14040000.0, "codigo_disciplina": 1404156, "horas": null}, {"semestre": 7.0, "pos_requisitos": [1404157, 1404159], "disciplina": "Lab. Controle Analogico", "creditos": null, "tipo": "Obrigat\u00f3ria", "pre_requisitos": [], "codigo_departamento": 14040000.0, "codigo_disciplina": 1404158, "horas": null}, {"semestre": 8.0, "pos_requisitos": [1301018], "disciplina": "Economia", "creditos": null, "tipo": "Obrigat\u00f3ria", "pre_requisitos": [], "codigo_departamento": 13030000.0, "codigo_disciplina": 1303021, "horas": null}, {"semestre": 8.0, "pos_requisitos": [], "disciplina": "Administra\u00e7\u00e3o", "creditos": null, "tipo": "Obrigat\u00f3ria", "pre_requisitos": [], "codigo_departamento": 13010000.0, "codigo_disciplina": 1301014, "horas": null}, {"semestre": 8.0, "pos_requisitos": [], "disciplina": "Eletronica de Potencia", "creditos": null, "tipo": "Obrigat\u00f3ria", "pre_requisitos": [1404145, 1404148], "codigo_departamento": 14040000.0, "codigo_disciplina": 1404146, "horas": null}, {"semestre": 8.0, "pos_requisitos": [], "disciplina": "Instalacoes Eletricas", "creditos": null, "tipo": "Obrigat\u00f3ria", "pre_requisitos": [1404150, 1404151, 1404135, 1404136], "codigo_departamento": 14040000.0, "codigo_disciplina": 1404133, "horas": null}, {"semestre": 8.0, "pos_requisitos": [], "disciplina": "Lab. Instalacoes Eletricas", "creditos": null, "tipo": "Obrigat\u00f3ria", "pre_requisitos": [1404150, 1404151, 1404135, 1404136], "codigo_departamento": 14040000.0, "codigo_disciplina": 1404134, "horas": null}, {"semestre": 8.0, "pos_requisitos": [], "disciplina": "Lab. Eletronica de Potencia", "creditos": null, "tipo": "Obrigat\u00f3ria", "pre_requisitos": [1404145, 1404148], "codigo_departamento": 14040000.0, "codigo_disciplina": 1404149, "horas": null}, {"semestre": 8.0, "pos_requisitos": [], "disciplina": "Controle Digital", "creditos": null, "tipo": "Obrigat\u00f3ria", "pre_requisitos": [1404156, 1404158], "codigo_departamento": 14040000.0, "codigo_disciplina": 1404157, "horas": null}, {"semestre": 8.0, "pos_requisitos": [], "disciplina": "Lab. Controle Digital", "creditos": null, "tipo": "Obrigat\u00f3ria", "pre_requisitos": [1404156, 1404158], "codigo_departamento": 14040000.0, "codigo_disciplina": 1404159, "horas": null}, {"semestre": 9.0, "pos_requisitos": [], "disciplina": "Engenharia Economica", "creditos": null, "tipo": "Obrigat\u00f3ria", "pre_requisitos": [1303021], "codigo_departamento": 13010000.0, "codigo_disciplina": 1301018, "horas": null}, {"semestre": 9.0, "pos_requisitos": [], "disciplina": "Projeto de Engenharia Eletrica", "creditos": null, "tipo": "Complementar", "pre_requisitos": [], "codigo_departamento": 14040000.0, "codigo_disciplina": 1404225, "horas": null}, {"semestre": 9.0, "pos_requisitos": [], "disciplina": "Instituicoes do Direito", "creditos": null, "tipo": "Obrigat\u00f3ria", "pre_requisitos": [], "codigo_departamento": 13050000.0, "codigo_disciplina": 1305036, "horas": null}, {"semestre": 10.0, "pos_requisitos": [], "disciplina": "Est\u00e1gio Integrado", "creditos": null, "tipo": "Complementar", "pre_requisitos": [], "codigo_departamento": 14040000.0, "codigo_disciplina": 1404204, "horas": null}, {"semestre": 10.0, "pos_requisitos": [], "disciplina": "Est\u00e1gio Supervisionado", "creditos": 9.0, "tipo": "Complementar", "pre_requisitos": [], "codigo_departamento": 14040000.0, "codigo_disciplina": 1404127, "horas": 270.0}]