[{"semestre": 1.0, "pos_requisitos": [7102053, 7102091], "disciplina": "Biologia Celular e Molecular", "creditos": 4.0, "tipo": "Obrigat\u00f3ria", "pre_requisitos": [], "codigo_departamento": 71020000.0, "codigo_disciplina": 7102001, "horas": 60.0}, {"semestre": 1.0, "pos_requisitos": [7102009, 7102011], "disciplina": "C\u00e1lculo Diferencial e Integral I", "creditos": 4.0, "tipo": "Obrigat\u00f3ria", "pre_requisitos": [], "codigo_departamento": 71020000.0, "codigo_disciplina": 7102002, "horas": 60.0}, {"semestre": 1.0, "pos_requisitos": [7102029], "disciplina": "Introdu\u00e7\u00e3o \u00e0 Ci\u00eancia da Computa\u00e7\u00e3o", "creditos": 4.0, "tipo": "Obrigat\u00f3ria", "pre_requisitos": [], "codigo_departamento": 71020000.0, "codigo_disciplina": 7102003, "horas": 60.0}, {"semestre": 1.0, "pos_requisitos": [7102025], "disciplina": "Qu\u00edmica Geral", "creditos": 4.0, "tipo": "Obrigat\u00f3ria", "pre_requisitos": [], "codigo_departamento": 71020000.0, "codigo_disciplina": 7102004, "horas": 60.0}, {"semestre": 1.0, "pos_requisitos": [7102025], "disciplina": "Qu\u00edmica Experimental", "creditos": 2.0, "tipo": "Obrigat\u00f3ria", "pre_requisitos": [], "codigo_departamento": 71020000.0, "codigo_disciplina": 7102005, "horas": 30.0}, {"semestre": 1.0, "pos_requisitos": [], "disciplina": "Int. a Eng. de Biossistemas", "creditos": 2.0, "tipo": "Obrigat\u00f3ria", "pre_requisitos": [], "codigo_departamento": 71020000.0, "codigo_disciplina": 7102007, "horas": 30.0}, {"semestre": 2.0, "pos_requisitos": [7102020, 7102021], "disciplina": "C\u00e1lculo Diferencial e Integral II", "creditos": 4.0, "tipo": "Obrigat\u00f3ria", "pre_requisitos": [7102002], "codigo_departamento": 71020000.0, "codigo_disciplina": 7102009, "horas": 60.0}, {"semestre": 2.0, "pos_requisitos": [], "disciplina": "M\u00e9todologia Cient\u00edfica", "creditos": 4.0, "tipo": "Obrigat\u00f3ria", "pre_requisitos": [], "codigo_departamento": 71020000.0, "codigo_disciplina": 7102027, "horas": 60.0}, {"semestre": 2.0, "pos_requisitos": [], "disciplina": "Prat. de Leitura e Produ\u00e7\u00e3o de Textos", "creditos": 4.0, "tipo": "Obrigat\u00f3ria", "pre_requisitos": [], "codigo_departamento": 71010000.0, "codigo_disciplina": 7101006, "horas": 60.0}, {"semestre": 2.0, "pos_requisitos": [], "disciplina": "\u00c1lgebra Linear", "creditos": 4.0, "tipo": "Obrigat\u00f3ria", "pre_requisitos": [], "codigo_departamento": 71020000.0, "codigo_disciplina": 7102010, "horas": 60.0}, {"semestre": 2.0, "pos_requisitos": [7102024, 7102121], "disciplina": "Desenho T\u00e9cnico", "creditos": 4.0, "tipo": "Obrigat\u00f3ria", "pre_requisitos": [], "codigo_departamento": 71020000.0, "codigo_disciplina": 7102012, "horas": 60.0}, {"semestre": 2.0, "pos_requisitos": [7102023, 7102044], "disciplina": "F\u00edsica Geral I", "creditos": 4.0, "tipo": "Obrigat\u00f3ria", "pre_requisitos": [7102002], "codigo_departamento": 71020000.0, "codigo_disciplina": 7102011, "horas": 60.0}, {"semestre": 3.0, "pos_requisitos": [7102048, 7102244, 7102245], "disciplina": "Qu\u00edmica Anal\u00edtica Aplicada", "creditos": 4.0, "tipo": "Obrigat\u00f3ria", "pre_requisitos": [7102004, 7102005], "codigo_departamento": 71020000.0, "codigo_disciplina": 7102025, "horas": 60.0}, {"semestre": 3.0, "pos_requisitos": [], "disciplina": "Introdu\u00e7\u00e3o \u00e0 Ci\u00eancia dos Materiais", "creditos": 2.0, "tipo": "Obrigat\u00f3ria", "pre_requisitos": [], "codigo_departamento": 71020000.0, "codigo_disciplina": 7102014, "horas": 30.0}, {"semestre": 3.0, "pos_requisitos": [7102050], "disciplina": "Equacoes Diferenciais Lineares", "creditos": 4.0, "tipo": "Obrigat\u00f3ria", "pre_requisitos": [7102009], "codigo_departamento": 71020000.0, "codigo_disciplina": 7102020, "horas": 60.0}, {"semestre": 3.0, "pos_requisitos": [], "disciplina": "Probabilidade e Estatistica", "creditos": 4.0, "tipo": "Obrigat\u00f3ria", "pre_requisitos": [7102009], "codigo_departamento": 71020000.0, "codigo_disciplina": 7102021, "horas": 60.0}, {"semestre": 3.0, "pos_requisitos": [7102068], "disciplina": "Botanica", "creditos": 2.0, "tipo": "Obrigat\u00f3ria", "pre_requisitos": [], "codigo_departamento": 71020000.0, "codigo_disciplina": 7102022, "horas": 30.0}, {"semestre": 3.0, "pos_requisitos": [7102046, 7102045, 7102050], "disciplina": "F\u00edsica Geral II", "creditos": 4.0, "tipo": "Obrigat\u00f3ria", "pre_requisitos": [7102011], "codigo_departamento": 71020000.0, "codigo_disciplina": 7102023, "horas": 60.0}, {"semestre": 3.0, "pos_requisitos": [7102093, 7102120], "disciplina": "Topografia", "creditos": 4.0, "tipo": "Obrigat\u00f3ria", "pre_requisitos": [7102012], "codigo_departamento": 71020000.0, "codigo_disciplina": 7102024, "horas": 60.0}, {"semestre": 3.0, "pos_requisitos": [7102246, 7102268], "disciplina": "Introdu\u00e7\u00e3o a Zootecnia", "creditos": 2.0, "tipo": "Obrigat\u00f3ria", "pre_requisitos": [], "codigo_departamento": 71020000.0, "codigo_disciplina": 7102026, "horas": 30.0}, {"semestre": 4.0, "pos_requisitos": [7102066], "disciplina": "F\u00edsica Geral III", "creditos": 4.0, "tipo": "Obrigat\u00f3ria", "pre_requisitos": [7102023], "codigo_departamento": 71020000.0, "codigo_disciplina": 7102045, "horas": 60.0}, {"semestre": 4.0, "pos_requisitos": [], "disciplina": "Programa\u00e7\u00e3o", "creditos": 4.0, "tipo": "Obrigat\u00f3ria", "pre_requisitos": [7102003], "codigo_departamento": 71020000.0, "codigo_disciplina": 7102029, "horas": 60.0}, {"semestre": 4.0, "pos_requisitos": [7102080], "disciplina": "Mec\u00e2nica Geral", "creditos": 4.0, "tipo": "Obrigat\u00f3ria", "pre_requisitos": [7102011], "codigo_departamento": 71020000.0, "codigo_disciplina": 7102044, "horas": 60.0}, {"semestre": 4.0, "pos_requisitos": [], "disciplina": "F\u00edsica Experimental", "creditos": 4.0, "tipo": "Obrigat\u00f3ria", "pre_requisitos": [7102023], "codigo_departamento": 71020000.0, "codigo_disciplina": 7102046, "horas": 60.0}, {"semestre": 4.0, "pos_requisitos": [], "disciplina": "Genese e Morfologia dos Solos", "creditos": 4.0, "tipo": "Obrigat\u00f3ria", "pre_requisitos": [], "codigo_departamento": 71020000.0, "codigo_disciplina": 7102049, "horas": 60.0}, {"semestre": 4.0, "pos_requisitos": [7102065, 7102069], "disciplina": "Termodinamica", "creditos": 4.0, "tipo": "Obrigat\u00f3ria", "pre_requisitos": [7102020, 7102023], "codigo_departamento": 71020000.0, "codigo_disciplina": 7102050, "horas": 60.0}, {"semestre": 4.0, "pos_requisitos": [7102103], "disciplina": "Ci\u00eancias do Ambiente", "creditos": 2.0, "tipo": "Obrigat\u00f3ria", "pre_requisitos": [], "codigo_departamento": 71020000.0, "codigo_disciplina": 7102051, "horas": 30.0}, {"semestre": 5.0, "pos_requisitos": [], "disciplina": "Bioqu\u00edmica", "creditos": 4.0, "tipo": "Obrigat\u00f3ria", "pre_requisitos": [7102001], "codigo_departamento": 71020000.0, "codigo_disciplina": 7102053, "horas": 60.0}, {"semestre": 5.0, "pos_requisitos": [], "disciplina": "F\u00edsico - Qu\u00edmica dos Solos", "creditos": 4.0, "tipo": "Obrigat\u00f3ria", "pre_requisitos": [7102025], "codigo_departamento": 71020000.0, "codigo_disciplina": 7102048, "horas": 60.0}, {"semestre": 5.0, "pos_requisitos": [7102062, 7102095], "disciplina": "Fen\u00f4menos de Transporte", "creditos": 4.0, "tipo": "Obrigat\u00f3ria", "pre_requisitos": [7102050], "codigo_departamento": 71020000.0, "codigo_disciplina": 7102065, "horas": 60.0}, {"semestre": 5.0, "pos_requisitos": [7102118], "disciplina": "Inst. El\u00e9tricas e Efici\u00eancia Energ\u00e9tica", "creditos": 4.0, "tipo": "Obrigat\u00f3ria", "pre_requisitos": [7102045], "codigo_departamento": 71020000.0, "codigo_disciplina": 7102066, "horas": 60.0}, {"semestre": 5.0, "pos_requisitos": [7102092, 7102247], "disciplina": "Agrometeorologia", "creditos": 4.0, "tipo": "Obrigat\u00f3ria", "pre_requisitos": [], "codigo_departamento": 71020000.0, "codigo_disciplina": 7102067, "horas": 60.0}, {"semestre": 5.0, "pos_requisitos": [7102119], "disciplina": "Anatomia Vegetal", "creditos": 2.0, "tipo": "Obrigat\u00f3ria", "pre_requisitos": [7102022], "codigo_departamento": 71020000.0, "codigo_disciplina": 7102068, "horas": 30.0}, {"semestre": 5.0, "pos_requisitos": [], "disciplina": "Lab de Fen\u00f4menos de Transporte", "creditos": 4.0, "tipo": "Obrigat\u00f3ria", "pre_requisitos": [7102050], "codigo_departamento": 71020000.0, "codigo_disciplina": 7102069, "horas": 60.0}, {"semestre": 6.0, "pos_requisitos": [7102121], "disciplina": "Resistencia dos Materiais", "creditos": 4.0, "tipo": "Obrigat\u00f3ria", "pre_requisitos": [7102044], "codigo_departamento": 71020000.0, "codigo_disciplina": 7102080, "horas": 60.0}, {"semestre": 6.0, "pos_requisitos": [7102245], "disciplina": "Microbiologia", "creditos": 4.0, "tipo": "Obrigat\u00f3ria", "pre_requisitos": [7102001], "codigo_departamento": 71020000.0, "codigo_disciplina": 7102091, "horas": 60.0}, {"semestre": 6.0, "pos_requisitos": [], "disciplina": "Principios de Bioclimatologia", "creditos": 2.0, "tipo": "Obrigat\u00f3ria", "pre_requisitos": [7102067], "codigo_departamento": 71020000.0, "codigo_disciplina": 7102092, "horas": 30.0}, {"semestre": 6.0, "pos_requisitos": [7102266], "disciplina": "Geoprocessamento", "creditos": 4.0, "tipo": "Obrigat\u00f3ria", "pre_requisitos": [7102024], "codigo_departamento": 71020000.0, "codigo_disciplina": 7102093, "horas": 60.0}, {"semestre": 6.0, "pos_requisitos": [], "disciplina": "Administra\u00e7\u00e3o e Empreendedorismo", "creditos": 2.0, "tipo": "Obrigat\u00f3ria", "pre_requisitos": [], "codigo_departamento": 71020000.0, "codigo_disciplina": 7102094, "horas": 30.0}, {"semestre": 6.0, "pos_requisitos": [], "disciplina": "Operacoes Unitarias", "creditos": 4.0, "tipo": "Obrigat\u00f3ria", "pre_requisitos": [7102065], "codigo_departamento": 71020000.0, "codigo_disciplina": 7102095, "horas": 60.0}, {"semestre": 6.0, "pos_requisitos": [], "disciplina": "Cidadania e Trabalho", "creditos": 2.0, "tipo": "Obrigat\u00f3ria", "pre_requisitos": [], "codigo_departamento": 71010000.0, "codigo_disciplina": 7101137, "horas": 30.0}, {"semestre": 6.0, "pos_requisitos": [7102120, 7102122], "disciplina": "Hidraulica", "creditos": 4.0, "tipo": "Obrigat\u00f3ria", "pre_requisitos": [7102065], "codigo_departamento": 71020000.0, "codigo_disciplina": 7102062, "horas": 60.0}, {"semestre": 7.0, "pos_requisitos": [], "disciplina": "Laboratorio de Hidraulica", "creditos": 2.0, "tipo": "Obrigat\u00f3ria", "pre_requisitos": [7102062], "codigo_departamento": 71020000.0, "codigo_disciplina": 7102122, "horas": 30.0}, {"semestre": 7.0, "pos_requisitos": [7102248, 7102270], "disciplina": "Hidrologia Aplicada", "creditos": 4.0, "tipo": "Obrigat\u00f3ria", "pre_requisitos": [7102024, 7102062], "codigo_departamento": 71020000.0, "codigo_disciplina": 7102120, "horas": 60.0}, {"semestre": 7.0, "pos_requisitos": [], "disciplina": "Economia", "creditos": 2.0, "tipo": "Obrigat\u00f3ria", "pre_requisitos": [], "codigo_departamento": 71010000.0, "codigo_disciplina": 7101132, "horas": 30.0}, {"semestre": 7.0, "pos_requisitos": [], "disciplina": "Biodireito", "creditos": 2.0, "tipo": "Obrigat\u00f3ria", "pre_requisitos": [], "codigo_departamento": 71010000.0, "codigo_disciplina": 7101138, "horas": 30.0}, {"semestre": 7.0, "pos_requisitos": [7102247, 7102243], "disciplina": "Automa\u00e7\u00e3o", "creditos": 4.0, "tipo": "Obrigat\u00f3ria", "pre_requisitos": [7102066], "codigo_departamento": 71020000.0, "codigo_disciplina": 7102118, "horas": 60.0}, {"semestre": 7.0, "pos_requisitos": [7102246, 7102266, 7102269], "disciplina": "Grandes Cultivos", "creditos": 4.0, "tipo": "Obrigat\u00f3ria", "pre_requisitos": [7102068], "codigo_departamento": 71020000.0, "codigo_disciplina": 7102119, "horas": 60.0}, {"semestre": 7.0, "pos_requisitos": [], "disciplina": "Construcoes Rurais e Ambiencia", "creditos": 4.0, "tipo": "Obrigat\u00f3ria", "pre_requisitos": [7102012, 7102080], "codigo_departamento": 71020000.0, "codigo_disciplina": 7102121, "horas": 60.0}, {"semestre": 8.0, "pos_requisitos": [7102266, 7102268], "disciplina": "Processamento de Sinais em Biossistemas", "creditos": 4.0, "tipo": "Obrigat\u00f3ria", "pre_requisitos": [7102118], "codigo_departamento": 71020000.0, "codigo_disciplina": 7102243, "horas": 60.0}, {"semestre": 8.0, "pos_requisitos": [], "disciplina": "Biocombustiveis", "creditos": 2.0, "tipo": "Obrigat\u00f3ria", "pre_requisitos": [7102025], "codigo_departamento": 71020000.0, "codigo_disciplina": 7102244, "horas": 30.0}, {"semestre": 8.0, "pos_requisitos": [7102267], "disciplina": "Qualidade de \u00c1gua", "creditos": 4.0, "tipo": "Obrigat\u00f3ria", "pre_requisitos": [7102025, 7102091], "codigo_departamento": 71020000.0, "codigo_disciplina": 7102245, "horas": 60.0}, {"semestre": 8.0, "pos_requisitos": [], "disciplina": "Controle em Processos Agropecuarios", "creditos": 2.0, "tipo": "Obrigat\u00f3ria", "pre_requisitos": [7102026, 7102119], "codigo_departamento": 71020000.0, "codigo_disciplina": 7102246, "horas": 30.0}, {"semestre": 8.0, "pos_requisitos": [], "disciplina": "Climatiza\u00e7\u00e3o e Autom. em Amb. Protegidos", "creditos": 4.0, "tipo": "Obrigat\u00f3ria", "pre_requisitos": [7102067, 7102118], "codigo_departamento": 71020000.0, "codigo_disciplina": 7102247, "horas": 60.0}, {"semestre": 8.0, "pos_requisitos": [], "disciplina": "Drenagem Agricola", "creditos": 4.0, "tipo": "Obrigat\u00f3ria", "pre_requisitos": [7102120], "codigo_departamento": 71020000.0, "codigo_disciplina": 7102248, "horas": 60.0}, {"semestre": 8.0, "pos_requisitos": [], "disciplina": "Per\u00edcia T\u00e9cnica", "creditos": 2.0, "tipo": "Obrigat\u00f3ria", "pre_requisitos": [], "codigo_departamento": 71020000.0, "codigo_disciplina": 7102249, "horas": 30.0}, {"semestre": 9.0, "pos_requisitos": [], "disciplina": "Gest\u00e3o Ambiental", "creditos": 4.0, "tipo": "Obrigat\u00f3ria", "pre_requisitos": [7102051], "codigo_departamento": 71020000.0, "codigo_disciplina": 7102103, "horas": 60.0}, {"semestre": 9.0, "pos_requisitos": [], "disciplina": "Agricultura de Precisao", "creditos": 4.0, "tipo": "Obrigat\u00f3ria", "pre_requisitos": [7102119, 7102243, 7102093], "codigo_departamento": 71020000.0, "codigo_disciplina": 7102266, "horas": 60.0}, {"semestre": 9.0, "pos_requisitos": [], "disciplina": "Tratamento de \u00c1guas Residu\u00e1rias", "creditos": 4.0, "tipo": "Obrigat\u00f3ria", "pre_requisitos": [7102245], "codigo_departamento": 71020000.0, "codigo_disciplina": 7102267, "horas": 60.0}, {"semestre": 9.0, "pos_requisitos": [], "disciplina": "Zootecnia de Precisao", "creditos": 2.0, "tipo": "Obrigat\u00f3ria", "pre_requisitos": [7102026, 7102243], "codigo_departamento": 71020000.0, "codigo_disciplina": 7102268, "horas": 30.0}, {"semestre": 9.0, "pos_requisitos": [], "disciplina": "Tecnologia de Secagem e Armazenamento", "creditos": 4.0, "tipo": "Obrigat\u00f3ria", "pre_requisitos": [7102119], "codigo_departamento": 71020000.0, "codigo_disciplina": 7102269, "horas": 60.0}, {"semestre": 9.0, "pos_requisitos": [], "disciplina": "Irrigacao", "creditos": 4.0, "tipo": "Obrigat\u00f3ria", "pre_requisitos": [7102120], "codigo_departamento": 71020000.0, "codigo_disciplina": 7102270, "horas": 60.0}, {"semestre": 10.0, "pos_requisitos": [], "disciplina": "Est\u00e1gio Supervisionado", "creditos": 12.0, "tipo": "Complementar", "pre_requisitos": [], "codigo_departamento": 71020000.0, "codigo_disciplina": 7102284, "horas": 180.0}, {"semestre": 10.0, "pos_requisitos": [], "disciplina": "Trabalho de Conclus\u00e3o de Curso", "creditos": 4.0, "tipo": "Complementar", "pre_requisitos": [], "codigo_departamento": 71020000.0, "codigo_disciplina": 7102285, "horas": 60.0}, {"semestre": 10.0, "pos_requisitos": [], "disciplina": "Atividades Complementares Flex\u00edveis", "creditos": 4.0, "tipo": "Complementar", "pre_requisitos": [], "codigo_departamento": 71020000.0, "codigo_disciplina": 7102286, "horas": 60.0}]