[{"semestre": null, "pos_requisitos": [], "disciplina": "Enade/Concluinte", "creditos": null, "tipo": "Complementar", "pre_requisitos": [], "codigo_departamento": 13050000.0, "codigo_disciplina": 1305253, "horas": null}, {"semestre": null, "pos_requisitos": [], "disciplina": "Enade/Ingressante", "creditos": null, "tipo": "Complementar", "pre_requisitos": [], "codigo_departamento": 13050000.0, "codigo_disciplina": 1305254, "horas": null}, {"semestre": 1.0, "pos_requisitos": [1109131], "disciplina": "C\u00e1lculo Diferencial e Integral I", "creditos": 4.0, "tipo": "Obrigat\u00f3ria", "pre_requisitos": [], "codigo_departamento": 11090000.0, "codigo_disciplina": 1109126, "horas": 60.0}, {"semestre": 1.0, "pos_requisitos": [1107290, 1107296, 1107304, 1107289, 1107256], "disciplina": "Qu\u00edmica Geral", "creditos": 4.0, "tipo": "Obrigat\u00f3ria", "pre_requisitos": [], "codigo_departamento": 11070000.0, "codigo_disciplina": 1107232, "horas": 60.0}, {"semestre": 1.0, "pos_requisitos": [1107290, 1107304, 1107289, 1107256], "disciplina": "Laborat\u00f3rio de Qu\u00edmica Geral", "creditos": 2.0, "tipo": "Obrigat\u00f3ria", "pre_requisitos": [], "codigo_departamento": 11070000.0, "codigo_disciplina": 1107255, "horas": 30.0}, {"semestre": 1.0, "pos_requisitos": [1109049, 1109128, 1109010], "disciplina": "\u00c1lgebra Vetorial e Geometria Anal\u00edtica", "creditos": 4.0, "tipo": "Obrigat\u00f3ria", "pre_requisitos": [], "codigo_departamento": 11090000.0, "codigo_disciplina": 1109035, "horas": 60.0}, {"semestre": 1.0, "pos_requisitos": [1108023, 1108081], "disciplina": "F\u00edsica Geral I", "creditos": 4.0, "tipo": "Obrigat\u00f3ria", "pre_requisitos": [], "codigo_departamento": 11080000.0, "codigo_disciplina": 1108030, "horas": 60.0}, {"semestre": 1.0, "pos_requisitos": [], "disciplina": "Introdu\u00e7\u00e3o \u00e0 Engenharia Qu\u00edmica", "creditos": 4.0, "tipo": "Obrigat\u00f3ria", "pre_requisitos": [], "codigo_departamento": 11070000.0, "codigo_disciplina": 1107283, "horas": 60.0}, {"semestre": 1.0, "pos_requisitos": [1107271], "disciplina": "Inform\u00e1tica Aplicada", "creditos": 4.0, "tipo": "Obrigat\u00f3ria", "pre_requisitos": [], "codigo_departamento": 11070000.0, "codigo_disciplina": 1107294, "horas": 60.0}, {"semestre": 2.0, "pos_requisitos": [1109128, 1109010, 1107305], "disciplina": "C\u00e1lculo Diferencial e Integral II", "creditos": 4.0, "tipo": "Obrigat\u00f3ria", "pre_requisitos": [1109126], "codigo_departamento": 11090000.0, "codigo_disciplina": 1109131, "horas": 60.0}, {"semestre": 2.0, "pos_requisitos": [1108101, 1108100], "disciplina": "F\u00edsica Experimental I", "creditos": 4.0, "tipo": "Obrigat\u00f3ria", "pre_requisitos": [1108030], "codigo_departamento": 11080000.0, "codigo_disciplina": 1108023, "horas": 60.0}, {"semestre": 2.0, "pos_requisitos": [], "disciplina": "\u00c1lgebra Linear I", "creditos": 4.0, "tipo": "Obrigat\u00f3ria", "pre_requisitos": [1109035], "codigo_departamento": 11090000.0, "codigo_disciplina": 1109049, "horas": 60.0}, {"semestre": 2.0, "pos_requisitos": [], "disciplina": "Laborat\u00f3rio de Qu\u00edmica Org\u00e2nica", "creditos": 2.0, "tipo": "Obrigat\u00f3ria", "pre_requisitos": [1107232, 1107255], "codigo_departamento": 11070000.0, "codigo_disciplina": 1107290, "horas": 30.0}, {"semestre": 2.0, "pos_requisitos": [1107297], "disciplina": "Princ\u00edpios e C\u00e1lculos da Eng. Qu\u00edmica I", "creditos": 4.0, "tipo": "Obrigat\u00f3ria", "pre_requisitos": [1107232], "codigo_departamento": 11070000.0, "codigo_disciplina": 1107296, "horas": 60.0}, {"semestre": 2.0, "pos_requisitos": [1107272], "disciplina": "Qu\u00edmica Org\u00e2nica", "creditos": 4.0, "tipo": "Obrigat\u00f3ria", "pre_requisitos": [1107232, 1107255], "codigo_departamento": 11070000.0, "codigo_disciplina": 1107304, "horas": 60.0}, {"semestre": 2.0, "pos_requisitos": [1108101, 1108100, 1107277, 1107298, 1107280], "disciplina": "F\u00edsica Geral II", "creditos": 4.0, "tipo": "Obrigat\u00f3ria", "pre_requisitos": [1108030], "codigo_departamento": 11080000.0, "codigo_disciplina": 1108081, "horas": 60.0}, {"semestre": 3.0, "pos_requisitos": [1404026], "disciplina": "F\u00edsica Geral III", "creditos": 4.0, "tipo": "Obrigat\u00f3ria", "pre_requisitos": [1108081, 1108023], "codigo_departamento": 11080000.0, "codigo_disciplina": 1108100, "horas": 60.0}, {"semestre": 3.0, "pos_requisitos": [1404026], "disciplina": "F\u00edsica Experimental II", "creditos": 4.0, "tipo": "Obrigat\u00f3ria", "pre_requisitos": [1108081, 1108023], "codigo_departamento": 11080000.0, "codigo_disciplina": 1108101, "horas": 60.0}, {"semestre": 3.0, "pos_requisitos": [1107277, 1107298, 1107280, 1108099], "disciplina": "C\u00e1lculo Diferencial e Integral III", "creditos": 4.0, "tipo": "Obrigat\u00f3ria", "pre_requisitos": [1109035, 1109131], "codigo_departamento": 11090000.0, "codigo_disciplina": 1109128, "horas": 60.0}, {"semestre": 3.0, "pos_requisitos": [1107277, 1107298, 1107280], "disciplina": "Equacoes Diferenciais Lineares", "creditos": 4.0, "tipo": "Obrigat\u00f3ria", "pre_requisitos": [1109131, 1109035], "codigo_departamento": 11090000.0, "codigo_disciplina": 1109010, "horas": 60.0}, {"semestre": 3.0, "pos_requisitos": [], "disciplina": "M\u00e9todos Num\u00e9ricos para Eng. Qu\u00edmica", "creditos": 4.0, "tipo": "Obrigat\u00f3ria", "pre_requisitos": [1107294], "codigo_departamento": 11070000.0, "codigo_disciplina": 1107271, "horas": 60.0}, {"semestre": 3.0, "pos_requisitos": [1107284, 1107267, 1107266], "disciplina": "Princ\u00edpios e C\u00e1lculos da Eng. Qu\u00edmica II", "creditos": 4.0, "tipo": "Obrigat\u00f3ria", "pre_requisitos": [1107296], "codigo_departamento": 11070000.0, "codigo_disciplina": 1107297, "horas": 60.0}, {"semestre": 4.0, "pos_requisitos": [1107236], "disciplina": "Qu\u00edmica Anal\u00edtica", "creditos": 4.0, "tipo": "Obrigat\u00f3ria", "pre_requisitos": [1107232, 1107255], "codigo_departamento": 11070000.0, "codigo_disciplina": 1107256, "horas": 60.0}, {"semestre": 4.0, "pos_requisitos": [], "disciplina": "Express\u00e3o Grafica", "creditos": 4.0, "tipo": "Obrigat\u00f3ria", "pre_requisitos": [], "codigo_departamento": 11130000.0, "codigo_disciplina": 1113019, "horas": 60.0}, {"semestre": 4.0, "pos_requisitos": [1107299, 1107236], "disciplina": "Cin\u00e9tica Qu\u00edmica", "creditos": 4.0, "tipo": "Obrigat\u00f3ria", "pre_requisitos": [1108081, 1109128, 1109010], "codigo_departamento": 11070000.0, "codigo_disciplina": 1107277, "horas": 60.0}, {"semestre": 4.0, "pos_requisitos": [1107285], "disciplina": "Laborat\u00f3rio de Engenharia Qu\u00edmica I", "creditos": 2.0, "tipo": "Obrigat\u00f3ria", "pre_requisitos": [1107297], "codigo_departamento": 11070000.0, "codigo_disciplina": 1107284, "horas": 30.0}, {"semestre": 4.0, "pos_requisitos": [], "disciplina": "Laborat\u00f3rio de Qu\u00edmica Anal\u00edtica", "creditos": 4.0, "tipo": "Obrigat\u00f3ria", "pre_requisitos": [1107232, 1107255], "codigo_departamento": 11070000.0, "codigo_disciplina": 1107289, "horas": 60.0}, {"semestre": 4.0, "pos_requisitos": [1107285, 1107299, 1107275], "disciplina": "Termodin\u00e2mica da Engenharia Qu\u00edmica I", "creditos": 4.0, "tipo": "Obrigat\u00f3ria", "pre_requisitos": [1108081, 1109128, 1109010], "codigo_departamento": 11070000.0, "codigo_disciplina": 1107298, "horas": 60.0}, {"semestre": 4.0, "pos_requisitos": [], "disciplina": "Eletrot\u00e9cnica Geral", "creditos": 4.0, "tipo": "Obrigat\u00f3ria", "pre_requisitos": [1108100, 1108101], "codigo_departamento": 14040000.0, "codigo_disciplina": 1404026, "horas": 60.0}, {"semestre": 5.0, "pos_requisitos": [], "disciplina": "Mec\u00e2nica Geral", "creditos": 4.0, "tipo": "Obrigat\u00f3ria", "pre_requisitos": [1109128], "codigo_departamento": 11080000.0, "codigo_disciplina": 1108099, "horas": 60.0}, {"semestre": 5.0, "pos_requisitos": [], "disciplina": "Sociologia Industrial", "creditos": 4.0, "tipo": "Obrigat\u00f3ria", "pre_requisitos": [], "codigo_departamento": 13050000.0, "codigo_disciplina": 1305109, "horas": 60.0}, {"semestre": 5.0, "pos_requisitos": [], "disciplina": "Administra\u00e7\u00e3o", "creditos": 4.0, "tipo": "Obrigat\u00f3ria", "pre_requisitos": [], "codigo_departamento": 13010000.0, "codigo_disciplina": 1301014, "horas": 60.0}, {"semestre": 5.0, "pos_requisitos": [], "disciplina": "Microbiologia", "creditos": 4.0, "tipo": "Obrigat\u00f3ria", "pre_requisitos": [1107304], "codigo_departamento": 11070000.0, "codigo_disciplina": 1107272, "horas": 60.0}, {"semestre": 5.0, "pos_requisitos": [1107281, 1107282, 1107291], "disciplina": "Fen\u00f4menos de Transportes I", "creditos": 4.0, "tipo": "Obrigat\u00f3ria", "pre_requisitos": [1108081, 1109128, 1109010], "codigo_departamento": 11070000.0, "codigo_disciplina": 1107280, "horas": 60.0}, {"semestre": 5.0, "pos_requisitos": [1107286, 1107291], "disciplina": "Laborat\u00f3rio de Engenharia Qu\u00edmica II", "creditos": 2.0, "tipo": "Obrigat\u00f3ria", "pre_requisitos": [1107298, 1107284], "codigo_departamento": 11070000.0, "codigo_disciplina": 1107285, "horas": 30.0}, {"semestre": 5.0, "pos_requisitos": [1107293], "disciplina": "Termodin\u00e2mica da Engenharia Qu\u00edmica II", "creditos": 4.0, "tipo": "Obrigat\u00f3ria", "pre_requisitos": [1107298, 1107277], "codigo_departamento": 11070000.0, "codigo_disciplina": 1107299, "horas": 60.0}, {"semestre": 6.0, "pos_requisitos": [1107276, 1107269, 1107278], "disciplina": "C\u00e1lculo de Reatores I", "creditos": 4.0, "tipo": "Obrigat\u00f3ria", "pre_requisitos": [1107298], "codigo_departamento": 11070000.0, "codigo_disciplina": 1107275, "horas": 60.0}, {"semestre": 6.0, "pos_requisitos": [1107292, 1107293], "disciplina": "Fen\u00f4menos de Transportes II", "creditos": 4.0, "tipo": "Obrigat\u00f3ria", "pre_requisitos": [1107280], "codigo_departamento": 11070000.0, "codigo_disciplina": 1107281, "horas": 60.0}, {"semestre": 6.0, "pos_requisitos": [1107276, 1107293], "disciplina": "Fen\u00f4menos de Transportes III", "creditos": 4.0, "tipo": "Obrigat\u00f3ria", "pre_requisitos": [1107280], "codigo_departamento": 11070000.0, "codigo_disciplina": 1107282, "horas": 60.0}, {"semestre": 6.0, "pos_requisitos": [1107287], "disciplina": "Laborat\u00f3rio de Engenharia Qu\u00edmica III", "creditos": 2.0, "tipo": "Obrigat\u00f3ria", "pre_requisitos": [1107285], "codigo_departamento": 11070000.0, "codigo_disciplina": 1107286, "horas": 30.0}, {"semestre": 6.0, "pos_requisitos": [], "disciplina": "Operacoes Unitarias I", "creditos": 4.0, "tipo": "Obrigat\u00f3ria", "pre_requisitos": [1107280, 1107285], "codigo_departamento": 11070000.0, "codigo_disciplina": 1107291, "horas": 60.0}, {"semestre": 6.0, "pos_requisitos": [1107267, 1107274], "disciplina": "Probabilidade e Estatistica", "creditos": 4.0, "tipo": "Obrigat\u00f3ria", "pre_requisitos": [1109131], "codigo_departamento": 11070000.0, "codigo_disciplina": 1107305, "horas": 60.0}, {"semestre": 7.0, "pos_requisitos": [], "disciplina": "Controle Estatistico de Processos", "creditos": 4.0, "tipo": "Obrigat\u00f3ria", "pre_requisitos": [1107305, 1107297], "codigo_departamento": 11070000.0, "codigo_disciplina": 1107267, "horas": 60.0}, {"semestre": 7.0, "pos_requisitos": [1107273], "disciplina": "C\u00e1lculo de Reatores II", "creditos": 4.0, "tipo": "Obrigat\u00f3ria", "pre_requisitos": [1107282, 1107275], "codigo_departamento": 11070000.0, "codigo_disciplina": 1107276, "horas": 60.0}, {"semestre": 7.0, "pos_requisitos": [1107288], "disciplina": "Laborat\u00f3rio de Engenharia Qu\u00edmica IV", "creditos": 2.0, "tipo": "Obrigat\u00f3ria", "pre_requisitos": [1107286], "codigo_departamento": 11070000.0, "codigo_disciplina": 1107287, "horas": 30.0}, {"semestre": 7.0, "pos_requisitos": [1107269, 1107278], "disciplina": "Operacoes Unitarias II", "creditos": 4.0, "tipo": "Obrigat\u00f3ria", "pre_requisitos": [1107281], "codigo_departamento": 11070000.0, "codigo_disciplina": 1107292, "horas": 60.0}, {"semestre": 7.0, "pos_requisitos": [1107269, 1107278], "disciplina": "Operacoes Unitarias III", "creditos": 4.0, "tipo": "Obrigat\u00f3ria", "pre_requisitos": [1107281, 1107282, 1107299], "codigo_departamento": 11070000.0, "codigo_disciplina": 1107293, "horas": 60.0}, {"semestre": 8.0, "pos_requisitos": [1107300], "disciplina": "An\u00e1lise Econ\u00f4mica de Processos", "creditos": 4.0, "tipo": "Obrigat\u00f3ria", "pre_requisitos": [1107297], "codigo_departamento": 11070000.0, "codigo_disciplina": 1107266, "horas": 60.0}, {"semestre": 8.0, "pos_requisitos": [1107268, 1107300], "disciplina": "Dinamica de Processos", "creditos": 4.0, "tipo": "Obrigat\u00f3ria", "pre_requisitos": [1107292, 1107293, 1107275], "codigo_departamento": 11070000.0, "codigo_disciplina": 1107269, "horas": 60.0}, {"semestre": 8.0, "pos_requisitos": [1107300], "disciplina": "Otimizacao de Processos", "creditos": 4.0, "tipo": "Obrigat\u00f3ria", "pre_requisitos": [1107276], "codigo_departamento": 11070000.0, "codigo_disciplina": 1107273, "horas": 60.0}, {"semestre": 8.0, "pos_requisitos": [1107279, 1107300], "disciplina": "Engenharia de Processos I", "creditos": 4.0, "tipo": "Obrigat\u00f3ria", "pre_requisitos": [1107292, 1107293, 1107275], "codigo_departamento": 11070000.0, "codigo_disciplina": 1107278, "horas": 60.0}, {"semestre": 9.0, "pos_requisitos": [1107301], "disciplina": "Gest\u00e3o Ambiental", "creditos": 4.0, "tipo": "Obrigat\u00f3ria", "pre_requisitos": [1107277, 1107256], "codigo_departamento": 11070000.0, "codigo_disciplina": 1107236, "horas": 60.0}, {"semestre": 9.0, "pos_requisitos": [1107301], "disciplina": "Controle de Processos", "creditos": 4.0, "tipo": "Obrigat\u00f3ria", "pre_requisitos": [1107269], "codigo_departamento": 11070000.0, "codigo_disciplina": 1107268, "horas": 60.0}, {"semestre": 9.0, "pos_requisitos": [1107301], "disciplina": "Planejamento e An\u00e1lise de Experimentos", "creditos": 4.0, "tipo": "Obrigat\u00f3ria", "pre_requisitos": [1107305], "codigo_departamento": 11070000.0, "codigo_disciplina": 1107274, "horas": 60.0}, {"semestre": 9.0, "pos_requisitos": [1107301], "disciplina": "Engenharia de Processos II", "creditos": 4.0, "tipo": "Obrigat\u00f3ria", "pre_requisitos": [1107278], "codigo_departamento": 11070000.0, "codigo_disciplina": 1107279, "horas": 60.0}, {"semestre": 9.0, "pos_requisitos": [1107301], "disciplina": "Laborat\u00f3rio de Engenharia Qu\u00edmica V", "creditos": 2.0, "tipo": "Obrigat\u00f3ria", "pre_requisitos": [1107287], "codigo_departamento": 11070000.0, "codigo_disciplina": 1107288, "horas": 30.0}, {"semestre": 9.0, "pos_requisitos": [1107301], "disciplina": "Trabalho de Conclus\u00e3o de Curso", "creditos": 4.0, "tipo": "Obrigat\u00f3ria", "pre_requisitos": [1107269, 1107278, 1107266, 1107273], "codigo_departamento": 11070000.0, "codigo_disciplina": 1107300, "horas": 60.0}, {"semestre": 10.0, "pos_requisitos": [], "disciplina": "Est\u00e1gio Integrado", "creditos": 16.0, "tipo": "Complementar", "pre_requisitos": [1107268, 1107279, 1107236, 1107274, 1107300, 1107288], "codigo_departamento": 11070000.0, "codigo_disciplina": 1107301, "horas": 240.0}, {"semestre": 10.0, "pos_requisitos": [], "disciplina": "Atividades Complementares Flex\u00edveis", "creditos": 8.0, "tipo": "Complementar", "pre_requisitos": [], "codigo_departamento": 11070000.0, "codigo_disciplina": 1107314, "horas": 120.0}]