[{"semestre": null, "pos_requisitos": [1502142], "disciplina": "Mec\u00e2nica Geral", "creditos": null, "tipo": "Obrigat\u00f3ria", "pre_requisitos": [1108030, 1109131], "codigo_departamento": 11080000.0, "codigo_disciplina": 1108099, "horas": null}, {"semestre": null, "pos_requisitos": [], "disciplina": "Enade/Concluinte", "creditos": null, "tipo": "Complementar", "pre_requisitos": [], "codigo_departamento": 13050000.0, "codigo_disciplina": 1305253, "horas": null}, {"semestre": null, "pos_requisitos": [], "disciplina": "Enade/Ingressante", "creditos": null, "tipo": "Complementar", "pre_requisitos": [], "codigo_departamento": 13050000.0, "codigo_disciplina": 1305254, "horas": null}, {"semestre": 1.0, "pos_requisitos": [1109131, 1108030, 1502128], "disciplina": "C\u00e1lculo Diferencial e Integral I", "creditos": 4.0, "tipo": "Obrigat\u00f3ria", "pre_requisitos": [], "codigo_departamento": 11090000.0, "codigo_disciplina": 1109126, "horas": 60.0}, {"semestre": 1.0, "pos_requisitos": [1108030, 1109049], "disciplina": "\u00c1lgebra Vetorial e Geometria Anal\u00edtica", "creditos": 4.0, "tipo": "Obrigat\u00f3ria", "pre_requisitos": [], "codigo_departamento": 11090000.0, "codigo_disciplina": 1109035, "horas": 60.0}, {"semestre": 1.0, "pos_requisitos": [], "disciplina": "Int a Engenharia Agricola", "creditos": 2.0, "tipo": "Obrigat\u00f3ria", "pre_requisitos": [], "codigo_departamento": 15020000.0, "codigo_disciplina": 1502046, "horas": 30.0}, {"semestre": 1.0, "pos_requisitos": [1113045], "disciplina": "Express\u00e3o Grafica", "creditos": 4.0, "tipo": "Obrigat\u00f3ria", "pre_requisitos": [], "codigo_departamento": 11130000.0, "codigo_disciplina": 1113019, "horas": 60.0}, {"semestre": 1.0, "pos_requisitos": [], "disciplina": "Sociologia e Antropologia", "creditos": 4.0, "tipo": "Obrigat\u00f3ria", "pre_requisitos": [], "codigo_departamento": 13050000.0, "codigo_disciplina": 1305148, "horas": 60.0}, {"semestre": 1.0, "pos_requisitos": [1502181, 1502004], "disciplina": "Qu\u00edmica Anal\u00edtica", "creditos": 4.0, "tipo": "Obrigat\u00f3ria", "pre_requisitos": [], "codigo_departamento": 15020000.0, "codigo_disciplina": 1502178, "horas": 60.0}, {"semestre": 1.0, "pos_requisitos": [1502167], "disciplina": "Microbiologia Ambiental", "creditos": 4.0, "tipo": "Obrigat\u00f3ria", "pre_requisitos": [], "codigo_departamento": 15020000.0, "codigo_disciplina": 1502180, "horas": 60.0}, {"semestre": 1.0, "pos_requisitos": [], "disciplina": "M\u00e9todologia e T\u00e9cnicas de Pesquisa", "creditos": 3.0, "tipo": "Obrigat\u00f3ria", "pre_requisitos": [], "codigo_departamento": 15020000.0, "codigo_disciplina": 1502183, "horas": 45.0}, {"semestre": 2.0, "pos_requisitos": [1503118, 1108081, 1109010, 1502177, 1502164, 1108099], "disciplina": "C\u00e1lculo Diferencial e Integral II", "creditos": 4.0, "tipo": "Obrigat\u00f3ria", "pre_requisitos": [1109126], "codigo_departamento": 11090000.0, "codigo_disciplina": 1109131, "horas": 60.0}, {"semestre": 2.0, "pos_requisitos": [1502149, 1502147, 1502160], "disciplina": "Solos Agricolas", "creditos": 3.0, "tipo": "Obrigat\u00f3ria", "pre_requisitos": [1502178], "codigo_departamento": 15020000.0, "codigo_disciplina": 1502004, "horas": 45.0}, {"semestre": 2.0, "pos_requisitos": [1502144], "disciplina": "Topografia", "creditos": 3.0, "tipo": "Obrigat\u00f3ria", "pre_requisitos": [], "codigo_departamento": 15020000.0, "codigo_disciplina": 1502143, "horas": 45.0}, {"semestre": 2.0, "pos_requisitos": [1502151], "disciplina": "Economia e Agronegocio", "creditos": 3.0, "tipo": "Obrigat\u00f3ria", "pre_requisitos": [], "codigo_departamento": 15020000.0, "codigo_disciplina": 1502150, "horas": 45.0}, {"semestre": 2.0, "pos_requisitos": [1502153], "disciplina": "Desenho T\u00e9cnico Instrumental", "creditos": 4.0, "tipo": "Obrigat\u00f3ria", "pre_requisitos": [1113019], "codigo_departamento": 11130000.0, "codigo_disciplina": 1113045, "horas": 60.0}, {"semestre": 2.0, "pos_requisitos": [1502149, 1502091, 1502167], "disciplina": "Bioqu\u00edmica", "creditos": 3.0, "tipo": "Obrigat\u00f3ria", "pre_requisitos": [1502178], "codigo_departamento": 15020000.0, "codigo_disciplina": 1502181, "horas": 45.0}, {"semestre": 2.0, "pos_requisitos": [1502166, 1502169], "disciplina": "Fundamentos de Impactos Ambientais", "creditos": 4.0, "tipo": "Obrigat\u00f3ria", "pre_requisitos": [], "codigo_departamento": 15020000.0, "codigo_disciplina": 1502182, "horas": 60.0}, {"semestre": 2.0, "pos_requisitos": [1108023, 1108081, 1108099], "disciplina": "F\u00edsica Geral I", "creditos": 4.0, "tipo": "Obrigat\u00f3ria", "pre_requisitos": [1109035, 1109126], "codigo_departamento": 11080000.0, "codigo_disciplina": 1108030, "horas": 60.0}, {"semestre": 3.0, "pos_requisitos": [1503117, 1502163], "disciplina": "Fen\u00f4menos de Transportes", "creditos": 4.0, "tipo": "Obrigat\u00f3ria", "pre_requisitos": [1109131], "codigo_departamento": 15030000.0, "codigo_disciplina": 1503118, "horas": 60.0}, {"semestre": 3.0, "pos_requisitos": [], "disciplina": "F\u00edsica Experimental I", "creditos": 4.0, "tipo": "Obrigat\u00f3ria", "pre_requisitos": [1108030], "codigo_departamento": 11080000.0, "codigo_disciplina": 1108023, "horas": 60.0}, {"semestre": 3.0, "pos_requisitos": [1109010], "disciplina": "\u00c1lgebra Linear I", "creditos": 4.0, "tipo": "Obrigat\u00f3ria", "pre_requisitos": [1109035], "codigo_departamento": 11090000.0, "codigo_disciplina": 1109049, "horas": 60.0}, {"semestre": 3.0, "pos_requisitos": [1502145], "disciplina": "Aerofotogrametria", "creditos": 2.0, "tipo": "Obrigat\u00f3ria", "pre_requisitos": [1502143], "codigo_departamento": 15020000.0, "codigo_disciplina": 1502144, "horas": 30.0}, {"semestre": 3.0, "pos_requisitos": [1502160], "disciplina": "Sistemas de Produ\u00e7\u00e3o Vegetal", "creditos": 4.0, "tipo": "Obrigat\u00f3ria", "pre_requisitos": [1502004, 1502181], "codigo_departamento": 15020000.0, "codigo_disciplina": 1502149, "horas": 60.0}, {"semestre": 3.0, "pos_requisitos": [1502168], "disciplina": "Poluicao Ambiental", "creditos": 3.0, "tipo": "Obrigat\u00f3ria", "pre_requisitos": [1502182], "codigo_departamento": 15020000.0, "codigo_disciplina": 1502166, "horas": 45.0}, {"semestre": 3.0, "pos_requisitos": [1502128], "disciplina": "F\u00edsica Geral II", "creditos": 4.0, "tipo": "Obrigat\u00f3ria", "pre_requisitos": [1108030, 1109131], "codigo_departamento": 11080000.0, "codigo_disciplina": 1108081, "horas": 60.0}, {"semestre": 4.0, "pos_requisitos": [1503026], "disciplina": "Hidraulica", "creditos": 4.0, "tipo": "Obrigat\u00f3ria", "pre_requisitos": [1503118], "codigo_departamento": 15030000.0, "codigo_disciplina": 1503117, "horas": 60.0}, {"semestre": 4.0, "pos_requisitos": [], "disciplina": "Equacoes Diferenciais Lineares", "creditos": 4.0, "tipo": "Obrigat\u00f3ria", "pre_requisitos": [1109131, 1109049], "codigo_departamento": 11090000.0, "codigo_disciplina": 1109010, "horas": 60.0}, {"semestre": 4.0, "pos_requisitos": [], "disciplina": "Hidraulica Experimental", "creditos": 2.0, "tipo": "Obrigat\u00f3ria", "pre_requisitos": [], "codigo_departamento": 15030000.0, "codigo_disciplina": 1503073, "horas": 30.0}, {"semestre": 4.0, "pos_requisitos": [1502153, 1503071, 1502158], "disciplina": "Resistencia dos Materiais", "creditos": 4.0, "tipo": "Obrigat\u00f3ria", "pre_requisitos": [1108099], "codigo_departamento": 15020000.0, "codigo_disciplina": 1502142, "horas": 60.0}, {"semestre": 4.0, "pos_requisitos": [1502146, 1502171], "disciplina": "Sensoriamento Remoto", "creditos": 2.0, "tipo": "Obrigat\u00f3ria", "pre_requisitos": [1502144], "codigo_departamento": 15020000.0, "codigo_disciplina": 1502145, "horas": 30.0}, {"semestre": 4.0, "pos_requisitos": [], "disciplina": "Manejo dos Recursos Naturais", "creditos": 4.0, "tipo": "Obrigat\u00f3ria", "pre_requisitos": [1502004], "codigo_departamento": 15020000.0, "codigo_disciplina": 1502147, "horas": 60.0}, {"semestre": 4.0, "pos_requisitos": [1502152], "disciplina": "Adm. Rural e Empreendedorismo", "creditos": 3.0, "tipo": "Obrigat\u00f3ria", "pre_requisitos": [1502150], "codigo_departamento": 15020000.0, "codigo_disciplina": 1502151, "horas": 45.0}, {"semestre": 4.0, "pos_requisitos": [], "disciplina": "Computa\u00e7\u00e3o Aplicada", "creditos": 4.0, "tipo": "Obrigat\u00f3ria", "pre_requisitos": [], "codigo_departamento": 15020000.0, "codigo_disciplina": 1502179, "horas": 60.0}, {"semestre": 5.0, "pos_requisitos": [], "disciplina": "Mec\u00e2nica dos Solos Experimental", "creditos": 2.0, "tipo": "Obrigat\u00f3ria", "pre_requisitos": [], "codigo_departamento": 15030000.0, "codigo_disciplina": 1503072, "horas": 30.0}, {"semestre": 5.0, "pos_requisitos": [1502161], "disciplina": "Mec\u00e2nica dos Solos", "creditos": 4.0, "tipo": "Obrigat\u00f3ria", "pre_requisitos": [1502142], "codigo_departamento": 15030000.0, "codigo_disciplina": 1503071, "horas": 60.0}, {"semestre": 5.0, "pos_requisitos": [1502162], "disciplina": "Termodinamica", "creditos": 4.0, "tipo": "Obrigat\u00f3ria", "pre_requisitos": [1108081, 1109126], "codigo_departamento": 15020000.0, "codigo_disciplina": 1502128, "horas": 60.0}, {"semestre": 5.0, "pos_requisitos": [], "disciplina": "Hidrologia Aplicada", "creditos": 4.0, "tipo": "Obrigat\u00f3ria", "pre_requisitos": [1503117], "codigo_departamento": 15030000.0, "codigo_disciplina": 1503026, "horas": 60.0}, {"semestre": 5.0, "pos_requisitos": [], "disciplina": "Geoprocessamento", "creditos": 3.0, "tipo": "Obrigat\u00f3ria", "pre_requisitos": [1502145], "codigo_departamento": 15020000.0, "codigo_disciplina": 1502146, "horas": 45.0}, {"semestre": 5.0, "pos_requisitos": [1502154, 1502155], "disciplina": "Elementos de M\u00e1quinas Agr\u00edcolas", "creditos": 3.0, "tipo": "Obrigat\u00f3ria", "pre_requisitos": [1502142, 1113045], "codigo_departamento": 15020000.0, "codigo_disciplina": 1502153, "horas": 45.0}, {"semestre": 5.0, "pos_requisitos": [1502165, 1502157, 1502174], "disciplina": "Instalacoes Eletricas", "creditos": 3.0, "tipo": "Obrigat\u00f3ria", "pre_requisitos": [1109131], "codigo_departamento": 15020000.0, "codigo_disciplina": 1502164, "horas": 45.0}, {"semestre": 5.0, "pos_requisitos": [], "disciplina": "Estatistica e Experimentacao Agricola", "creditos": 4.0, "tipo": "Obrigat\u00f3ria", "pre_requisitos": [1109131], "codigo_departamento": 15020000.0, "codigo_disciplina": 1502177, "horas": 60.0}, {"semestre": 6.0, "pos_requisitos": [], "disciplina": "Sistemas de Produ\u00e7\u00e3o Animal", "creditos": 4.0, "tipo": "Obrigat\u00f3ria", "pre_requisitos": [1502181], "codigo_departamento": 15020000.0, "codigo_disciplina": 1502091, "horas": 60.0}, {"semestre": 6.0, "pos_requisitos": [], "disciplina": "Comunica\u00e7\u00e3o e Extens\u00e3o Rural", "creditos": 4.0, "tipo": "Obrigat\u00f3ria", "pre_requisitos": [1502151], "codigo_departamento": 15020000.0, "codigo_disciplina": 1502152, "horas": 60.0}, {"semestre": 6.0, "pos_requisitos": [], "disciplina": "Ferram. Impl. e M\u00e1quinas Agr\u00edcolas", "creditos": 3.0, "tipo": "Obrigat\u00f3ria", "pre_requisitos": [1502153], "codigo_departamento": 15020000.0, "codigo_disciplina": 1502154, "horas": 45.0}, {"semestre": 6.0, "pos_requisitos": [1502159], "disciplina": "Materiais e T\u00e9cnicas de Constru\u00e7\u00e3o", "creditos": 3.0, "tipo": "Obrigat\u00f3ria", "pre_requisitos": [1502142], "codigo_departamento": 15020000.0, "codigo_disciplina": 1502158, "horas": 45.0}, {"semestre": 6.0, "pos_requisitos": [], "disciplina": "Sistemas de Irrigacao", "creditos": 3.0, "tipo": "Obrigat\u00f3ria", "pre_requisitos": [1502004, 1502149], "codigo_departamento": 15020000.0, "codigo_disciplina": 1502160, "horas": 45.0}, {"semestre": 6.0, "pos_requisitos": [], "disciplina": "Prop. F\u00edsicas de Mat. Biol\u00f3gicos", "creditos": 3.0, "tipo": "Obrigat\u00f3ria", "pre_requisitos": [1503118], "codigo_departamento": 15020000.0, "codigo_disciplina": 1502163, "horas": 45.0}, {"semestre": 6.0, "pos_requisitos": [1502173], "disciplina": "Desastres Ambientais", "creditos": 2.0, "tipo": "Obrigat\u00f3ria", "pre_requisitos": [1502145], "codigo_departamento": 15020000.0, "codigo_disciplina": 1502171, "horas": 30.0}, {"semestre": 6.0, "pos_requisitos": [], "disciplina": "Est\u00e1gio Supervisionado", "creditos": 6.0, "tipo": "Obrigat\u00f3ria", "pre_requisitos": [], "codigo_departamento": 15020000.0, "codigo_disciplina": 1502175, "horas": 180.0}, {"semestre": 7.0, "pos_requisitos": [1502156], "disciplina": "Mecanizacao Agricola", "creditos": 3.0, "tipo": "Obrigat\u00f3ria", "pre_requisitos": [1502153], "codigo_departamento": 15020000.0, "codigo_disciplina": 1502155, "horas": 45.0}, {"semestre": 7.0, "pos_requisitos": [1502172], "disciplina": "Estruturas para Edificacoes Rurais", "creditos": 3.0, "tipo": "Obrigat\u00f3ria", "pre_requisitos": [1502158], "codigo_departamento": 15020000.0, "codigo_disciplina": 1502159, "horas": 45.0}, {"semestre": 7.0, "pos_requisitos": [1502172, 1502170], "disciplina": "Sistemas de Drenagem Agricola", "creditos": 3.0, "tipo": "Obrigat\u00f3ria", "pre_requisitos": [1503071], "codigo_departamento": 15020000.0, "codigo_disciplina": 1502161, "horas": 45.0}, {"semestre": 7.0, "pos_requisitos": [1502174], "disciplina": "Armazenamento de Produtos Agr\u00edcolas", "creditos": 3.0, "tipo": "Obrigat\u00f3ria", "pre_requisitos": [1502128], "codigo_departamento": 15020000.0, "codigo_disciplina": 1502162, "horas": 45.0}, {"semestre": 7.0, "pos_requisitos": [1502169], "disciplina": "Tratamento de Residuos I", "creditos": 3.0, "tipo": "Obrigat\u00f3ria", "pre_requisitos": [1502180, 1502181], "codigo_departamento": 15020000.0, "codigo_disciplina": 1502167, "horas": 45.0}, {"semestre": 7.0, "pos_requisitos": [], "disciplina": "Gest\u00e3o Ambiental", "creditos": 3.0, "tipo": "Obrigat\u00f3ria", "pre_requisitos": [1502166], "codigo_departamento": 15020000.0, "codigo_disciplina": 1502168, "horas": 45.0}, {"semestre": 7.0, "pos_requisitos": [], "disciplina": "Fontes Renovaveis de Energia", "creditos": 3.0, "tipo": "Obrigat\u00f3ria", "pre_requisitos": [1502164], "codigo_departamento": 15020000.0, "codigo_disciplina": 1502165, "horas": 45.0}, {"semestre": 8.0, "pos_requisitos": [], "disciplina": "Mec\u00e2nica Agr\u00edcola", "creditos": 3.0, "tipo": "Obrigat\u00f3ria", "pre_requisitos": [1502155], "codigo_departamento": 15020000.0, "codigo_disciplina": 1502156, "horas": 45.0}, {"semestre": 8.0, "pos_requisitos": [], "disciplina": "Projeto de Impactos Ambientais", "creditos": 3.0, "tipo": "Obrigat\u00f3ria", "pre_requisitos": [1502182, 1502167], "codigo_departamento": 15020000.0, "codigo_disciplina": 1502169, "horas": 45.0}, {"semestre": 8.0, "pos_requisitos": [], "disciplina": "Saneamento Ambiental", "creditos": 3.0, "tipo": "Obrigat\u00f3ria", "pre_requisitos": [1502161], "codigo_departamento": 15020000.0, "codigo_disciplina": 1502170, "horas": 45.0}, {"semestre": 8.0, "pos_requisitos": [], "disciplina": "Projeto de Engenharia Agricola I", "creditos": 9.0, "tipo": "Obrigat\u00f3ria", "pre_requisitos": [1502159, 1502161], "codigo_departamento": 15020000.0, "codigo_disciplina": 1502172, "horas": 135.0}, {"semestre": 8.0, "pos_requisitos": [], "disciplina": "Recuperacao de Areas Degradadas", "creditos": 3.0, "tipo": "Obrigat\u00f3ria", "pre_requisitos": [1502171], "codigo_departamento": 15020000.0, "codigo_disciplina": 1502173, "horas": 45.0}, {"semestre": 9.0, "pos_requisitos": [], "disciplina": "Autom. e Controle de Sistemas Agricolas", "creditos": 3.0, "tipo": "Obrigat\u00f3ria", "pre_requisitos": [1502164], "codigo_departamento": 15020000.0, "codigo_disciplina": 1502157, "horas": 45.0}, {"semestre": 9.0, "pos_requisitos": [], "disciplina": "Projeto de Engenharia Agricola II", "creditos": 9.0, "tipo": "Obrigat\u00f3ria", "pre_requisitos": [1502162, 1502164], "codigo_departamento": 15020000.0, "codigo_disciplina": 1502174, "horas": 135.0}, {"semestre": 9.0, "pos_requisitos": [], "disciplina": "Atividades Complementares", "creditos": 3.0, "tipo": "Complementar", "pre_requisitos": [], "codigo_departamento": 15020000.0, "codigo_disciplina": 1502207, "horas": 45.0}, {"semestre": 10.0, "pos_requisitos": [], "disciplina": "Trabalho de Conclus\u00e3o de Curso", "creditos": 4.0, "tipo": "Obrigat\u00f3ria", "pre_requisitos": [], "codigo_departamento": 15020000.0, "codigo_disciplina": 1502176, "horas": 60.0}]