[{"semestre": null, "pos_requisitos": [], "disciplina": "Enade/Ingressante", "creditos": null, "tipo": "Complementar", "pre_requisitos": [], "codigo_departamento": 13050000.0, "codigo_disciplina": 1305254, "horas": null}, {"semestre": null, "pos_requisitos": [], "disciplina": "Enade/Concluinte", "creditos": null, "tipo": "Complementar", "pre_requisitos": [], "codigo_departamento": 13050000.0, "codigo_disciplina": 1305253, "horas": null}, {"semestre": 1.0, "pos_requisitos": [1109131], "disciplina": "C\u00e1lculo Diferencial e Integral I", "creditos": 4.0, "tipo": "Obrigat\u00f3ria", "pre_requisitos": [], "codigo_departamento": 11090000.0, "codigo_disciplina": 1109126, "horas": 60.0}, {"semestre": 1.0, "pos_requisitos": [1106081, 1107256], "disciplina": "Qu\u00edmica Geral", "creditos": 4.0, "tipo": "Obrigat\u00f3ria", "pre_requisitos": [], "codigo_departamento": 11070000.0, "codigo_disciplina": 1107232, "horas": 60.0}, {"semestre": 1.0, "pos_requisitos": [1107256], "disciplina": "Laborat\u00f3rio de Qu\u00edmica Geral", "creditos": 4.0, "tipo": "Obrigat\u00f3ria", "pre_requisitos": [], "codigo_departamento": 11070000.0, "codigo_disciplina": 1107255, "horas": 60.0}, {"semestre": 1.0, "pos_requisitos": [1108023, 1108081], "disciplina": "F\u00edsica Geral I", "creditos": 4.0, "tipo": "Obrigat\u00f3ria", "pre_requisitos": [], "codigo_departamento": 11080000.0, "codigo_disciplina": 1108030, "horas": 60.0}, {"semestre": 1.0, "pos_requisitos": [1109049, 1109128], "disciplina": "\u00c1lgebra Vetorial e Geometria Anal\u00edtica", "creditos": 4.0, "tipo": "Obrigat\u00f3ria", "pre_requisitos": [], "codigo_departamento": 11090000.0, "codigo_disciplina": 1109035, "horas": 60.0}, {"semestre": 1.0, "pos_requisitos": [], "disciplina": "Introdu\u00e7\u00e3o \u00e0 Engenharia de Materiais", "creditos": 4.0, "tipo": "Obrigat\u00f3ria", "pre_requisitos": [], "codigo_departamento": 11060000.0, "codigo_disciplina": 1106011, "horas": 60.0}, {"semestre": 2.0, "pos_requisitos": [1109128, 1109010, 1114129, 1108099], "disciplina": "C\u00e1lculo Diferencial e Integral II", "creditos": 4.0, "tipo": "Obrigat\u00f3ria", "pre_requisitos": [1109126], "codigo_departamento": 11090000.0, "codigo_disciplina": 1109131, "horas": 60.0}, {"semestre": 2.0, "pos_requisitos": [1411075], "disciplina": "Introdu\u00e7\u00e3o \u00e0 Ci\u00eancia da Computa\u00e7\u00e3o", "creditos": 4.0, "tipo": "Obrigat\u00f3ria", "pre_requisitos": [], "codigo_departamento": 14110000.0, "codigo_disciplina": 1411001, "horas": 60.0}, {"semestre": 2.0, "pos_requisitos": [1106082], "disciplina": "Qu\u00edmica de Materiais", "creditos": 4.0, "tipo": "Obrigat\u00f3ria", "pre_requisitos": [1107232], "codigo_departamento": 11060000.0, "codigo_disciplina": 1106081, "horas": 60.0}, {"semestre": 2.0, "pos_requisitos": [1109010], "disciplina": "\u00c1lgebra Linear I", "creditos": 4.0, "tipo": "Obrigat\u00f3ria", "pre_requisitos": [1109035], "codigo_departamento": 11090000.0, "codigo_disciplina": 1109049, "horas": 60.0}, {"semestre": 2.0, "pos_requisitos": [1108101], "disciplina": "F\u00edsica Experimental I", "creditos": 4.0, "tipo": "Obrigat\u00f3ria", "pre_requisitos": [1108030], "codigo_departamento": 11080000.0, "codigo_disciplina": 1108023, "horas": 60.0}, {"semestre": 2.0, "pos_requisitos": [1108100, 1106083, 1108099, 1106086, 1106087], "disciplina": "F\u00edsica Geral II", "creditos": 4.0, "tipo": "Obrigat\u00f3ria", "pre_requisitos": [1108030], "codigo_departamento": 11080000.0, "codigo_disciplina": 1108081, "horas": 60.0}, {"semestre": 3.0, "pos_requisitos": [1404026], "disciplina": "F\u00edsica Geral III", "creditos": 4.0, "tipo": "Obrigat\u00f3ria", "pre_requisitos": [1108081], "codigo_departamento": 11080000.0, "codigo_disciplina": 1108100, "horas": 60.0}, {"semestre": 3.0, "pos_requisitos": [1404026], "disciplina": "F\u00edsica Experimental II", "creditos": 4.0, "tipo": "Obrigat\u00f3ria", "pre_requisitos": [1108023], "codigo_departamento": 11080000.0, "codigo_disciplina": 1108101, "horas": 60.0}, {"semestre": 3.0, "pos_requisitos": [1106087], "disciplina": "C\u00e1lculo Diferencial e Integral III", "creditos": 4.0, "tipo": "Obrigat\u00f3ria", "pre_requisitos": [1109131, 1109035], "codigo_departamento": 11090000.0, "codigo_disciplina": 1109128, "horas": 60.0}, {"semestre": 3.0, "pos_requisitos": [], "disciplina": "C\u00e1lculo Numerico", "creditos": 4.0, "tipo": "Obrigat\u00f3ria", "pre_requisitos": [1411001], "codigo_departamento": 14110000.0, "codigo_disciplina": 1411075, "horas": 60.0}, {"semestre": 3.0, "pos_requisitos": [1106083], "disciplina": "Estruturas Cristalinas", "creditos": 4.0, "tipo": "Obrigat\u00f3ria", "pre_requisitos": [1106081], "codigo_departamento": 11060000.0, "codigo_disciplina": 1106082, "horas": 60.0}, {"semestre": 3.0, "pos_requisitos": [], "disciplina": "M\u00e9todologia e T\u00e9cnicas de Pesquisa", "creditos": 4.0, "tipo": "Obrigat\u00f3ria", "pre_requisitos": [], "codigo_departamento": 13070000.0, "codigo_disciplina": 1307177, "horas": 60.0}, {"semestre": 4.0, "pos_requisitos": [], "disciplina": "Mec\u00e2nica Geral", "creditos": 4.0, "tipo": "Obrigat\u00f3ria", "pre_requisitos": [1109131, 1108081], "codigo_departamento": 11080000.0, "codigo_disciplina": 1108099, "horas": 60.0}, {"semestre": 4.0, "pos_requisitos": [1114130], "disciplina": "Introdu\u00e7\u00e3o a Probabilidade", "creditos": 4.0, "tipo": "Obrigat\u00f3ria", "pre_requisitos": [1109131], "codigo_departamento": 11140000.0, "codigo_disciplina": 1114129, "horas": 60.0}, {"semestre": 4.0, "pos_requisitos": [1106086], "disciplina": "Equacoes Diferenciais Lineares", "creditos": 4.0, "tipo": "Obrigat\u00f3ria", "pre_requisitos": [1109131, 1109049], "codigo_departamento": 11090000.0, "codigo_disciplina": 1109010, "horas": 60.0}, {"semestre": 4.0, "pos_requisitos": [1106084, 1106085, 1106089, 1106088, 1106094, 1106092, 1106097], "disciplina": "Ci\u00eancia de Materiais", "creditos": 4.0, "tipo": "Obrigat\u00f3ria", "pre_requisitos": [1108081, 1106082], "codigo_departamento": 11060000.0, "codigo_disciplina": 1106083, "horas": 60.0}, {"semestre": 4.0, "pos_requisitos": [], "disciplina": "Instituicoes do Direito", "creditos": 4.0, "tipo": "Obrigat\u00f3ria", "pre_requisitos": [], "codigo_departamento": 13050000.0, "codigo_disciplina": 1305126, "horas": 60.0}, {"semestre": 4.0, "pos_requisitos": [], "disciplina": "Qu\u00edmica Anal\u00edtica", "creditos": 4.0, "tipo": "Obrigat\u00f3ria", "pre_requisitos": [1107232, 1107255], "codigo_departamento": 11070000.0, "codigo_disciplina": 1107256, "horas": 60.0}, {"semestre": 5.0, "pos_requisitos": [], "disciplina": "Caracteriza\u00e7\u00e3o de Materiais", "creditos": 4.0, "tipo": "Obrigat\u00f3ria", "pre_requisitos": [1106083], "codigo_departamento": 11060000.0, "codigo_disciplina": 1106084, "horas": 60.0}, {"semestre": 5.0, "pos_requisitos": [], "disciplina": "Ensaios Mecanicos de Materais", "creditos": 4.0, "tipo": "Obrigat\u00f3ria", "pre_requisitos": [1106083], "codigo_departamento": 11060000.0, "codigo_disciplina": 1106085, "horas": 60.0}, {"semestre": 5.0, "pos_requisitos": [], "disciplina": "Termodinamica de Solidos", "creditos": 4.0, "tipo": "Obrigat\u00f3ria", "pre_requisitos": [1108081, 1109128], "codigo_departamento": 11060000.0, "codigo_disciplina": 1106087, "horas": 60.0}, {"semestre": 5.0, "pos_requisitos": [], "disciplina": "Express\u00e3o Grafica", "creditos": 4.0, "tipo": "Obrigat\u00f3ria", "pre_requisitos": [], "codigo_departamento": 11130000.0, "codigo_disciplina": 1113019, "horas": 60.0}, {"semestre": 5.0, "pos_requisitos": [1106088, 1106096], "disciplina": "Fen\u00f4menos de Transporte", "creditos": 4.0, "tipo": "Obrigat\u00f3ria", "pre_requisitos": [1109010, 1108081], "codigo_departamento": 11060000.0, "codigo_disciplina": 1106086, "horas": 60.0}, {"semestre": 5.0, "pos_requisitos": [], "disciplina": "Introdu\u00e7\u00e3o a Estatistica", "creditos": 4.0, "tipo": "Obrigat\u00f3ria", "pre_requisitos": [1114129], "codigo_departamento": 11140000.0, "codigo_disciplina": 1114130, "horas": 60.0}, {"semestre": 6.0, "pos_requisitos": [], "disciplina": "Propriedades Mec\u00e2nicas de Materiais", "creditos": 4.0, "tipo": "Obrigat\u00f3ria", "pre_requisitos": [1106086, 1106083], "codigo_departamento": 11060000.0, "codigo_disciplina": 1106088, "horas": 60.0}, {"semestre": 6.0, "pos_requisitos": [1105146], "disciplina": "Transformacoes de Fases em Metais", "creditos": 4.0, "tipo": "Obrigat\u00f3ria", "pre_requisitos": [1106083], "codigo_departamento": 11060000.0, "codigo_disciplina": 1106092, "horas": 60.0}, {"semestre": 6.0, "pos_requisitos": [1106095], "disciplina": "Qu\u00edmica de Pol\u00edmeros", "creditos": 4.0, "tipo": "Obrigat\u00f3ria", "pre_requisitos": [1106083], "codigo_departamento": 11060000.0, "codigo_disciplina": 1106094, "horas": 60.0}, {"semestre": 6.0, "pos_requisitos": [], "disciplina": "Economia", "creditos": 4.0, "tipo": "Obrigat\u00f3ria", "pre_requisitos": [], "codigo_departamento": 13030000.0, "codigo_disciplina": 1303021, "horas": 60.0}, {"semestre": 6.0, "pos_requisitos": [1106090], "disciplina": "Materias - Primas Ceramicas", "creditos": 4.0, "tipo": "Obrigat\u00f3ria", "pre_requisitos": [1106083], "codigo_departamento": 11060000.0, "codigo_disciplina": 1106089, "horas": 60.0}, {"semestre": 6.0, "pos_requisitos": [], "disciplina": "Eletrot\u00e9cnica Geral", "creditos": 4.0, "tipo": "Obrigat\u00f3ria", "pre_requisitos": [1108100, 1108101], "codigo_departamento": 14040000.0, "codigo_disciplina": 1404026, "horas": 60.0}, {"semestre": 7.0, "pos_requisitos": [1113025, 1301076, 1113034], "disciplina": "Administra\u00e7\u00e3o", "creditos": 4.0, "tipo": "Obrigat\u00f3ria", "pre_requisitos": [], "codigo_departamento": 13010000.0, "codigo_disciplina": 1301014, "horas": 60.0}, {"semestre": 7.0, "pos_requisitos": [1106091], "disciplina": "Processamentos dos Materiais Ceramicos", "creditos": 4.0, "tipo": "Obrigat\u00f3ria", "pre_requisitos": [1106089], "codigo_departamento": 11060000.0, "codigo_disciplina": 1106090, "horas": 60.0}, {"semestre": 7.0, "pos_requisitos": [1106096], "disciplina": "Estrutura e Propriedades de Polimeros", "creditos": 4.0, "tipo": "Obrigat\u00f3ria", "pre_requisitos": [1106094], "codigo_departamento": 11060000.0, "codigo_disciplina": 1106095, "horas": 60.0}, {"semestre": 7.0, "pos_requisitos": [1105366], "disciplina": "Tratamentos T\u00e9rmicos e Termoqu\u00edmicos", "creditos": 4.0, "tipo": "Obrigat\u00f3ria", "pre_requisitos": [1106092], "codigo_departamento": 11050000.0, "codigo_disciplina": 1105146, "horas": 60.0}, {"semestre": 7.0, "pos_requisitos": [1106097], "disciplina": "Ci\u00eancias do Ambiente", "creditos": 4.0, "tipo": "Obrigat\u00f3ria", "pre_requisitos": [], "codigo_departamento": 15030000.0, "codigo_disciplina": 1503070, "horas": 60.0}, {"semestre": 8.0, "pos_requisitos": [], "disciplina": "Propriedades dos Materiais Ceramicos", "creditos": 4.0, "tipo": "Obrigat\u00f3ria", "pre_requisitos": [1106090], "codigo_departamento": 11060000.0, "codigo_disciplina": 1106091, "horas": 60.0}, {"semestre": 8.0, "pos_requisitos": [], "disciplina": "Processamento dos Materiais Polimericos", "creditos": 4.0, "tipo": "Obrigat\u00f3ria", "pre_requisitos": [1106095, 1106086], "codigo_departamento": 11060000.0, "codigo_disciplina": 1106096, "horas": 60.0}, {"semestre": 8.0, "pos_requisitos": [], "disciplina": "Ergonomia I", "creditos": 4.0, "tipo": "Obrigat\u00f3ria", "pre_requisitos": [1301014], "codigo_departamento": 11130000.0, "codigo_disciplina": 1113025, "horas": 60.0}, {"semestre": 8.0, "pos_requisitos": [], "disciplina": "Formacao de Empreendedores", "creditos": 4.0, "tipo": "Obrigat\u00f3ria", "pre_requisitos": [1301014], "codigo_departamento": 13010000.0, "codigo_disciplina": 1301076, "horas": 60.0}, {"semestre": 8.0, "pos_requisitos": [], "disciplina": "Processamento de Materiais Metalicos", "creditos": 4.0, "tipo": "Obrigat\u00f3ria", "pre_requisitos": [1105146], "codigo_departamento": 11050000.0, "codigo_disciplina": 1105366, "horas": 60.0}, {"semestre": 9.0, "pos_requisitos": [], "disciplina": "Reciclagem de Materiais", "creditos": 4.0, "tipo": "Obrigat\u00f3ria", "pre_requisitos": [1106083, 1503070], "codigo_departamento": 11060000.0, "codigo_disciplina": 1106097, "horas": 60.0}, {"semestre": 9.0, "pos_requisitos": [], "disciplina": "Gest\u00e3o da Qualidade", "creditos": 4.0, "tipo": "Obrigat\u00f3ria", "pre_requisitos": [1301014], "codigo_departamento": 11130000.0, "codigo_disciplina": 1113034, "horas": 60.0}, {"semestre": 10.0, "pos_requisitos": [], "disciplina": "Atividades Complementares Flex\u00edveis", "creditos": 6.0, "tipo": "Complementar", "pre_requisitos": [], "codigo_departamento": 11060000.0, "codigo_disciplina": 1106098, "horas": 90.0}, {"semestre": 10.0, "pos_requisitos": [], "disciplina": "Trabalho de Conclus\u00e3o de Curso", "creditos": 4.0, "tipo": "Obrigat\u00f3ria", "pre_requisitos": [], "codigo_departamento": 11060000.0, "codigo_disciplina": 1106099, "horas": 60.0}, {"semestre": 10.0, "pos_requisitos": [], "disciplina": "Est\u00e1gio Integrado", "creditos": 22.0, "tipo": "Obrigat\u00f3ria", "pre_requisitos": [], "codigo_departamento": 11060000.0, "codigo_disciplina": 1106100, "horas": 330.0}]