[{"semestre": null, "pos_requisitos": [1105166], "disciplina": "C\u00e1lculo Numerico", "creditos": 4.0, "tipo": "Obrigat\u00f3ria", "pre_requisitos": [], "codigo_departamento": null, "codigo_disciplina": 1411075, "horas": null}, {"semestre": 1.0, "pos_requisitos": [], "disciplina": "Desenho Basico", "creditos": 3.0, "tipo": "Obrigat\u00f3ria", "pre_requisitos": [], "codigo_departamento": null, "codigo_disciplina": 1105155, "horas": null}, {"semestre": 1.0, "pos_requisitos": [1108030, 1109051, 1109049], "disciplina": "\u00c1lgebra Vetorial e Geometria Anal\u00edtica", "creditos": 4.0, "tipo": "Obrigat\u00f3ria", "pre_requisitos": [], "codigo_departamento": null, "codigo_disciplina": 1109035, "horas": null}, {"semestre": 1.0, "pos_requisitos": [1108030, 1109053], "disciplina": "C\u00e1lculo Diferencial e Integral I", "creditos": 6.0, "tipo": "Obrigat\u00f3ria", "pre_requisitos": [], "codigo_departamento": null, "codigo_disciplina": 1109050, "horas": null}, {"semestre": 1.0, "pos_requisitos": [], "disciplina": "Sociologia Industrial I", "creditos": 3.0, "tipo": "Obrigat\u00f3ria", "pre_requisitos": [], "codigo_departamento": null, "codigo_disciplina": 1305033, "horas": null}, {"semestre": 1.0, "pos_requisitos": [], "disciplina": "Instituicoes do Direito", "creditos": 3.0, "tipo": "Obrigat\u00f3ria", "pre_requisitos": [], "codigo_departamento": null, "codigo_disciplina": 1305036, "horas": null}, {"semestre": 1.0, "pos_requisitos": [], "disciplina": "Ci\u00eancias do Ambiente", "creditos": 4.0, "tipo": "Obrigat\u00f3ria", "pre_requisitos": [], "codigo_departamento": null, "codigo_disciplina": 1503070, "horas": null}, {"semestre": 2.0, "pos_requisitos": [1109010], "disciplina": "\u00c1lgebra Linear I", "creditos": 4.0, "tipo": "Obrigat\u00f3ria", "pre_requisitos": [1109035], "codigo_departamento": null, "codigo_disciplina": 1109049, "horas": null}, {"semestre": 2.0, "pos_requisitos": [1105181], "disciplina": "Geometria Descritiva", "creditos": 4.0, "tipo": "Obrigat\u00f3ria", "pre_requisitos": [], "codigo_departamento": null, "codigo_disciplina": 1113008, "horas": null}, {"semestre": 2.0, "pos_requisitos": [1105160], "disciplina": "Qu\u00edmica Geral", "creditos": 6.0, "tipo": "Obrigat\u00f3ria", "pre_requisitos": [], "codigo_departamento": null, "codigo_disciplina": 1107131, "horas": null}, {"semestre": 2.0, "pos_requisitos": [1108031, 1108028, 1108023], "disciplina": "F\u00edsica Geral I", "creditos": 4.0, "tipo": "Obrigat\u00f3ria", "pre_requisitos": [1109035, 1109050], "codigo_departamento": null, "codigo_disciplina": 1108030, "horas": null}, {"semestre": 2.0, "pos_requisitos": [1105187], "disciplina": "Economia", "creditos": 4.0, "tipo": "Obrigat\u00f3ria", "pre_requisitos": [], "codigo_departamento": null, "codigo_disciplina": 1303021, "horas": null}, {"semestre": 2.0, "pos_requisitos": [1108031, 1108028, 1114052, 1109051, 1109010], "disciplina": "C\u00e1lculo Diferencial e Integral II", "creditos": 4.0, "tipo": "Obrigat\u00f3ria", "pre_requisitos": [1109050], "codigo_departamento": null, "codigo_disciplina": 1109053, "horas": null}, {"semestre": 3.0, "pos_requisitos": [1105119, 1105024, 1105162], "disciplina": "Desenho T\u00e9cnico", "creditos": 3.0, "tipo": "Obrigat\u00f3ria", "pre_requisitos": [1113008], "codigo_departamento": null, "codigo_disciplina": 1105181, "horas": null}, {"semestre": 3.0, "pos_requisitos": [1108024], "disciplina": "F\u00edsica Experimental I", "creditos": 3.0, "tipo": "Obrigat\u00f3ria", "pre_requisitos": [1108030], "codigo_departamento": null, "codigo_disciplina": 1108023, "horas": null}, {"semestre": 3.0, "pos_requisitos": [1108029, 1503048], "disciplina": "Mec\u00e2nica Geral I", "creditos": 6.0, "tipo": "Obrigat\u00f3ria", "pre_requisitos": [1108030, 1109053], "codigo_departamento": null, "codigo_disciplina": 1108028, "horas": null}, {"semestre": 3.0, "pos_requisitos": [1108025, 1108024, 1105159], "disciplina": "F\u00edsica Geral II", "creditos": 4.0, "tipo": "Obrigat\u00f3ria", "pre_requisitos": [1108030, 1109053], "codigo_departamento": null, "codigo_disciplina": 1108031, "horas": null}, {"semestre": 3.0, "pos_requisitos": [], "disciplina": "Probabilidade e Estatistica", "creditos": 6.0, "tipo": "Obrigat\u00f3ria", "pre_requisitos": [1109053], "codigo_departamento": null, "codigo_disciplina": 1114052, "horas": null}, {"semestre": 3.0, "pos_requisitos": [1108029, 1108025, 1105161, 1105159], "disciplina": "C\u00e1lculo Diferencial e Integral III", "creditos": 6.0, "tipo": "Obrigat\u00f3ria", "pre_requisitos": [1109053, 1109035], "codigo_departamento": null, "codigo_disciplina": 1109051, "horas": null}, {"semestre": 4.0, "pos_requisitos": [1105184], "disciplina": "Desenho de M\u00e1quinas", "creditos": 3.0, "tipo": "Complementar", "pre_requisitos": [1105181], "codigo_departamento": null, "codigo_disciplina": 1105024, "horas": null}, {"semestre": 4.0, "pos_requisitos": [1105183, 1105169, 1105166], "disciplina": "Termodinamica Aplicada", "creditos": 6.0, "tipo": "Obrigat\u00f3ria", "pre_requisitos": [1109051, 1108031], "codigo_departamento": null, "codigo_disciplina": 1105159, "horas": null}, {"semestre": 4.0, "pos_requisitos": [1105182], "disciplina": "Materiais de Constru\u00e7\u00e3o Mec\u00e2nica I", "creditos": 4.0, "tipo": "Obrigat\u00f3ria", "pre_requisitos": [1107131], "codigo_departamento": null, "codigo_disciplina": 1105160, "horas": null}, {"semestre": 4.0, "pos_requisitos": [], "disciplina": "F\u00edsica Experimental II", "creditos": 3.0, "tipo": "Obrigat\u00f3ria", "pre_requisitos": [1108031, 1108023], "codigo_departamento": null, "codigo_disciplina": 1108024, "horas": null}, {"semestre": 4.0, "pos_requisitos": [1404026], "disciplina": "F\u00edsica Geral III", "creditos": 4.0, "tipo": "Obrigat\u00f3ria", "pre_requisitos": [1108031, 1109051], "codigo_departamento": null, "codigo_disciplina": 1108025, "horas": null}, {"semestre": 4.0, "pos_requisitos": [1105162, 1105161], "disciplina": "Mec\u00e2nica Geral II", "creditos": 4.0, "tipo": "Obrigat\u00f3ria", "pre_requisitos": [1108028, 1109051], "codigo_departamento": null, "codigo_disciplina": 1108029, "horas": null}, {"semestre": 4.0, "pos_requisitos": [1105166, 1105021], "disciplina": "Equacoes Diferenciais Lineares", "creditos": 4.0, "tipo": "Complementar", "pre_requisitos": [1109053, 1109049], "codigo_departamento": null, "codigo_disciplina": 1109010, "horas": null}, {"semestre": 5.0, "pos_requisitos": [1105183], "disciplina": "Mec\u00e2nica dos Fluidos I", "creditos": 4.0, "tipo": "Obrigat\u00f3ria", "pre_requisitos": [1108029, 1109051], "codigo_departamento": null, "codigo_disciplina": 1105161, "horas": null}, {"semestre": 5.0, "pos_requisitos": [1105184], "disciplina": "Mecanismos", "creditos": 4.0, "tipo": "Obrigat\u00f3ria", "pre_requisitos": [1108029, 1105181], "codigo_departamento": null, "codigo_disciplina": 1105162, "horas": null}, {"semestre": 5.0, "pos_requisitos": [1105020, 1105019, 1105154], "disciplina": "Materiais de Constru\u00e7\u00e3o Mec\u00e2nica II", "creditos": 4.0, "tipo": "Obrigat\u00f3ria", "pre_requisitos": [1105160], "codigo_departamento": null, "codigo_disciplina": 1105182, "horas": null}, {"semestre": 5.0, "pos_requisitos": [1105164, 1105020], "disciplina": "Resistencia dos Materiais I", "creditos": 4.0, "tipo": "Obrigat\u00f3ria", "pre_requisitos": [1108028], "codigo_departamento": null, "codigo_disciplina": 1503048, "horas": null}, {"semestre": 5.0, "pos_requisitos": [1105165], "disciplina": "Metrologia", "creditos": 2.0, "tipo": "Obrigat\u00f3ria", "pre_requisitos": [1105181], "codigo_departamento": null, "codigo_disciplina": 1105119, "horas": null}, {"semestre": 5.0, "pos_requisitos": [], "disciplina": "Introdu\u00e7\u00e3o \u00e0 Ci\u00eancia da Computa\u00e7\u00e3o", "creditos": 4.0, "tipo": "Obrigat\u00f3ria", "pre_requisitos": [], "codigo_departamento": null, "codigo_disciplina": 1411001, "horas": null}, {"semestre": 5.0, "pos_requisitos": [], "disciplina": "Eletrot\u00e9cnica Geral", "creditos": 4.0, "tipo": "Obrigat\u00f3ria", "pre_requisitos": [1108025], "codigo_departamento": null, "codigo_disciplina": 1404026, "horas": null}, {"semestre": 6.0, "pos_requisitos": [], "disciplina": "Lab. Mat. de Const. Mec\u00e2nica", "creditos": 3.0, "tipo": "Complementar", "pre_requisitos": [1105182], "codigo_departamento": null, "codigo_disciplina": 1105154, "horas": null}, {"semestre": 6.0, "pos_requisitos": [1105187, 1105013], "disciplina": "Planejamento Industrial", "creditos": 4.0, "tipo": "Obrigat\u00f3ria", "pre_requisitos": [], "codigo_departamento": null, "codigo_disciplina": 1105163, "horas": null}, {"semestre": 6.0, "pos_requisitos": [1105167], "disciplina": "Mec\u00e2nica dos Solidos I", "creditos": 4.0, "tipo": "Complementar", "pre_requisitos": [1503048], "codigo_departamento": null, "codigo_disciplina": 1105164, "horas": null}, {"semestre": 6.0, "pos_requisitos": [1105170], "disciplina": "Oficina Mec\u00e2nica", "creditos": 2.0, "tipo": "Complementar", "pre_requisitos": [1105119], "codigo_departamento": null, "codigo_disciplina": 1105165, "horas": null}, {"semestre": 6.0, "pos_requisitos": [1105186, 1105185], "disciplina": "Mec\u00e2nica dos Fluidos II", "creditos": 4.0, "tipo": "Obrigat\u00f3ria", "pre_requisitos": [1105161, 1105159], "codigo_departamento": null, "codigo_disciplina": 1105183, "horas": null}, {"semestre": 6.0, "pos_requisitos": [1105185, 1105167, 1105021], "disciplina": "Din\u00e2mica das M\u00e1quinas", "creditos": 4.0, "tipo": "Obrigat\u00f3ria", "pre_requisitos": [1105162, 1105024], "codigo_departamento": null, "codigo_disciplina": 1105184, "horas": null}, {"semestre": 7.0, "pos_requisitos": [1105186], "disciplina": "Transferencia de Calor I", "creditos": 4.0, "tipo": "Obrigat\u00f3ria", "pre_requisitos": [1411075, 1109010, 1105159], "codigo_departamento": null, "codigo_disciplina": 1105166, "horas": null}, {"semestre": 7.0, "pos_requisitos": [1105188, 1105025], "disciplina": "Elementos de M\u00e1quinas I", "creditos": 4.0, "tipo": "Obrigat\u00f3ria", "pre_requisitos": [1105184, 1105164], "codigo_departamento": null, "codigo_disciplina": 1105167, "horas": null}, {"semestre": 7.0, "pos_requisitos": [1105202], "disciplina": "M\u00e1quinas Hidr\u00e1ulicas e Pneum\u00e1ticas", "creditos": 4.0, "tipo": "Obrigat\u00f3ria", "pre_requisitos": [1105183, 1105184], "codigo_departamento": null, "codigo_disciplina": 1105185, "horas": null}, {"semestre": 7.0, "pos_requisitos": [], "disciplina": "Prog e Controle da Produ\u00e7\u00e3o", "creditos": 4.0, "tipo": "Complementar", "pre_requisitos": [1105163], "codigo_departamento": null, "codigo_disciplina": 1105013, "horas": null}, {"semestre": 7.0, "pos_requisitos": [], "disciplina": "Tecnologia Mec\u00e2nica I", "creditos": 4.0, "tipo": "Obrigat\u00f3ria", "pre_requisitos": [1105182], "codigo_departamento": null, "codigo_disciplina": 1105019, "horas": null}, {"semestre": 8.0, "pos_requisitos": [1105189], "disciplina": "Transferencia de Calor II", "creditos": 4.0, "tipo": "Obrigat\u00f3ria", "pre_requisitos": [1105166, 1105183], "codigo_departamento": null, "codigo_disciplina": 1105186, "horas": null}, {"semestre": 8.0, "pos_requisitos": [], "disciplina": "An\u00e1lise de Investimentos", "creditos": 4.0, "tipo": "Obrigat\u00f3ria", "pre_requisitos": [1105163, 1303021], "codigo_departamento": null, "codigo_disciplina": 1105187, "horas": null}, {"semestre": 8.0, "pos_requisitos": [], "disciplina": "Elementos de M\u00e1quinas II", "creditos": 4.0, "tipo": "Obrigat\u00f3ria", "pre_requisitos": [1105167], "codigo_departamento": null, "codigo_disciplina": 1105188, "horas": null}, {"semestre": 8.0, "pos_requisitos": [], "disciplina": "Lab. de M\u00e1q. Hidr. Pneum\u00e1ticas", "creditos": 2.0, "tipo": "Complementar", "pre_requisitos": [1105185], "codigo_departamento": null, "codigo_disciplina": 1105202, "horas": null}, {"semestre": 8.0, "pos_requisitos": [], "disciplina": "Tecnologia Mec\u00e2nica II", "creditos": 4.0, "tipo": "Obrigat\u00f3ria", "pre_requisitos": [1105182, 1503048], "codigo_departamento": null, "codigo_disciplina": 1105020, "horas": null}, {"semestre": 9.0, "pos_requisitos": [], "disciplina": "M\u00e1quinas de Eleva\u00e7\u00e3o e Transportes", "creditos": 4.0, "tipo": "Complementar", "pre_requisitos": [1105167], "codigo_departamento": null, "codigo_disciplina": 1105025, "horas": null}, {"semestre": 9.0, "pos_requisitos": [], "disciplina": "M\u00e1quinas T\u00e9rmicas I", "creditos": 4.0, "tipo": "Obrigat\u00f3ria", "pre_requisitos": [1105159], "codigo_departamento": null, "codigo_disciplina": 1105169, "horas": null}, {"semestre": 9.0, "pos_requisitos": [], "disciplina": "Usinagem", "creditos": 4.0, "tipo": "Complementar", "pre_requisitos": [1105165], "codigo_departamento": null, "codigo_disciplina": 1105170, "horas": null}, {"semestre": 9.0, "pos_requisitos": [], "disciplina": "Lab. de Calor e Fluidos", "creditos": 2.0, "tipo": "Complementar", "pre_requisitos": [1105186], "codigo_departamento": null, "codigo_disciplina": 1105189, "horas": null}, {"semestre": 9.0, "pos_requisitos": [], "disciplina": "Trabalho de Conclus\u00e3o de Curso", "creditos": 3.0, "tipo": "Complementar", "pre_requisitos": [], "codigo_departamento": null, "codigo_disciplina": 1105145, "horas": null}, {"semestre": 9.0, "pos_requisitos": [], "disciplina": "Vibra\u00e7\u00f5es Mec\u00e2nicas", "creditos": 4.0, "tipo": "Obrigat\u00f3ria", "pre_requisitos": [1105184, 1109010], "codigo_departamento": null, "codigo_disciplina": 1105021, "horas": null}, {"semestre": 10.0, "pos_requisitos": [], "disciplina": "Est\u00e1gio Supervisionado", "creditos": 4.0, "tipo": "Complementar", "pre_requisitos": [], "codigo_departamento": null, "codigo_disciplina": 1105017, "horas": null}]