[{"semestre": 1.0, "pos_requisitos": [1109131, 1108081], "disciplina": "C\u00e1lculo Diferencial e Integral I", "creditos": 4.0, "tipo": "Obrigat\u00f3ria", "pre_requisitos": [], "codigo_departamento": 11090000.0, "codigo_disciplina": 1109126, "horas": 60.0}, {"semestre": 1.0, "pos_requisitos": [1109049, 1108081, 1109128], "disciplina": "\u00c1lgebra Vetorial e Geometria Anal\u00edtica", "creditos": 4.0, "tipo": "Obrigat\u00f3ria", "pre_requisitos": [], "codigo_departamento": 11090000.0, "codigo_disciplina": 1109035, "horas": 60.0}, {"semestre": 1.0, "pos_requisitos": [1108023, 1108081], "disciplina": "F\u00edsica Geral I", "creditos": 4.0, "tipo": "Obrigat\u00f3ria", "pre_requisitos": [], "codigo_departamento": 11080000.0, "codigo_disciplina": 1108030, "horas": 60.0}, {"semestre": 1.0, "pos_requisitos": [1105365, 1105372, 1503133], "disciplina": "Qu\u00edmica do Petr\u00f3leo", "creditos": 4.0, "tipo": "Obrigat\u00f3ria", "pre_requisitos": [], "codigo_departamento": 11070000.0, "codigo_disciplina": 1107263, "horas": 60.0}, {"semestre": 1.0, "pos_requisitos": [1105365], "disciplina": "Geologia Geral", "creditos": 4.0, "tipo": "Obrigat\u00f3ria", "pre_requisitos": [], "codigo_departamento": 15100000.0, "codigo_disciplina": 1510100, "horas": 60.0}, {"semestre": 1.0, "pos_requisitos": [], "disciplina": "Introdu\u00e7\u00e3o \u00e0 Engenharia de Petr\u00f3leo", "creditos": 4.0, "tipo": "Obrigat\u00f3ria", "pre_requisitos": [], "codigo_departamento": 11050000.0, "codigo_disciplina": 1105364, "horas": 60.0}, {"semestre": 2.0, "pos_requisitos": [1109128, 1114129, 1108099, 1109010], "disciplina": "C\u00e1lculo Diferencial e Integral II", "creditos": 4.0, "tipo": "Obrigat\u00f3ria", "pre_requisitos": [1109126], "codigo_departamento": 11090000.0, "codigo_disciplina": 1109131, "horas": 60.0}, {"semestre": 2.0, "pos_requisitos": [1108101, 1106121, 1510101], "disciplina": "F\u00edsica Experimental I", "creditos": 4.0, "tipo": "Obrigat\u00f3ria", "pre_requisitos": [1108030], "codigo_departamento": 11080000.0, "codigo_disciplina": 1108023, "horas": 60.0}, {"semestre": 2.0, "pos_requisitos": [1109134, 1114129, 1109010], "disciplina": "\u00c1lgebra Linear I", "creditos": 4.0, "tipo": "Obrigat\u00f3ria", "pre_requisitos": [1109035], "codigo_departamento": 11090000.0, "codigo_disciplina": 1109049, "horas": 60.0}, {"semestre": 2.0, "pos_requisitos": [1106121], "disciplina": "Geologia do Petr\u00f3leo", "creditos": 4.0, "tipo": "Obrigat\u00f3ria", "pre_requisitos": [1107263, 1510100], "codigo_departamento": 11050000.0, "codigo_disciplina": 1105365, "horas": 60.0}, {"semestre": 2.0, "pos_requisitos": [1411075], "disciplina": "Introdu\u00e7\u00e3o \u00e0 Ci\u00eancia da Computa\u00e7\u00e3o", "creditos": 4.0, "tipo": "Obrigat\u00f3ria", "pre_requisitos": [], "codigo_departamento": 14110000.0, "codigo_disciplina": 1411001, "horas": 60.0}, {"semestre": 2.0, "pos_requisitos": [1108100, 1106121, 1108099], "disciplina": "F\u00edsica Geral II", "creditos": 4.0, "tipo": "Obrigat\u00f3ria", "pre_requisitos": [1108030, 1109126, 1109035], "codigo_departamento": 11080000.0, "codigo_disciplina": 1108081, "horas": 60.0}, {"semestre": 3.0, "pos_requisitos": [1510101, 1105370, 1404026], "disciplina": "F\u00edsica Geral III", "creditos": 4.0, "tipo": "Obrigat\u00f3ria", "pre_requisitos": [1108081], "codigo_departamento": 11080000.0, "codigo_disciplina": 1108100, "horas": 60.0}, {"semestre": 3.0, "pos_requisitos": [1404026], "disciplina": "F\u00edsica Experimental II", "creditos": 4.0, "tipo": "Obrigat\u00f3ria", "pre_requisitos": [1108023], "codigo_departamento": 11080000.0, "codigo_disciplina": 1108101, "horas": 60.0}, {"semestre": 3.0, "pos_requisitos": [1109134], "disciplina": "C\u00e1lculo Diferencial e Integral III", "creditos": 4.0, "tipo": "Obrigat\u00f3ria", "pre_requisitos": [1109131, 1109035], "codigo_departamento": 11090000.0, "codigo_disciplina": 1109128, "horas": 60.0}, {"semestre": 3.0, "pos_requisitos": [], "disciplina": "C\u00e1lculo Numerico", "creditos": 4.0, "tipo": "Obrigat\u00f3ria", "pre_requisitos": [1411001], "codigo_departamento": 14110000.0, "codigo_disciplina": 1411075, "horas": 60.0}, {"semestre": 3.0, "pos_requisitos": [], "disciplina": "M\u00e9todologia e T\u00e9cnicas de Pesquisa", "creditos": 4.0, "tipo": "Obrigat\u00f3ria", "pre_requisitos": [], "codigo_departamento": 13070000.0, "codigo_disciplina": 1307177, "horas": 60.0}, {"semestre": 3.0, "pos_requisitos": [1105368, 1510102], "disciplina": "Materiais para a Ind\u00fastria do Petr\u00f3leo", "creditos": 4.0, "tipo": "Obrigat\u00f3ria", "pre_requisitos": [1108081, 1108023, 1105365], "codigo_departamento": 11060000.0, "codigo_disciplina": 1106121, "horas": 60.0}, {"semestre": 4.0, "pos_requisitos": [], "disciplina": "Mec\u00e2nica Geral", "creditos": 4.0, "tipo": "Obrigat\u00f3ria", "pre_requisitos": [1109131, 1108081], "codigo_departamento": 11080000.0, "codigo_disciplina": 1108099, "horas": 60.0}, {"semestre": 4.0, "pos_requisitos": [1105370, 1105374, 1105378], "disciplina": "C\u00e1lculo Avancado", "creditos": 4.0, "tipo": "Obrigat\u00f3ria", "pre_requisitos": [1109128, 1109049], "codigo_departamento": 11090000.0, "codigo_disciplina": 1109134, "horas": 60.0}, {"semestre": 4.0, "pos_requisitos": [1114130], "disciplina": "Introdu\u00e7\u00e3o a Probabilidade", "creditos": 4.0, "tipo": "Obrigat\u00f3ria", "pre_requisitos": [1109131, 1109049], "codigo_departamento": 11140000.0, "codigo_disciplina": 1114129, "horas": 60.0}, {"semestre": 4.0, "pos_requisitos": [1105371], "disciplina": "Mec\u00e2nica das Rochas", "creditos": 4.0, "tipo": "Obrigat\u00f3ria", "pre_requisitos": [1106121], "codigo_departamento": 15100000.0, "codigo_disciplina": 1510102, "horas": 60.0}, {"semestre": 4.0, "pos_requisitos": [1105382], "disciplina": "Ensaios de Mater. P/A Ind de Petrol. e Gas", "creditos": 4.0, "tipo": "Obrigat\u00f3ria", "pre_requisitos": [1106121], "codigo_departamento": 11050000.0, "codigo_disciplina": 1105368, "horas": 60.0}, {"semestre": 4.0, "pos_requisitos": [1105369], "disciplina": "Geof\u00edsica", "creditos": 4.0, "tipo": "Obrigat\u00f3ria", "pre_requisitos": [1108100, 1108023], "codigo_departamento": 15100000.0, "codigo_disciplina": 1510101, "horas": 60.0}, {"semestre": 5.0, "pos_requisitos": [], "disciplina": "Introdu\u00e7\u00e3o a Estatistica", "creditos": 4.0, "tipo": "Obrigat\u00f3ria", "pre_requisitos": [1114129], "codigo_departamento": 11140000.0, "codigo_disciplina": 1114130, "horas": 60.0}, {"semestre": 5.0, "pos_requisitos": [], "disciplina": "Avalia\u00e7\u00e3o de Forma\u00e7\u00f5es", "creditos": 4.0, "tipo": "Obrigat\u00f3ria", "pre_requisitos": [1510101], "codigo_departamento": 11050000.0, "codigo_disciplina": 1105369, "horas": 60.0}, {"semestre": 5.0, "pos_requisitos": [1105379], "disciplina": "Termodinamica Geral", "creditos": 4.0, "tipo": "Obrigat\u00f3ria", "pre_requisitos": [1109134, 1108100], "codigo_departamento": 11050000.0, "codigo_disciplina": 1105370, "horas": 60.0}, {"semestre": 5.0, "pos_requisitos": [1105376, 1105375, 1105378], "disciplina": "Perfuracao de Pocos", "creditos": 4.0, "tipo": "Obrigat\u00f3ria", "pre_requisitos": [1510102], "codigo_departamento": 11050000.0, "codigo_disciplina": 1105371, "horas": 60.0}, {"semestre": 5.0, "pos_requisitos": [], "disciplina": "Tecnologia de Refino I", "creditos": 4.0, "tipo": "Obrigat\u00f3ria", "pre_requisitos": [1107263], "codigo_departamento": 11050000.0, "codigo_disciplina": 1105372, "horas": 60.0}, {"semestre": 5.0, "pos_requisitos": [1105374], "disciplina": "Equacoes Diferenciais Lineares", "creditos": 4.0, "tipo": "Obrigat\u00f3ria", "pre_requisitos": [1109131, 1109049], "codigo_departamento": 11090000.0, "codigo_disciplina": 1109010, "horas": 60.0}, {"semestre": 6.0, "pos_requisitos": [], "disciplina": "Express\u00e3o Grafica", "creditos": 4.0, "tipo": "Obrigat\u00f3ria", "pre_requisitos": [], "codigo_departamento": 11130000.0, "codigo_disciplina": 1113019, "horas": 60.0}, {"semestre": 6.0, "pos_requisitos": [1105380, 1105378], "disciplina": "Mec\u00e2nica dos Fluidos", "creditos": 4.0, "tipo": "Obrigat\u00f3ria", "pre_requisitos": [1109134, 1109010], "codigo_departamento": 11050000.0, "codigo_disciplina": 1105374, "horas": 60.0}, {"semestre": 6.0, "pos_requisitos": [], "disciplina": "Sistemas de Produ\u00e7\u00e3o", "creditos": 4.0, "tipo": "Obrigat\u00f3ria", "pre_requisitos": [1105371], "codigo_departamento": 11050000.0, "codigo_disciplina": 1105375, "horas": 60.0}, {"semestre": 6.0, "pos_requisitos": [1105383], "disciplina": "Completa\u00e7\u00e3o de Po\u00e7os", "creditos": 4.0, "tipo": "Obrigat\u00f3ria", "pre_requisitos": [1105371], "codigo_departamento": 11050000.0, "codigo_disciplina": 1105376, "horas": 60.0}, {"semestre": 6.0, "pos_requisitos": [], "disciplina": "Direito do Petr\u00f3leo", "creditos": 4.0, "tipo": "Obrigat\u00f3ria", "pre_requisitos": [], "codigo_departamento": 13050000.0, "codigo_disciplina": 1305328, "horas": 60.0}, {"semestre": 6.0, "pos_requisitos": [], "disciplina": "Eletrot\u00e9cnica Geral", "creditos": 4.0, "tipo": "Obrigat\u00f3ria", "pre_requisitos": [1108100, 1108101], "codigo_departamento": 14040000.0, "codigo_disciplina": 1404026, "horas": 60.0}, {"semestre": 7.0, "pos_requisitos": [1113025, 1113034], "disciplina": "Administra\u00e7\u00e3o", "creditos": 4.0, "tipo": "Obrigat\u00f3ria", "pre_requisitos": [], "codigo_departamento": 13010000.0, "codigo_disciplina": 1301014, "horas": 60.0}, {"semestre": 7.0, "pos_requisitos": [], "disciplina": "Diagn\u00f3stico e Remedia\u00e7\u00e3o Ambiental", "creditos": 4.0, "tipo": "Obrigat\u00f3ria", "pre_requisitos": [1107263], "codigo_departamento": 15030000.0, "codigo_disciplina": 1503133, "horas": 60.0}, {"semestre": 7.0, "pos_requisitos": [], "disciplina": "Ingl\u00eas", "creditos": 4.0, "tipo": "Obrigat\u00f3ria", "pre_requisitos": [], "codigo_departamento": 13070000.0, "codigo_disciplina": 1307150, "horas": 60.0}, {"semestre": 7.0, "pos_requisitos": [], "disciplina": "Fluxo de Fluidos em Meios Porosos", "creditos": 4.0, "tipo": "Obrigat\u00f3ria", "pre_requisitos": [1109134, 1105374, 1105371], "codigo_departamento": 11050000.0, "codigo_disciplina": 1105378, "horas": 60.0}, {"semestre": 7.0, "pos_requisitos": [], "disciplina": "Produ\u00e7\u00e3o e Process de Gas Natural", "creditos": 4.0, "tipo": "Obrigat\u00f3ria", "pre_requisitos": [1105370], "codigo_departamento": 11050000.0, "codigo_disciplina": 1105379, "horas": 60.0}, {"semestre": 7.0, "pos_requisitos": [1107315], "disciplina": "Escoamento Multifasico", "creditos": 4.0, "tipo": "Obrigat\u00f3ria", "pre_requisitos": [1105374], "codigo_departamento": 11050000.0, "codigo_disciplina": 1105380, "horas": 60.0}, {"semestre": 8.0, "pos_requisitos": [], "disciplina": "Ergonomia I", "creditos": 4.0, "tipo": "Obrigat\u00f3ria", "pre_requisitos": [1301014], "codigo_departamento": 11130000.0, "codigo_disciplina": 1113025, "horas": 60.0}, {"semestre": 8.0, "pos_requisitos": [], "disciplina": "Gest\u00e3o da Qualidade", "creditos": 4.0, "tipo": "Obrigat\u00f3ria", "pre_requisitos": [1301014], "codigo_departamento": 11130000.0, "codigo_disciplina": 1113034, "horas": 60.0}, {"semestre": 8.0, "pos_requisitos": [1105387], "disciplina": "An\u00e1lise e Manuten\u00e7\u00e3o de Dutos", "creditos": 4.0, "tipo": "Obrigat\u00f3ria", "pre_requisitos": [1105368], "codigo_departamento": 11050000.0, "codigo_disciplina": 1105382, "horas": 60.0}, {"semestre": 8.0, "pos_requisitos": [], "disciplina": "Eleva\u00e7\u00e3o Artificial", "creditos": 4.0, "tipo": "Obrigat\u00f3ria", "pre_requisitos": [1105376], "codigo_departamento": 11050000.0, "codigo_disciplina": 1105383, "horas": 60.0}, {"semestre": 9.0, "pos_requisitos": [], "disciplina": "Economia do Petr\u00f3leo", "creditos": 4.0, "tipo": "Obrigat\u00f3ria", "pre_requisitos": [], "codigo_departamento": 13030000.0, "codigo_disciplina": 1303115, "horas": 60.0}, {"semestre": 9.0, "pos_requisitos": [], "disciplina": "Armaz. e Transp. Petr\u00f3leo e G\u00e1s Natural", "creditos": 4.0, "tipo": "Obrigat\u00f3ria", "pre_requisitos": [1105382], "codigo_departamento": 11050000.0, "codigo_disciplina": 1105387, "horas": 60.0}, {"semestre": 9.0, "pos_requisitos": [], "disciplina": "Atividades Complementares Flex\u00edveis", "creditos": 6.0, "tipo": "Complementar", "pre_requisitos": [], "codigo_departamento": 11050000.0, "codigo_disciplina": 1105388, "horas": 90.0}, {"semestre": 9.0, "pos_requisitos": [], "disciplina": "Engenharia de Reservatorio", "creditos": 4.0, "tipo": "Obrigat\u00f3ria", "pre_requisitos": [1105380], "codigo_departamento": 11070000.0, "codigo_disciplina": 1107315, "horas": 60.0}, {"semestre": 10.0, "pos_requisitos": [], "disciplina": "Est\u00e1gio Integrado", "creditos": 22.0, "tipo": "Complementar", "pre_requisitos": [], "codigo_departamento": 11050000.0, "codigo_disciplina": 1105399, "horas": 330.0}, {"semestre": 10.0, "pos_requisitos": [], "disciplina": "Trabalho de Conclus\u00e3o de Curso", "creditos": 4.0, "tipo": "Complementar", "pre_requisitos": [], "codigo_departamento": 11050000.0, "codigo_disciplina": 1105400, "horas": 60.0}]