[{"semestre": null, "pos_requisitos": [1503118, 1503170], "disciplina": "Mec\u00e2nica Geral (Complementacao)", "creditos": 1.0, "tipo": "Obrigat\u00f3ria", "pre_requisitos": [], "codigo_departamento": 11080000.0, "codigo_disciplina": 1108116, "horas": 15.0}, {"semestre": 1.0, "pos_requisitos": [1109131, 1108081], "disciplina": "C\u00e1lculo Diferencial e Integral I", "creditos": 4.0, "tipo": "Obrigat\u00f3ria", "pre_requisitos": [], "codigo_departamento": 11090000.0, "codigo_disciplina": 1109126, "horas": 60.0}, {"semestre": 1.0, "pos_requisitos": [1510145], "disciplina": "Qu\u00edmica Geral", "creditos": 4.0, "tipo": "Obrigat\u00f3ria", "pre_requisitos": [], "codigo_departamento": 11070000.0, "codigo_disciplina": 1107232, "horas": 60.0}, {"semestre": 1.0, "pos_requisitos": [1109049, 1109128, 1108081], "disciplina": "\u00c1lgebra Vetorial e Geometria Anal\u00edtica", "creditos": 4.0, "tipo": "Obrigat\u00f3ria", "pre_requisitos": [], "codigo_departamento": 11090000.0, "codigo_disciplina": 1109035, "horas": 60.0}, {"semestre": 1.0, "pos_requisitos": [1503176], "disciplina": "M\u00e9todologia de Pesq e Comunic Cientifica", "creditos": 4.0, "tipo": "Obrigat\u00f3ria", "pre_requisitos": [], "codigo_departamento": 15030000.0, "codigo_disciplina": 1503148, "horas": 60.0}, {"semestre": 1.0, "pos_requisitos": [1113023], "disciplina": "Express\u00e3o Grafica", "creditos": 4.0, "tipo": "Obrigat\u00f3ria", "pre_requisitos": [], "codigo_departamento": 11130000.0, "codigo_disciplina": 1113019, "horas": 60.0}, {"semestre": 1.0, "pos_requisitos": [1503178], "disciplina": "Laboratorio de Qu\u00edmica de \u00c1gua", "creditos": 2.0, "tipo": "Obrigat\u00f3ria", "pre_requisitos": [], "codigo_departamento": 15030000.0, "codigo_disciplina": 1503167, "horas": 30.0}, {"semestre": 2.0, "pos_requisitos": [1109128, 1109010, 1108100, 1114129, 1108099], "disciplina": "C\u00e1lculo Diferencial e Integral II", "creditos": 4.0, "tipo": "Obrigat\u00f3ria", "pre_requisitos": [1109126], "codigo_departamento": 11090000.0, "codigo_disciplina": 1109131, "horas": 60.0}, {"semestre": 2.0, "pos_requisitos": [1411075], "disciplina": "Introdu\u00e7\u00e3o \u00e0 Ci\u00eancia da Computa\u00e7\u00e3o", "creditos": 4.0, "tipo": "Obrigat\u00f3ria", "pre_requisitos": [], "codigo_departamento": 14110000.0, "codigo_disciplina": 1411001, "horas": 60.0}, {"semestre": 2.0, "pos_requisitos": [1108023, 1108081, 1108099], "disciplina": "F\u00edsica Geral I", "creditos": 4.0, "tipo": "Obrigat\u00f3ria", "pre_requisitos": [], "codigo_departamento": 11080000.0, "codigo_disciplina": 1108030, "horas": 60.0}, {"semestre": 2.0, "pos_requisitos": [1510145, 1503131, 1503173], "disciplina": "Desenho T\u00e9cnico e Arquitet\u00f4nico", "creditos": 4.0, "tipo": "Obrigat\u00f3ria", "pre_requisitos": [1113019], "codigo_departamento": 11130000.0, "codigo_disciplina": 1113023, "horas": 60.0}, {"semestre": 2.0, "pos_requisitos": [], "disciplina": "Direito para Engenharia", "creditos": 2.0, "tipo": "Obrigat\u00f3ria", "pre_requisitos": [], "codigo_departamento": 13050000.0, "codigo_disciplina": 1305412, "horas": 30.0}, {"semestre": 2.0, "pos_requisitos": [1109010, 1114129], "disciplina": "\u00c1lgebra Linear I", "creditos": 4.0, "tipo": "Obrigat\u00f3ria", "pre_requisitos": [1109035], "codigo_departamento": 11090000.0, "codigo_disciplina": 1109049, "horas": 60.0}, {"semestre": 3.0, "pos_requisitos": [1503074, 1503071, 1503072], "disciplina": "Geologia Basica", "creditos": 4.0, "tipo": "Obrigat\u00f3ria", "pre_requisitos": [1113023, 1107232], "codigo_departamento": 15100000.0, "codigo_disciplina": 1510145, "horas": 60.0}, {"semestre": 3.0, "pos_requisitos": [], "disciplina": "C\u00e1lculo Numerico", "creditos": 4.0, "tipo": "Obrigat\u00f3ria", "pre_requisitos": [1411001], "codigo_departamento": 14110000.0, "codigo_disciplina": 1411075, "horas": 60.0}, {"semestre": 3.0, "pos_requisitos": [], "disciplina": "C\u00e1lculo Diferencial e Integral III", "creditos": 4.0, "tipo": "Obrigat\u00f3ria", "pre_requisitos": [1109131, 1109035], "codigo_departamento": 11090000.0, "codigo_disciplina": 1109128, "horas": 60.0}, {"semestre": 3.0, "pos_requisitos": [1503168, 1503172, 1503077, 1503035, 1503178], "disciplina": "Topografia", "creditos": 4.0, "tipo": "Obrigat\u00f3ria", "pre_requisitos": [1113023], "codigo_departamento": 15030000.0, "codigo_disciplina": 1503131, "horas": 60.0}, {"semestre": 3.0, "pos_requisitos": [1108101], "disciplina": "F\u00edsica Experimental I", "creditos": 4.0, "tipo": "Obrigat\u00f3ria", "pre_requisitos": [1108030], "codigo_departamento": 11080000.0, "codigo_disciplina": 1108023, "horas": 60.0}, {"semestre": 3.0, "pos_requisitos": [1108100], "disciplina": "F\u00edsica Geral II", "creditos": 4.0, "tipo": "Obrigat\u00f3ria", "pre_requisitos": [1109126, 1109035, 1108030], "codigo_departamento": 11080000.0, "codigo_disciplina": 1108081, "horas": 60.0}, {"semestre": 4.0, "pos_requisitos": [1404026], "disciplina": "F\u00edsica Geral III", "creditos": 4.0, "tipo": "Obrigat\u00f3ria", "pre_requisitos": [1109131, 1108081], "codigo_departamento": 11080000.0, "codigo_disciplina": 1108100, "horas": 60.0}, {"semestre": 4.0, "pos_requisitos": [1404026], "disciplina": "F\u00edsica Experimental II", "creditos": 4.0, "tipo": "Obrigat\u00f3ria", "pre_requisitos": [1108023], "codigo_departamento": 11080000.0, "codigo_disciplina": 1108101, "horas": 60.0}, {"semestre": 4.0, "pos_requisitos": [1114130], "disciplina": "Introdu\u00e7\u00e3o a Probabilidade", "creditos": 4.0, "tipo": "Obrigat\u00f3ria", "pre_requisitos": [1109131, 1109049], "codigo_departamento": 11140000.0, "codigo_disciplina": 1114129, "horas": 60.0}, {"semestre": 4.0, "pos_requisitos": [1503118, 1503170, 1503169], "disciplina": "Mec\u00e2nica Geral", "creditos": 4.0, "tipo": "Obrigat\u00f3ria", "pre_requisitos": [1109131, 1108030], "codigo_departamento": 11080000.0, "codigo_disciplina": 1108099, "horas": 60.0}, {"semestre": 4.0, "pos_requisitos": [1503179], "disciplina": "Arquitetura, Urbanismo e Acessibilidade", "creditos": 3.0, "tipo": "Obrigat\u00f3ria", "pre_requisitos": [1503131], "codigo_departamento": 15030000.0, "codigo_disciplina": 1503168, "horas": 45.0}, {"semestre": 4.0, "pos_requisitos": [1503076, 1503075], "disciplina": "Materiais de Constru\u00e7\u00e3o I", "creditos": 4.0, "tipo": "Obrigat\u00f3ria", "pre_requisitos": [1510145], "codigo_departamento": 15030000.0, "codigo_disciplina": 1503074, "horas": 60.0}, {"semestre": 4.0, "pos_requisitos": [1503118, 1503170, 1503071], "disciplina": "Equacoes Diferenciais Lineares", "creditos": 4.0, "tipo": "Obrigat\u00f3ria", "pre_requisitos": [1109131, 1109049], "codigo_departamento": 11090000.0, "codigo_disciplina": 1109010, "horas": 60.0}, {"semestre": 5.0, "pos_requisitos": [1503117, 1503073], "disciplina": "Fen\u00f4menos de Transportes", "creditos": 4.0, "tipo": "Obrigat\u00f3ria", "pre_requisitos": [1109010, 1108099, 1108116], "codigo_departamento": 15030000.0, "codigo_disciplina": 1503118, "horas": 60.0}, {"semestre": 5.0, "pos_requisitos": [1503171, 1503026], "disciplina": "Introdu\u00e7\u00e3o a Estatistica", "creditos": 4.0, "tipo": "Obrigat\u00f3ria", "pre_requisitos": [1114129], "codigo_departamento": 11140000.0, "codigo_disciplina": 1114130, "horas": 60.0}, {"semestre": 5.0, "pos_requisitos": [1503071, 1503052], "disciplina": "Mec\u00e2nica dos Solidos", "creditos": 6.0, "tipo": "Obrigat\u00f3ria", "pre_requisitos": [1108099], "codigo_departamento": 15030000.0, "codigo_disciplina": 1503169, "horas": 90.0}, {"semestre": 5.0, "pos_requisitos": [], "disciplina": "Fen\u00f4menos de Transportes Experimental", "creditos": 2.0, "tipo": "Obrigat\u00f3ria", "pre_requisitos": [1109010, 1108099, 1108116], "codigo_departamento": 15030000.0, "codigo_disciplina": 1503170, "horas": 30.0}, {"semestre": 5.0, "pos_requisitos": [1503004, 1503174, 1503175], "disciplina": "Materiais de Constru\u00e7\u00e3o II", "creditos": 4.0, "tipo": "Obrigat\u00f3ria", "pre_requisitos": [1503074], "codigo_departamento": 15030000.0, "codigo_disciplina": 1503075, "horas": 60.0}, {"semestre": 5.0, "pos_requisitos": [1503177], "disciplina": "Ci\u00eancias do Ambiente", "creditos": 4.0, "tipo": "Obrigat\u00f3ria", "pre_requisitos": [], "codigo_departamento": 15030000.0, "codigo_disciplina": 1503070, "horas": 60.0}, {"semestre": 5.0, "pos_requisitos": [], "disciplina": "Mat. de Construcao Experimental", "creditos": 2.0, "tipo": "Obrigat\u00f3ria", "pre_requisitos": [1503074], "codigo_departamento": 15030000.0, "codigo_disciplina": 1503076, "horas": 30.0}, {"semestre": 6.0, "pos_requisitos": [1503026, 1503173], "disciplina": "Hidraulica", "creditos": 4.0, "tipo": "Obrigat\u00f3ria", "pre_requisitos": [1503118], "codigo_departamento": 15030000.0, "codigo_disciplina": 1503117, "horas": 60.0}, {"semestre": 6.0, "pos_requisitos": [1503072, 1503012], "disciplina": "Mec\u00e2nica dos Solos", "creditos": 4.0, "tipo": "Obrigat\u00f3ria", "pre_requisitos": [1109010, 1503169, 1510145], "codigo_departamento": 15030000.0, "codigo_disciplina": 1503071, "horas": 60.0}, {"semestre": 6.0, "pos_requisitos": [], "disciplina": "Mec\u00e2nica dos Solos Experimental", "creditos": 2.0, "tipo": "Obrigat\u00f3ria", "pre_requisitos": [1503071, 1510145], "codigo_departamento": 15030000.0, "codigo_disciplina": 1503072, "horas": 30.0}, {"semestre": 6.0, "pos_requisitos": [], "disciplina": "Hidraulica Experimental", "creditos": 2.0, "tipo": "Obrigat\u00f3ria", "pre_requisitos": [1503118], "codigo_departamento": 15030000.0, "codigo_disciplina": 1503073, "horas": 30.0}, {"semestre": 6.0, "pos_requisitos": [1503053], "disciplina": "Teoria das Estruturas", "creditos": 4.0, "tipo": "Obrigat\u00f3ria", "pre_requisitos": [1503169], "codigo_departamento": 15030000.0, "codigo_disciplina": 1503052, "horas": 60.0}, {"semestre": 6.0, "pos_requisitos": [1503171], "disciplina": "Economia para Engenharia", "creditos": 4.0, "tipo": "Obrigat\u00f3ria", "pre_requisitos": [], "codigo_departamento": 13030000.0, "codigo_disciplina": 1303161, "horas": 60.0}, {"semestre": 6.0, "pos_requisitos": [1503175], "disciplina": "Eletrot\u00e9cnica Geral", "creditos": 4.0, "tipo": "Obrigat\u00f3ria", "pre_requisitos": [1108100, 1108101], "codigo_departamento": 14040000.0, "codigo_disciplina": 1404026, "horas": 60.0}, {"semestre": 7.0, "pos_requisitos": [], "disciplina": "Geotecnologias Aplicadas", "creditos": 2.0, "tipo": "Obrigat\u00f3ria", "pre_requisitos": [1503131], "codigo_departamento": 15030000.0, "codigo_disciplina": 1503172, "horas": 30.0}, {"semestre": 7.0, "pos_requisitos": [], "disciplina": "Fundacoes e Empuxos de Terra", "creditos": 4.0, "tipo": "Obrigat\u00f3ria", "pre_requisitos": [1503071], "codigo_departamento": 15030000.0, "codigo_disciplina": 1503012, "horas": 60.0}, {"semestre": 7.0, "pos_requisitos": [1503035, 1503178], "disciplina": "Hidrologia Aplicada", "creditos": 4.0, "tipo": "Obrigat\u00f3ria", "pre_requisitos": [1114130, 1503117], "codigo_departamento": 15030000.0, "codigo_disciplina": 1503026, "horas": 60.0}, {"semestre": 7.0, "pos_requisitos": [1503077], "disciplina": "Engenharia de Transportes", "creditos": 4.0, "tipo": "Obrigat\u00f3ria", "pre_requisitos": [1303161, 1114130], "codigo_departamento": 15030000.0, "codigo_disciplina": 1503171, "horas": 60.0}, {"semestre": 7.0, "pos_requisitos": [1503175], "disciplina": "Instalacoes Hidraulicas Prediais", "creditos": 4.0, "tipo": "Obrigat\u00f3ria", "pre_requisitos": [1113023, 1503117], "codigo_departamento": 15030000.0, "codigo_disciplina": 1503173, "horas": 60.0}, {"semestre": 7.0, "pos_requisitos": [1503004, 1503174], "disciplina": "Estabilidade das Construcoes", "creditos": 4.0, "tipo": "Obrigat\u00f3ria", "pre_requisitos": [1503052], "codigo_departamento": 15030000.0, "codigo_disciplina": 1503053, "horas": 60.0}, {"semestre": 8.0, "pos_requisitos": [], "disciplina": "Construcoes de Concreto Armado I", "creditos": 6.0, "tipo": "Obrigat\u00f3ria", "pre_requisitos": [1503053, 1503075], "codigo_departamento": 15030000.0, "codigo_disciplina": 1503004, "horas": 90.0}, {"semestre": 8.0, "pos_requisitos": [1503179], "disciplina": "Administra\u00e7\u00e3o e Empreendedorismo", "creditos": 4.0, "tipo": "Obrigat\u00f3ria", "pre_requisitos": [], "codigo_departamento": 13010000.0, "codigo_disciplina": 1301123, "horas": 60.0}, {"semestre": 8.0, "pos_requisitos": [], "disciplina": "Construcao Metalicas e de Madeira", "creditos": 4.0, "tipo": "Obrigat\u00f3ria", "pre_requisitos": [1503053, 1503075], "codigo_departamento": 15030000.0, "codigo_disciplina": 1503174, "horas": 60.0}, {"semestre": 8.0, "pos_requisitos": [1503179], "disciplina": "Tecnicas de Edificacoes", "creditos": 4.0, "tipo": "Obrigat\u00f3ria", "pre_requisitos": [1404026, 1503173, 1503075], "codigo_departamento": 15030000.0, "codigo_disciplina": 1503175, "horas": 60.0}, {"semestre": 8.0, "pos_requisitos": [], "disciplina": "Sistema de Drenagem Urbana", "creditos": 4.0, "tipo": "Obrigat\u00f3ria", "pre_requisitos": [1503131, 1503026], "codigo_departamento": 15030000.0, "codigo_disciplina": 1503035, "horas": 60.0}, {"semestre": 8.0, "pos_requisitos": [], "disciplina": "Estradas", "creditos": 4.0, "tipo": "Obrigat\u00f3ria", "pre_requisitos": [1503131, 1503171], "codigo_departamento": 15030000.0, "codigo_disciplina": 1503077, "horas": 60.0}, {"semestre": 9.0, "pos_requisitos": [1503180], "disciplina": "Projeto de Pesquisa Aplicada (Ppa)", "creditos": 2.0, "tipo": "Complementar", "pre_requisitos": [1503148], "codigo_departamento": 15030000.0, "codigo_disciplina": 1503176, "horas": 30.0}, {"semestre": 9.0, "pos_requisitos": [], "disciplina": "Saneamento Ambiental", "creditos": 3.0, "tipo": "Obrigat\u00f3ria", "pre_requisitos": [1503070], "codigo_departamento": 15030000.0, "codigo_disciplina": 1503177, "horas": 45.0}, {"semestre": 9.0, "pos_requisitos": [], "disciplina": "Sistemas de Abastecimento de \u00c1gua", "creditos": 4.0, "tipo": "Obrigat\u00f3ria", "pre_requisitos": [1503131, 1503026, 1503167], "codigo_departamento": 15030000.0, "codigo_disciplina": 1503178, "horas": 60.0}, {"semestre": 9.0, "pos_requisitos": [], "disciplina": "Gest\u00e3o de Obras de Construcao Civil", "creditos": 4.0, "tipo": "Obrigat\u00f3ria", "pre_requisitos": [1503175, 1301123, 1503168], "codigo_departamento": 15030000.0, "codigo_disciplina": 1503179, "horas": 60.0}, {"semestre": 10.0, "pos_requisitos": [], "disciplina": "Trabalho de Conclus\u00e3o de Curso", "creditos": 2.0, "tipo": "Complementar", "pre_requisitos": [1503176], "codigo_departamento": 15030000.0, "codigo_disciplina": 1503180, "horas": 30.0}, {"semestre": 10.0, "pos_requisitos": [], "disciplina": "Est\u00e1gio Curricular Obrigatorio (Eco)", "creditos": 16.0, "tipo": "Complementar", "pre_requisitos": [], "codigo_departamento": 15030000.0, "codigo_disciplina": 1503181, "horas": 240.0}, {"semestre": 10.0, "pos_requisitos": [], "disciplina": "Atividades Flexiveis", "creditos": 6.0, "tipo": "Complementar", "pre_requisitos": [], "codigo_departamento": 15030000.0, "codigo_disciplina": 1503182, "horas": 90.0}]