[{"semestre": null, "pos_requisitos": [], "disciplina": "Enade/Concluinte", "creditos": null, "tipo": "Complementar", "pre_requisitos": [], "codigo_departamento": 13050000.0, "codigo_disciplina": 1305253, "horas": null}, {"semestre": null, "pos_requisitos": [], "disciplina": "Enade/Ingressante", "creditos": null, "tipo": "Complementar", "pre_requisitos": [], "codigo_departamento": 13050000.0, "codigo_disciplina": 1305254, "horas": null}, {"semestre": 1.0, "pos_requisitos": [], "disciplina": "Desenho T\u00e9cnico", "creditos": 4.0, "tipo": "Obrigat\u00f3ria", "pre_requisitos": [], "codigo_departamento": 91010000.0, "codigo_disciplina": 9101068, "horas": 60.0}, {"semestre": 1.0, "pos_requisitos": [9101154, 9101070, 9101146], "disciplina": "C\u00e1lculo I", "creditos": 4.0, "tipo": "Obrigat\u00f3ria", "pre_requisitos": [], "codigo_departamento": 91010000.0, "codigo_disciplina": 9101145, "horas": 60.0}, {"semestre": 1.0, "pos_requisitos": [9101162], "disciplina": "Geometria Anal\u00edtica e \u00c1lgebra Linear", "creditos": 4.0, "tipo": "Obrigat\u00f3ria", "pre_requisitos": [], "codigo_departamento": 91010000.0, "codigo_disciplina": 9101147, "horas": 60.0}, {"semestre": 1.0, "pos_requisitos": [], "disciplina": "M\u00e9todologia Cient\u00edfica", "creditos": 2.0, "tipo": "Obrigat\u00f3ria", "pre_requisitos": [], "codigo_departamento": 91010000.0, "codigo_disciplina": 9101150, "horas": 30.0}, {"semestre": 1.0, "pos_requisitos": [9101075], "disciplina": "Citologia e Histologia", "creditos": 4.0, "tipo": "Obrigat\u00f3ria", "pre_requisitos": [], "codigo_departamento": 91010000.0, "codigo_disciplina": 9101151, "horas": 60.0}, {"semestre": 1.0, "pos_requisitos": [9101186], "disciplina": "Introdu\u00e7\u00e3o \u00e0 Engenharia de Alimentos", "creditos": 1.0, "tipo": "Obrigat\u00f3ria", "pre_requisitos": [], "codigo_departamento": 91010000.0, "codigo_disciplina": 9101152, "horas": 15.0}, {"semestre": 1.0, "pos_requisitos": [9101077, 9101159, 9101161], "disciplina": "Qu\u00edmica Geral", "creditos": 4.0, "tipo": "Obrigat\u00f3ria", "pre_requisitos": [], "codigo_departamento": 91010000.0, "codigo_disciplina": 9101164, "horas": 60.0}, {"semestre": 1.0, "pos_requisitos": [9101182], "disciplina": "Introdu\u00e7\u00e3o \u00e0 Inform\u00e1tica", "creditos": 4.0, "tipo": "Obrigat\u00f3ria", "pre_requisitos": [], "codigo_departamento": 91010000.0, "codigo_disciplina": 9101172, "horas": 60.0}, {"semestre": 2.0, "pos_requisitos": [9101091], "disciplina": "Estatistica Basica", "creditos": 4.0, "tipo": "Obrigat\u00f3ria", "pre_requisitos": [9101145], "codigo_departamento": 91010000.0, "codigo_disciplina": 9101070, "horas": 60.0}, {"semestre": 2.0, "pos_requisitos": [9101163], "disciplina": "Qu\u00edmica Anal\u00edtica", "creditos": 4.0, "tipo": "Obrigat\u00f3ria", "pre_requisitos": [9101164], "codigo_departamento": 91010000.0, "codigo_disciplina": 9101077, "horas": 60.0}, {"semestre": 2.0, "pos_requisitos": [9101156], "disciplina": "F\u00edsica I", "creditos": 4.0, "tipo": "Obrigat\u00f3ria", "pre_requisitos": [9101145], "codigo_departamento": 91010000.0, "codigo_disciplina": 9101146, "horas": 60.0}, {"semestre": 2.0, "pos_requisitos": [9101162, 9101174], "disciplina": "C\u00e1lculo II", "creditos": 4.0, "tipo": "Obrigat\u00f3ria", "pre_requisitos": [9101145], "codigo_departamento": 91010000.0, "codigo_disciplina": 9101154, "horas": 60.0}, {"semestre": 2.0, "pos_requisitos": [9101166], "disciplina": "Qu\u00edmica Org\u00e2nica", "creditos": 4.0, "tipo": "Obrigat\u00f3ria", "pre_requisitos": [9101164], "codigo_departamento": 91010000.0, "codigo_disciplina": 9101159, "horas": 60.0}, {"semestre": 2.0, "pos_requisitos": [9101187], "disciplina": "Economia e Adm na Ind de Alimentos", "creditos": 4.0, "tipo": "Obrigat\u00f3ria", "pre_requisitos": [], "codigo_departamento": 91010000.0, "codigo_disciplina": 9101168, "horas": 60.0}, {"semestre": 3.0, "pos_requisitos": [9101205], "disciplina": "Estatistica Experimental", "creditos": 4.0, "tipo": "Obrigat\u00f3ria", "pre_requisitos": [9101070], "codigo_departamento": 91010000.0, "codigo_disciplina": 9101091, "horas": 60.0}, {"semestre": 3.0, "pos_requisitos": [9101175, 9101174, 9101183, 9101165], "disciplina": "F\u00edsica II", "creditos": 4.0, "tipo": "Obrigat\u00f3ria", "pre_requisitos": [9101146], "codigo_departamento": 91010000.0, "codigo_disciplina": 9101156, "horas": 60.0}, {"semestre": 3.0, "pos_requisitos": [], "disciplina": "F\u00edsico - Qu\u00edmica", "creditos": 4.0, "tipo": "Obrigat\u00f3ria", "pre_requisitos": [9101164], "codigo_departamento": 91010000.0, "codigo_disciplina": 9101161, "horas": 60.0}, {"semestre": 3.0, "pos_requisitos": [9101173, 9101183], "disciplina": "C\u00e1lculo III", "creditos": 4.0, "tipo": "Obrigat\u00f3ria", "pre_requisitos": [9101154, 9101147], "codigo_departamento": 91010000.0, "codigo_disciplina": 9101162, "horas": 60.0}, {"semestre": 3.0, "pos_requisitos": [9101177, 9101176], "disciplina": "Qu\u00edmica Anal\u00edtica Experimental", "creditos": 4.0, "tipo": "Obrigat\u00f3ria", "pre_requisitos": [9101077], "codigo_departamento": 91010000.0, "codigo_disciplina": 9101163, "horas": 60.0}, {"semestre": 3.0, "pos_requisitos": [9101075, 9101176, 9101203, 9101224], "disciplina": "Bioqu\u00edmica Geral", "creditos": 4.0, "tipo": "Obrigat\u00f3ria", "pre_requisitos": [9101159], "codigo_departamento": 91010000.0, "codigo_disciplina": 9101166, "horas": 60.0}, {"semestre": 4.0, "pos_requisitos": [9101185, 9101224], "disciplina": "Microbiologia Geral", "creditos": 4.0, "tipo": "Obrigat\u00f3ria", "pre_requisitos": [9101151, 9101166], "codigo_departamento": 91010000.0, "codigo_disciplina": 9101075, "horas": 60.0}, {"semestre": 4.0, "pos_requisitos": [], "disciplina": "Equacoes Diferenciais Lineares", "creditos": 4.0, "tipo": "Obrigat\u00f3ria", "pre_requisitos": [9101162], "codigo_departamento": 91010000.0, "codigo_disciplina": 9101173, "horas": 60.0}, {"semestre": 4.0, "pos_requisitos": [9101235], "disciplina": "Termodinamica", "creditos": 4.0, "tipo": "Obrigat\u00f3ria", "pre_requisitos": [9101154, 9101156], "codigo_departamento": 91010000.0, "codigo_disciplina": 9101174, "horas": 60.0}, {"semestre": 4.0, "pos_requisitos": [9101184], "disciplina": "F\u00edsica III", "creditos": 4.0, "tipo": "Obrigat\u00f3ria", "pre_requisitos": [9101156], "codigo_departamento": 91010000.0, "codigo_disciplina": 9101175, "horas": 60.0}, {"semestre": 4.0, "pos_requisitos": [9101203, 9101204], "disciplina": "Qu\u00edmica de Alimentos I", "creditos": 4.0, "tipo": "Obrigat\u00f3ria", "pre_requisitos": [9101163, 9101166], "codigo_departamento": 91010000.0, "codigo_disciplina": 9101176, "horas": 60.0}, {"semestre": 4.0, "pos_requisitos": [9101205, 9101225, 9101226, 9101165], "disciplina": "An\u00e1lise de Alimentos", "creditos": 4.0, "tipo": "Obrigat\u00f3ria", "pre_requisitos": [9101163], "codigo_departamento": 91010000.0, "codigo_disciplina": 9101177, "horas": 60.0}, {"semestre": 5.0, "pos_requisitos": [], "disciplina": "Laborat\u00f3rio de F\u00edsica", "creditos": 4.0, "tipo": "Obrigat\u00f3ria", "pre_requisitos": [9101175], "codigo_departamento": 91010000.0, "codigo_disciplina": 9101184, "horas": 60.0}, {"semestre": 5.0, "pos_requisitos": [9101206, 9101169], "disciplina": "Microbiologia de Alimentos", "creditos": 4.0, "tipo": "Obrigat\u00f3ria", "pre_requisitos": [9101075], "codigo_departamento": 91010000.0, "codigo_disciplina": 9101185, "horas": 60.0}, {"semestre": 5.0, "pos_requisitos": [9101226, 9101227, 9101160, 9101234, 9101247], "disciplina": "Principios de Conservacao de Alimentos", "creditos": 4.0, "tipo": "Obrigat\u00f3ria", "pre_requisitos": [9101152], "codigo_departamento": 91010000.0, "codigo_disciplina": 9101186, "horas": 60.0}, {"semestre": 5.0, "pos_requisitos": [], "disciplina": "Empreendedorismo na Engenharia", "creditos": 4.0, "tipo": "Obrigat\u00f3ria", "pre_requisitos": [9101168], "codigo_departamento": 91010000.0, "codigo_disciplina": 9101187, "horas": 60.0}, {"semestre": 5.0, "pos_requisitos": [9101245], "disciplina": "C\u00e1lculo Numerico", "creditos": 4.0, "tipo": "Obrigat\u00f3ria", "pre_requisitos": [9101172], "codigo_departamento": 91010000.0, "codigo_disciplina": 9101182, "horas": 60.0}, {"semestre": 5.0, "pos_requisitos": [9101207, 9101202], "disciplina": "Fen\u00f4menos de Transporte I", "creditos": 4.0, "tipo": "Obrigat\u00f3ria", "pre_requisitos": [9101156, 9101162], "codigo_departamento": 91010000.0, "codigo_disciplina": 9101183, "horas": 60.0}, {"semestre": 6.0, "pos_requisitos": [], "disciplina": "Principios e Estrat da Educ Ambiental", "creditos": 4.0, "tipo": "Obrigat\u00f3ria", "pre_requisitos": [], "codigo_departamento": 91010000.0, "codigo_disciplina": 9101196, "horas": 60.0}, {"semestre": 6.0, "pos_requisitos": [], "disciplina": "An\u00e1lise Sensorial", "creditos": 4.0, "tipo": "Obrigat\u00f3ria", "pre_requisitos": [9101091, 9101177], "codigo_departamento": 91010000.0, "codigo_disciplina": 9101205, "horas": 60.0}, {"semestre": 6.0, "pos_requisitos": [9101223, 9101169, 9101235], "disciplina": "Operacoes Unitarias I", "creditos": 4.0, "tipo": "Obrigat\u00f3ria", "pre_requisitos": [9101183], "codigo_departamento": 91010000.0, "codigo_disciplina": 9101202, "horas": 60.0}, {"semestre": 6.0, "pos_requisitos": [9101228], "disciplina": "Bioqu\u00edmica de Alimentos", "creditos": 4.0, "tipo": "Obrigat\u00f3ria", "pre_requisitos": [9101166, 9101176], "codigo_departamento": 91010000.0, "codigo_disciplina": 9101203, "horas": 60.0}, {"semestre": 6.0, "pos_requisitos": [9101228, 9101247], "disciplina": "Qu\u00edmica de Alimentos II", "creditos": 4.0, "tipo": "Obrigat\u00f3ria", "pre_requisitos": [9101176], "codigo_departamento": 91010000.0, "codigo_disciplina": 9101204, "horas": 60.0}, {"semestre": 6.0, "pos_requisitos": [9101225], "disciplina": "Higiene na Industria de Alimentos", "creditos": 2.0, "tipo": "Obrigat\u00f3ria", "pre_requisitos": [9101185], "codigo_departamento": 91010000.0, "codigo_disciplina": 9101206, "horas": 30.0}, {"semestre": 6.0, "pos_requisitos": [9101223], "disciplina": "Fen\u00f4menos de Transporte II", "creditos": 4.0, "tipo": "Obrigat\u00f3ria", "pre_requisitos": [9101183], "codigo_departamento": 91010000.0, "codigo_disciplina": 9101207, "horas": 60.0}, {"semestre": 7.0, "pos_requisitos": [9101155], "disciplina": "Operacoes Unitarias II", "creditos": 4.0, "tipo": "Obrigat\u00f3ria", "pre_requisitos": [9101202, 9101207], "codigo_departamento": 91010000.0, "codigo_disciplina": 9101223, "horas": 60.0}, {"semestre": 7.0, "pos_requisitos": [], "disciplina": "Trat Biolog de Residuos Agroindustriais", "creditos": 4.0, "tipo": "Obrigat\u00f3ria", "pre_requisitos": [9101166, 9101075], "codigo_departamento": 91010000.0, "codigo_disciplina": 9101224, "horas": 60.0}, {"semestre": 7.0, "pos_requisitos": [], "disciplina": "Controle de Qualid na Ind de Alimentos", "creditos": 4.0, "tipo": "Obrigat\u00f3ria", "pre_requisitos": [9101177, 9101206], "codigo_departamento": 91010000.0, "codigo_disciplina": 9101225, "horas": 60.0}, {"semestre": 7.0, "pos_requisitos": [], "disciplina": "Tecnologia de Leite e Derivados", "creditos": 4.0, "tipo": "Obrigat\u00f3ria", "pre_requisitos": [9101186, 9101177], "codigo_departamento": 91010000.0, "codigo_disciplina": 9101226, "horas": 60.0}, {"semestre": 7.0, "pos_requisitos": [], "disciplina": "Tecnologia de Produtos Horticolas", "creditos": 4.0, "tipo": "Obrigat\u00f3ria", "pre_requisitos": [9101186], "codigo_departamento": 91010000.0, "codigo_disciplina": 9101227, "horas": 60.0}, {"semestre": 7.0, "pos_requisitos": [], "disciplina": "Fundamentos de Nutri\u00e7\u00e3o", "creditos": 4.0, "tipo": "Obrigat\u00f3ria", "pre_requisitos": [9101203, 9101204], "codigo_departamento": 91010000.0, "codigo_disciplina": 9101228, "horas": 60.0}, {"semestre": 8.0, "pos_requisitos": [], "disciplina": "Tecnologia de Graos e Cereais", "creditos": 4.0, "tipo": "Obrigat\u00f3ria", "pre_requisitos": [9101186], "codigo_departamento": 91010000.0, "codigo_disciplina": 9101234, "horas": 60.0}, {"semestre": 8.0, "pos_requisitos": [9101246], "disciplina": "Instalacoes Industriais e Refrigeracao", "creditos": 4.0, "tipo": "Obrigat\u00f3ria", "pre_requisitos": [9101174, 9101202], "codigo_departamento": 91010000.0, "codigo_disciplina": 9101235, "horas": 60.0}, {"semestre": 8.0, "pos_requisitos": [9101245], "disciplina": "Operacoes Unitarias III", "creditos": 4.0, "tipo": "Obrigat\u00f3ria", "pre_requisitos": [9101223], "codigo_departamento": 91010000.0, "codigo_disciplina": 9101155, "horas": 60.0}, {"semestre": 8.0, "pos_requisitos": [], "disciplina": "Tecnologia de Carne, Ovos e Peixes", "creditos": 4.0, "tipo": "Obrigat\u00f3ria", "pre_requisitos": [9101186], "codigo_departamento": 91010000.0, "codigo_disciplina": 9101160, "horas": 60.0}, {"semestre": 8.0, "pos_requisitos": [], "disciplina": "Tecn de Mater e Embalagens P/ Alimentos", "creditos": 4.0, "tipo": "Obrigat\u00f3ria", "pre_requisitos": [9101156, 9101177], "codigo_departamento": 91010000.0, "codigo_disciplina": 9101165, "horas": 60.0}, {"semestre": 8.0, "pos_requisitos": [9101247], "disciplina": "Bioengenharia", "creditos": 4.0, "tipo": "Obrigat\u00f3ria", "pre_requisitos": [9101185, 9101202], "codigo_departamento": 91010000.0, "codigo_disciplina": 9101169, "horas": 60.0}, {"semestre": 9.0, "pos_requisitos": [], "disciplina": "Controle de Processos", "creditos": 4.0, "tipo": "Obrigat\u00f3ria", "pre_requisitos": [9101182, 9101155], "codigo_departamento": 91010000.0, "codigo_disciplina": 9101245, "horas": 60.0}, {"semestre": 9.0, "pos_requisitos": [], "disciplina": "Planejamento e Proj na Ind de Alimentos", "creditos": 4.0, "tipo": "Obrigat\u00f3ria", "pre_requisitos": [9101235], "codigo_departamento": 91010000.0, "codigo_disciplina": 9101246, "horas": 60.0}, {"semestre": 9.0, "pos_requisitos": [], "disciplina": "Tecnologia de Produ\u00e7\u00e3o de Bebidas", "creditos": 4.0, "tipo": "Obrigat\u00f3ria", "pre_requisitos": [9101204, 9101186, 9101169], "codigo_departamento": 91010000.0, "codigo_disciplina": 9101247, "horas": 60.0}, {"semestre": 10.0, "pos_requisitos": [], "disciplina": "Est\u00e1gio Supervisionado", "creditos": 12.0, "tipo": "Complementar", "pre_requisitos": [], "codigo_departamento": 91010000.0, "codigo_disciplina": 9101260, "horas": 180.0}, {"semestre": 10.0, "pos_requisitos": [], "disciplina": "Atividades Complementares Flex\u00edveis", "creditos": 6.0, "tipo": "Complementar", "pre_requisitos": [], "codigo_departamento": 91010000.0, "codigo_disciplina": 9101268, "horas": 90.0}, {"semestre": 10.0, "pos_requisitos": [], "disciplina": "Trabalho de Conclus\u00e3o de Curso", "creditos": 4.0, "tipo": "Complementar", "pre_requisitos": [], "codigo_departamento": 91010000.0, "codigo_disciplina": 9101270, "horas": 60.0}]