[{"semestre": 1.0, "pos_requisitos": [1109131, 1108081], "disciplina": "C\u00e1lculo Diferencial e Integral I", "creditos": 4.0, "tipo": "Obrigat\u00f3ria", "pre_requisitos": [], "codigo_departamento": 11090000.0, "codigo_disciplina": 1109126, "horas": 60.0}, {"semestre": 1.0, "pos_requisitos": [1510106, 1510107], "disciplina": "Qu\u00edmica Geral", "creditos": 4.0, "tipo": "Obrigat\u00f3ria", "pre_requisitos": [], "codigo_departamento": 11070000.0, "codigo_disciplina": 1107232, "horas": 60.0}, {"semestre": 1.0, "pos_requisitos": [1307177], "disciplina": "L\u00edngua Portuguesa", "creditos": 4.0, "tipo": "Obrigat\u00f3ria", "pre_requisitos": [], "codigo_departamento": 13070000.0, "codigo_disciplina": 1307169, "horas": 60.0}, {"semestre": 1.0, "pos_requisitos": [1109049, 1108081, 1109128], "disciplina": "\u00c1lgebra Vetorial e Geometria Anal\u00edtica", "creditos": 4.0, "tipo": "Obrigat\u00f3ria", "pre_requisitos": [], "codigo_departamento": 11090000.0, "codigo_disciplina": 1109035, "horas": 60.0}, {"semestre": 1.0, "pos_requisitos": [1108023, 1108081, 1108099], "disciplina": "F\u00edsica Geral I", "creditos": 4.0, "tipo": "Obrigat\u00f3ria", "pre_requisitos": [], "codigo_departamento": 11080000.0, "codigo_disciplina": 1108030, "horas": 60.0}, {"semestre": 1.0, "pos_requisitos": [], "disciplina": "Introdu\u00e7\u00e3o a Engenharia de Minas", "creditos": 4.0, "tipo": "Obrigat\u00f3ria", "pre_requisitos": [], "codigo_departamento": 15100000.0, "codigo_disciplina": 1510105, "horas": 60.0}, {"semestre": 2.0, "pos_requisitos": [1109128, 1108100, 1108099, 1114129], "disciplina": "C\u00e1lculo Diferencial e Integral II", "creditos": 4.0, "tipo": "Obrigat\u00f3ria", "pre_requisitos": [1109126], "codigo_departamento": 11090000.0, "codigo_disciplina": 1109131, "horas": 60.0}, {"semestre": 2.0, "pos_requisitos": [], "disciplina": "F\u00edsica Experimental I", "creditos": 4.0, "tipo": "Obrigat\u00f3ria", "pre_requisitos": [1108030], "codigo_departamento": 11080000.0, "codigo_disciplina": 1108023, "horas": 60.0}, {"semestre": 2.0, "pos_requisitos": [1114129], "disciplina": "\u00c1lgebra Linear I", "creditos": 4.0, "tipo": "Obrigat\u00f3ria", "pre_requisitos": [1109035], "codigo_departamento": 11090000.0, "codigo_disciplina": 1109049, "horas": 60.0}, {"semestre": 2.0, "pos_requisitos": [1510108], "disciplina": "Geologia Geral", "creditos": 4.0, "tipo": "Obrigat\u00f3ria", "pre_requisitos": [1107232], "codigo_departamento": 15100000.0, "codigo_disciplina": 1510106, "horas": 60.0}, {"semestre": 2.0, "pos_requisitos": [1510108], "disciplina": "Mineralogia", "creditos": 4.0, "tipo": "Obrigat\u00f3ria", "pre_requisitos": [1107232], "codigo_departamento": 15100000.0, "codigo_disciplina": 1510107, "horas": 60.0}, {"semestre": 2.0, "pos_requisitos": [1108100, 1503118], "disciplina": "F\u00edsica Geral II", "creditos": 4.0, "tipo": "Obrigat\u00f3ria", "pre_requisitos": [1109035, 1109126, 1108030], "codigo_departamento": 11080000.0, "codigo_disciplina": 1108081, "horas": 60.0}, {"semestre": 3.0, "pos_requisitos": [1503048, 1503118], "disciplina": "Mec\u00e2nica Geral", "creditos": 4.0, "tipo": "Obrigat\u00f3ria", "pre_requisitos": [1108030, 1109131], "codigo_departamento": 11080000.0, "codigo_disciplina": 1108099, "horas": 60.0}, {"semestre": 3.0, "pos_requisitos": [1404026], "disciplina": "F\u00edsica Geral III", "creditos": 4.0, "tipo": "Obrigat\u00f3ria", "pre_requisitos": [1109131, 1108081], "codigo_departamento": 11080000.0, "codigo_disciplina": 1108100, "horas": 60.0}, {"semestre": 3.0, "pos_requisitos": [], "disciplina": "C\u00e1lculo Diferencial e Integral III", "creditos": 4.0, "tipo": "Obrigat\u00f3ria", "pre_requisitos": [1109035, 1109131], "codigo_departamento": 11090000.0, "codigo_disciplina": 1109128, "horas": 60.0}, {"semestre": 3.0, "pos_requisitos": [], "disciplina": "Introdu\u00e7\u00e3o \u00e0 Ci\u00eancia da Computa\u00e7\u00e3o", "creditos": 4.0, "tipo": "Obrigat\u00f3ria", "pre_requisitos": [], "codigo_departamento": 14110000.0, "codigo_disciplina": 1411001, "horas": 60.0}, {"semestre": 3.0, "pos_requisitos": [1113057], "disciplina": "Express\u00e3o Grafica", "creditos": 4.0, "tipo": "Obrigat\u00f3ria", "pre_requisitos": [], "codigo_departamento": 11130000.0, "codigo_disciplina": 1113019, "horas": 60.0}, {"semestre": 3.0, "pos_requisitos": [1510110, 1510109, 1510117], "disciplina": "Petrografia", "creditos": 4.0, "tipo": "Obrigat\u00f3ria", "pre_requisitos": [1510106, 1510107], "codigo_departamento": 15100000.0, "codigo_disciplina": 1510108, "horas": 60.0}, {"semestre": 4.0, "pos_requisitos": [1510114, 1510123], "disciplina": "Introdu\u00e7\u00e3o a Probabilidade", "creditos": 4.0, "tipo": "Obrigat\u00f3ria", "pre_requisitos": [1109131, 1109049], "codigo_departamento": 11140000.0, "codigo_disciplina": 1114129, "horas": 60.0}, {"semestre": 4.0, "pos_requisitos": [1510113], "disciplina": "Desenho T\u00e9cnico", "creditos": 4.0, "tipo": "Obrigat\u00f3ria", "pre_requisitos": [1113019], "codigo_departamento": 11130000.0, "codigo_disciplina": 1113057, "horas": 60.0}, {"semestre": 4.0, "pos_requisitos": [1510111, 1510119], "disciplina": "Resistencia dos Materiais I", "creditos": 4.0, "tipo": "Obrigat\u00f3ria", "pre_requisitos": [1108099], "codigo_departamento": 15030000.0, "codigo_disciplina": 1503048, "horas": 60.0}, {"semestre": 4.0, "pos_requisitos": [1510112], "disciplina": "Geologia Estrutural", "creditos": 4.0, "tipo": "Obrigat\u00f3ria", "pre_requisitos": [1510108], "codigo_departamento": 15100000.0, "codigo_disciplina": 1510109, "horas": 60.0}, {"semestre": 4.0, "pos_requisitos": [1510112], "disciplina": "Geologia Economica", "creditos": 4.0, "tipo": "Obrigat\u00f3ria", "pre_requisitos": [1510108], "codigo_departamento": 15100000.0, "codigo_disciplina": 1510110, "horas": 60.0}, {"semestre": 4.0, "pos_requisitos": [], "disciplina": "Eletrot\u00e9cnica Geral", "creditos": 4.0, "tipo": "Obrigat\u00f3ria", "pre_requisitos": [1108100], "codigo_departamento": 14040000.0, "codigo_disciplina": 1404026, "horas": 60.0}, {"semestre": 5.0, "pos_requisitos": [1510118], "disciplina": "Fen\u00f4menos de Transportes", "creditos": 4.0, "tipo": "Obrigat\u00f3ria", "pre_requisitos": [1108081, 1108099], "codigo_departamento": 15030000.0, "codigo_disciplina": 1503118, "horas": 60.0}, {"semestre": 5.0, "pos_requisitos": [1510115], "disciplina": "Administra\u00e7\u00e3o", "creditos": 4.0, "tipo": "Obrigat\u00f3ria", "pre_requisitos": [1510112], "codigo_departamento": 13010000.0, "codigo_disciplina": 1301014, "horas": 60.0}, {"semestre": 5.0, "pos_requisitos": [], "disciplina": "M\u00e9todologia e T\u00e9cnicas de Pesquisa", "creditos": 4.0, "tipo": "Obrigat\u00f3ria", "pre_requisitos": [1307169], "codigo_departamento": 13070000.0, "codigo_disciplina": 1307177, "horas": 60.0}, {"semestre": 5.0, "pos_requisitos": [], "disciplina": "Mec\u00e2nica das Rochas", "creditos": 4.0, "tipo": "Obrigat\u00f3ria", "pre_requisitos": [1503048], "codigo_departamento": 15100000.0, "codigo_disciplina": 1510111, "horas": 60.0}, {"semestre": 5.0, "pos_requisitos": [1301014, 1510101, 1510123], "disciplina": "Pesquisa Mineral", "creditos": 4.0, "tipo": "Obrigat\u00f3ria", "pre_requisitos": [1510109, 1510110], "codigo_departamento": 15100000.0, "codigo_disciplina": 1510112, "horas": 60.0}, {"semestre": 5.0, "pos_requisitos": [], "disciplina": "Topografia Aplicada a Mineracao", "creditos": 4.0, "tipo": "Obrigat\u00f3ria", "pre_requisitos": [1113057], "codigo_departamento": 15100000.0, "codigo_disciplina": 1510113, "horas": 60.0}, {"semestre": 6.0, "pos_requisitos": [1510124], "disciplina": "Geof\u00edsica", "creditos": 4.0, "tipo": "Obrigat\u00f3ria", "pre_requisitos": [1510112], "codigo_departamento": 15100000.0, "codigo_disciplina": 1510101, "horas": 60.0}, {"semestre": 6.0, "pos_requisitos": [], "disciplina": "Pesquisa Operacional", "creditos": 4.0, "tipo": "Obrigat\u00f3ria", "pre_requisitos": [1114129], "codigo_departamento": 15100000.0, "codigo_disciplina": 1510114, "horas": 60.0}, {"semestre": 6.0, "pos_requisitos": [], "disciplina": "Higiene e Seguran\u00e7a do Trabalho", "creditos": 4.0, "tipo": "Obrigat\u00f3ria", "pre_requisitos": [1510119], "codigo_departamento": 15100000.0, "codigo_disciplina": 1510116, "horas": 60.0}, {"semestre": 6.0, "pos_requisitos": [], "disciplina": "Caracteriza\u00e7\u00e3o Tecnol\u00f3gica de Minerais", "creditos": 4.0, "tipo": "Obrigat\u00f3ria", "pre_requisitos": [1510108], "codigo_departamento": 15100000.0, "codigo_disciplina": 1510117, "horas": 60.0}, {"semestre": 6.0, "pos_requisitos": [1510120], "disciplina": "Tratamento de Min\u00e9rios I", "creditos": 4.0, "tipo": "Obrigat\u00f3ria", "pre_requisitos": [1503118], "codigo_departamento": 15100000.0, "codigo_disciplina": 1510118, "horas": 60.0}, {"semestre": 6.0, "pos_requisitos": [1510116, 1510129], "disciplina": "Perfuracao e Desmonte de Rochas", "creditos": 4.0, "tipo": "Obrigat\u00f3ria", "pre_requisitos": [1503048], "codigo_departamento": 15100000.0, "codigo_disciplina": 1510119, "horas": 60.0}, {"semestre": 7.0, "pos_requisitos": [1510125], "disciplina": "Engenharia Economica", "creditos": 4.0, "tipo": "Obrigat\u00f3ria", "pre_requisitos": [1301014], "codigo_departamento": 15100000.0, "codigo_disciplina": 1510115, "horas": 60.0}, {"semestre": 7.0, "pos_requisitos": [1510126, 1510131], "disciplina": "Tratamento de Min\u00e9rios II", "creditos": 4.0, "tipo": "Obrigat\u00f3ria", "pre_requisitos": [1510118], "codigo_departamento": 15100000.0, "codigo_disciplina": 1510120, "horas": 60.0}, {"semestre": 7.0, "pos_requisitos": [1510127, 1510131], "disciplina": "Lavra de Minas Subterr\u00e2neas", "creditos": 4.0, "tipo": "Obrigat\u00f3ria", "pre_requisitos": [], "codigo_departamento": 15100000.0, "codigo_disciplina": 1510121, "horas": 60.0}, {"semestre": 7.0, "pos_requisitos": [1510128, 1510131], "disciplina": "Lavra de Minas a Ceu Aberto", "creditos": 4.0, "tipo": "Obrigat\u00f3ria", "pre_requisitos": [], "codigo_departamento": 15100000.0, "codigo_disciplina": 1510122, "horas": 60.0}, {"semestre": 7.0, "pos_requisitos": [], "disciplina": "Geoestatistica", "creditos": 4.0, "tipo": "Obrigat\u00f3ria", "pre_requisitos": [1114129, 1510112], "codigo_departamento": 15100000.0, "codigo_disciplina": 1510123, "horas": 60.0}, {"semestre": 7.0, "pos_requisitos": [], "disciplina": "Hidrogeologia", "creditos": 4.0, "tipo": "Obrigat\u00f3ria", "pre_requisitos": [1510101], "codigo_departamento": 15100000.0, "codigo_disciplina": 1510124, "horas": 60.0}, {"semestre": 8.0, "pos_requisitos": [], "disciplina": "Mineracao e Meio Ambiente", "creditos": 4.0, "tipo": "Obrigat\u00f3ria", "pre_requisitos": [1510119], "codigo_departamento": 15100000.0, "codigo_disciplina": 1510129, "horas": 60.0}, {"semestre": 8.0, "pos_requisitos": [], "disciplina": "Economia Mineral", "creditos": 4.0, "tipo": "Obrigat\u00f3ria", "pre_requisitos": [1510115], "codigo_departamento": 15100000.0, "codigo_disciplina": 1510125, "horas": 60.0}, {"semestre": 8.0, "pos_requisitos": [], "disciplina": "Tratamento de Min\u00e9rios III", "creditos": 4.0, "tipo": "Obrigat\u00f3ria", "pre_requisitos": [1510120], "codigo_departamento": 15100000.0, "codigo_disciplina": 1510126, "horas": 60.0}, {"semestre": 8.0, "pos_requisitos": [], "disciplina": "Ventilacao de Mina", "creditos": 4.0, "tipo": "Obrigat\u00f3ria", "pre_requisitos": [1510121], "codigo_departamento": 15100000.0, "codigo_disciplina": 1510127, "horas": 60.0}, {"semestre": 8.0, "pos_requisitos": [], "disciplina": "Planejamento de Lavra", "creditos": 4.0, "tipo": "Obrigat\u00f3ria", "pre_requisitos": [1510122], "codigo_departamento": 15100000.0, "codigo_disciplina": 1510128, "horas": 60.0}, {"semestre": 9.0, "pos_requisitos": [], "disciplina": "Atividades Complementares Flex\u00edveis", "creditos": 8.0, "tipo": "Complementar", "pre_requisitos": [], "codigo_departamento": 15100000.0, "codigo_disciplina": 1510130, "horas": 120.0}, {"semestre": 10.0, "pos_requisitos": [], "disciplina": "Est\u00e1gio Integrado", "creditos": 16.0, "tipo": "Complementar", "pre_requisitos": [1510121, 1510122, 1510120], "codigo_departamento": 15100000.0, "codigo_disciplina": 1510131, "horas": 240.0}, {"semestre": 10.0, "pos_requisitos": [], "disciplina": "Trabalho Final de Curso - Tfc", "creditos": 4.0, "tipo": "Complementar", "pre_requisitos": [], "codigo_departamento": 15100000.0, "codigo_disciplina": 1510132, "horas": 60.0}]