[{"semestre": 1.0, "pos_requisitos": [], "disciplina": "Qu\u00edmica Geral", "creditos": 4.0, "tipo": "Obrigat\u00f3ria", "pre_requisitos": [], "codigo_departamento": 71020000.0, "codigo_disciplina": 7102004, "horas": 60.0}, {"semestre": 1.0, "pos_requisitos": [], "disciplina": "Biologia Celular e Molecular", "creditos": 4.0, "tipo": "Obrigat\u00f3ria", "pre_requisitos": [], "codigo_departamento": 71020000.0, "codigo_disciplina": 7102001, "horas": 60.0}, {"semestre": 1.0, "pos_requisitos": [7102009, 7102011], "disciplina": "C\u00e1lculo Diferencial e Integral I", "creditos": 4.0, "tipo": "Obrigat\u00f3ria", "pre_requisitos": [], "codigo_departamento": 71020000.0, "codigo_disciplina": 7102002, "horas": 60.0}, {"semestre": 1.0, "pos_requisitos": [], "disciplina": "Qu\u00edmica Experimental", "creditos": 2.0, "tipo": "Obrigat\u00f3ria", "pre_requisitos": [], "codigo_departamento": 71020000.0, "codigo_disciplina": 7102005, "horas": 30.0}, {"semestre": 1.0, "pos_requisitos": [7102030], "disciplina": "Int. a Eng. de Produ\u00e7\u00e3o", "creditos": 2.0, "tipo": "Obrigat\u00f3ria", "pre_requisitos": [], "codigo_departamento": 71020000.0, "codigo_disciplina": 7102008, "horas": 30.0}, {"semestre": 1.0, "pos_requisitos": [], "disciplina": "Sociologia e Cidadania", "creditos": 4.0, "tipo": "Obrigat\u00f3ria", "pre_requisitos": [], "codigo_departamento": 71010000.0, "codigo_disciplina": 7101011, "horas": 60.0}, {"semestre": 1.0, "pos_requisitos": [7102029], "disciplina": "Introdu\u00e7\u00e3o \u00e0 Ci\u00eancia da Computa\u00e7\u00e3o", "creditos": 4.0, "tipo": "Obrigat\u00f3ria", "pre_requisitos": [], "codigo_departamento": 71020000.0, "codigo_disciplina": 7102003, "horas": 60.0}, {"semestre": 2.0, "pos_requisitos": [], "disciplina": "\u00c1lgebra Linear", "creditos": 4.0, "tipo": "Obrigat\u00f3ria", "pre_requisitos": [], "codigo_departamento": 71020000.0, "codigo_disciplina": 7102010, "horas": 60.0}, {"semestre": 2.0, "pos_requisitos": [7102023], "disciplina": "F\u00edsica Geral I", "creditos": 4.0, "tipo": "Obrigat\u00f3ria", "pre_requisitos": [7102002], "codigo_departamento": 71020000.0, "codigo_disciplina": 7102011, "horas": 60.0}, {"semestre": 2.0, "pos_requisitos": [], "disciplina": "Desenho T\u00e9cnico", "creditos": 4.0, "tipo": "Obrigat\u00f3ria", "pre_requisitos": [], "codigo_departamento": 71020000.0, "codigo_disciplina": 7102012, "horas": 60.0}, {"semestre": 2.0, "pos_requisitos": [], "disciplina": "M\u00e9todologia Cient\u00edfica", "creditos": 4.0, "tipo": "Obrigat\u00f3ria", "pre_requisitos": [], "codigo_departamento": 71020000.0, "codigo_disciplina": 7102027, "horas": 60.0}, {"semestre": 2.0, "pos_requisitos": [], "disciplina": "Prat. de Leitura e Produ\u00e7\u00e3o de Textos", "creditos": 4.0, "tipo": "Obrigat\u00f3ria", "pre_requisitos": [], "codigo_departamento": 71010000.0, "codigo_disciplina": 7101006, "horas": 60.0}, {"semestre": 2.0, "pos_requisitos": [7102028, 7102021], "disciplina": "C\u00e1lculo Diferencial e Integral II", "creditos": 4.0, "tipo": "Obrigat\u00f3ria", "pre_requisitos": [7102002], "codigo_departamento": 71020000.0, "codigo_disciplina": 7102009, "horas": 60.0}, {"semestre": 3.0, "pos_requisitos": [7102129], "disciplina": "Probabilidade e Estatistica", "creditos": 4.0, "tipo": "Obrigat\u00f3ria", "pre_requisitos": [7102009], "codigo_departamento": 71020000.0, "codigo_disciplina": 7102021, "horas": 60.0}, {"semestre": 3.0, "pos_requisitos": [7102046, 7102045, 7102044, 7102050], "disciplina": "F\u00edsica Geral II", "creditos": 4.0, "tipo": "Obrigat\u00f3ria", "pre_requisitos": [7102011], "codigo_departamento": 71020000.0, "codigo_disciplina": 7102023, "horas": 60.0}, {"semestre": 3.0, "pos_requisitos": [], "disciplina": "Introdu\u00e7\u00e3o \u00e0 Ci\u00eancia dos Materiais", "creditos": 2.0, "tipo": "Obrigat\u00f3ria", "pre_requisitos": [], "codigo_departamento": 71020000.0, "codigo_disciplina": 7102014, "horas": 30.0}, {"semestre": 3.0, "pos_requisitos": [], "disciplina": "Introdu\u00e7\u00e3o a Zootecnia", "creditos": 2.0, "tipo": "Obrigat\u00f3ria", "pre_requisitos": [], "codigo_departamento": 71020000.0, "codigo_disciplina": 7102026, "horas": 30.0}, {"semestre": 3.0, "pos_requisitos": [7102020], "disciplina": "C\u00e1lculo Diferencial e Integral III", "creditos": 4.0, "tipo": "Obrigat\u00f3ria", "pre_requisitos": [7102009], "codigo_departamento": 71020000.0, "codigo_disciplina": 7102028, "horas": 60.0}, {"semestre": 3.0, "pos_requisitos": [], "disciplina": "Programa\u00e7\u00e3o", "creditos": 4.0, "tipo": "Obrigat\u00f3ria", "pre_requisitos": [7102003], "codigo_departamento": 71020000.0, "codigo_disciplina": 7102029, "horas": 60.0}, {"semestre": 3.0, "pos_requisitos": [7102040, 7102081], "disciplina": "Sistemas de Produ\u00e7\u00e3o", "creditos": 4.0, "tipo": "Obrigat\u00f3ria", "pre_requisitos": [7102008], "codigo_departamento": 71020000.0, "codigo_disciplina": 7102030, "horas": 60.0}, {"semestre": 4.0, "pos_requisitos": [], "disciplina": "Equacoes Diferenciais Lineares", "creditos": 4.0, "tipo": "Obrigat\u00f3ria", "pre_requisitos": [7102028], "codigo_departamento": 71020000.0, "codigo_disciplina": 7102020, "horas": 60.0}, {"semestre": 4.0, "pos_requisitos": [], "disciplina": "Direito", "creditos": 2.0, "tipo": "Obrigat\u00f3ria", "pre_requisitos": [], "codigo_departamento": 71010000.0, "codigo_disciplina": 7101077, "horas": 30.0}, {"semestre": 4.0, "pos_requisitos": [7102079, 7102078, 7102131, 7102261], "disciplina": "Administra\u00e7\u00e3o para Engenharia", "creditos": 4.0, "tipo": "Obrigat\u00f3ria", "pre_requisitos": [7102030], "codigo_departamento": 71020000.0, "codigo_disciplina": 7102040, "horas": 60.0}, {"semestre": 4.0, "pos_requisitos": [7102080], "disciplina": "Mec\u00e2nica Geral", "creditos": 4.0, "tipo": "Obrigat\u00f3ria", "pre_requisitos": [7102023], "codigo_departamento": 71020000.0, "codigo_disciplina": 7102044, "horas": 60.0}, {"semestre": 4.0, "pos_requisitos": [7102106], "disciplina": "F\u00edsica Geral III", "creditos": 4.0, "tipo": "Obrigat\u00f3ria", "pre_requisitos": [7102023], "codigo_departamento": 71020000.0, "codigo_disciplina": 7102045, "horas": 60.0}, {"semestre": 4.0, "pos_requisitos": [7102106], "disciplina": "F\u00edsica Experimental", "creditos": 4.0, "tipo": "Obrigat\u00f3ria", "pre_requisitos": [7102023], "codigo_departamento": 71020000.0, "codigo_disciplina": 7102046, "horas": 60.0}, {"semestre": 4.0, "pos_requisitos": [7102104], "disciplina": "Introdu\u00e7\u00e3o a Agricultura", "creditos": 2.0, "tipo": "Obrigat\u00f3ria", "pre_requisitos": [], "codigo_departamento": 71020000.0, "codigo_disciplina": 7102047, "horas": 30.0}, {"semestre": 5.0, "pos_requisitos": [], "disciplina": "Resistencia dos Materiais", "creditos": 4.0, "tipo": "Obrigat\u00f3ria", "pre_requisitos": [7102044], "codigo_departamento": 71020000.0, "codigo_disciplina": 7102080, "horas": 60.0}, {"semestre": 5.0, "pos_requisitos": [7102105, 7102130], "disciplina": "Ergonomia", "creditos": 4.0, "tipo": "Obrigat\u00f3ria", "pre_requisitos": [7102030], "codigo_departamento": 71020000.0, "codigo_disciplina": 7102081, "horas": 60.0}, {"semestre": 5.0, "pos_requisitos": [7102065], "disciplina": "Termodinamica", "creditos": 4.0, "tipo": "Obrigat\u00f3ria", "pre_requisitos": [7102023], "codigo_departamento": 71020000.0, "codigo_disciplina": 7102050, "horas": 60.0}, {"semestre": 5.0, "pos_requisitos": [7102102, 7102101], "disciplina": "Organizacao do Trabalho", "creditos": 4.0, "tipo": "Obrigat\u00f3ria", "pre_requisitos": [7102040], "codigo_departamento": 71020000.0, "codigo_disciplina": 7102078, "horas": 60.0}, {"semestre": 5.0, "pos_requisitos": [], "disciplina": "Engenharia Economica", "creditos": 4.0, "tipo": "Obrigat\u00f3ria", "pre_requisitos": [7102040], "codigo_departamento": 71020000.0, "codigo_disciplina": 7102079, "horas": 60.0}, {"semestre": 6.0, "pos_requisitos": [7102132, 7102128], "disciplina": "Planejamento e Controle da Produ\u00e7\u00e3o I", "creditos": 4.0, "tipo": "Obrigat\u00f3ria", "pre_requisitos": [7102078], "codigo_departamento": 71020000.0, "codigo_disciplina": 7102101, "horas": 60.0}, {"semestre": 6.0, "pos_requisitos": [], "disciplina": "Engenharia de M\u00e9todos", "creditos": 4.0, "tipo": "Obrigat\u00f3ria", "pre_requisitos": [7102078], "codigo_departamento": 71020000.0, "codigo_disciplina": 7102102, "horas": 60.0}, {"semestre": 6.0, "pos_requisitos": [], "disciplina": "Gest\u00e3o Ambiental", "creditos": 4.0, "tipo": "Obrigat\u00f3ria", "pre_requisitos": [], "codigo_departamento": 71020000.0, "codigo_disciplina": 7102103, "horas": 60.0}, {"semestre": 6.0, "pos_requisitos": [], "disciplina": "Sistemas Agroindustriais", "creditos": 4.0, "tipo": "Obrigat\u00f3ria", "pre_requisitos": [7102047], "codigo_departamento": 71020000.0, "codigo_disciplina": 7102104, "horas": 60.0}, {"semestre": 6.0, "pos_requisitos": [], "disciplina": "Higiene e Seguran\u00e7a do Trabalho", "creditos": 4.0, "tipo": "Obrigat\u00f3ria", "pre_requisitos": [7102081], "codigo_departamento": 71020000.0, "codigo_disciplina": 7102105, "horas": 60.0}, {"semestre": 6.0, "pos_requisitos": [], "disciplina": "Eletrot\u00e9cnica", "creditos": 4.0, "tipo": "Obrigat\u00f3ria", "pre_requisitos": [7102045, 7102046], "codigo_departamento": 71020000.0, "codigo_disciplina": 7102106, "horas": 60.0}, {"semestre": 6.0, "pos_requisitos": [], "disciplina": "Fen\u00f4menos de Transporte", "creditos": 4.0, "tipo": "Obrigat\u00f3ria", "pre_requisitos": [7102050], "codigo_departamento": 71020000.0, "codigo_disciplina": 7102065, "horas": 60.0}, {"semestre": 7.0, "pos_requisitos": [7102262], "disciplina": "Planejamento e Controle da Produ\u00e7\u00e3o II", "creditos": 4.0, "tipo": "Obrigat\u00f3ria", "pre_requisitos": [7102101], "codigo_departamento": 71020000.0, "codigo_disciplina": 7102128, "horas": 60.0}, {"semestre": 7.0, "pos_requisitos": [7102260, 7102259], "disciplina": "Pesquisa Operacional I", "creditos": 4.0, "tipo": "Obrigat\u00f3ria", "pre_requisitos": [7102021], "codigo_departamento": 71020000.0, "codigo_disciplina": 7102129, "horas": 60.0}, {"semestre": 7.0, "pos_requisitos": [], "disciplina": "Planejamento e Projeto de Produto", "creditos": 4.0, "tipo": "Obrigat\u00f3ria", "pre_requisitos": [7102081], "codigo_departamento": 71020000.0, "codigo_disciplina": 7102130, "horas": 60.0}, {"semestre": 7.0, "pos_requisitos": [7102264], "disciplina": "Gest\u00e3o da Informa\u00e7\u00e3o", "creditos": 4.0, "tipo": "Obrigat\u00f3ria", "pre_requisitos": [7102040], "codigo_departamento": 71020000.0, "codigo_disciplina": 7102131, "horas": 60.0}, {"semestre": 7.0, "pos_requisitos": [7102263], "disciplina": "Logistica e Distribuicao", "creditos": 4.0, "tipo": "Obrigat\u00f3ria", "pre_requisitos": [7102101], "codigo_departamento": 71020000.0, "codigo_disciplina": 7102132, "horas": 60.0}, {"semestre": 8.0, "pos_requisitos": [7102277, 7102281, 7102278], "disciplina": "Planejamento Estrategico", "creditos": 4.0, "tipo": "Obrigat\u00f3ria", "pre_requisitos": [7102040], "codigo_departamento": 71020000.0, "codigo_disciplina": 7102261, "horas": 60.0}, {"semestre": 8.0, "pos_requisitos": [7102279, 7102280], "disciplina": "Gest\u00e3o da Qualidade", "creditos": 4.0, "tipo": "Obrigat\u00f3ria", "pre_requisitos": [7102128], "codigo_departamento": 71020000.0, "codigo_disciplina": 7102262, "horas": 60.0}, {"semestre": 8.0, "pos_requisitos": [], "disciplina": "Custos da Produ\u00e7\u00e3o", "creditos": 4.0, "tipo": "Obrigat\u00f3ria", "pre_requisitos": [7102132], "codigo_departamento": 71020000.0, "codigo_disciplina": 7102263, "horas": 60.0}, {"semestre": 8.0, "pos_requisitos": [], "disciplina": "Gest\u00e3o, Inova\u00e7\u00e3o e Empreendedorismo", "creditos": 4.0, "tipo": "Obrigat\u00f3ria", "pre_requisitos": [7102131], "codigo_departamento": 71020000.0, "codigo_disciplina": 7102264, "horas": 60.0}, {"semestre": 8.0, "pos_requisitos": [], "disciplina": "Pesquisa Operacional II", "creditos": 4.0, "tipo": "Obrigat\u00f3ria", "pre_requisitos": [7102129], "codigo_departamento": 71020000.0, "codigo_disciplina": 7102260, "horas": 60.0}, {"semestre": 8.0, "pos_requisitos": [7102118], "disciplina": "Simulacao de Sistemas", "creditos": 4.0, "tipo": "Obrigat\u00f3ria", "pre_requisitos": [7102129], "codigo_departamento": 71020000.0, "codigo_disciplina": 7102259, "horas": 60.0}, {"semestre": 9.0, "pos_requisitos": [], "disciplina": "Automa\u00e7\u00e3o", "creditos": 4.0, "tipo": "Obrigat\u00f3ria", "pre_requisitos": [7102259], "codigo_departamento": 71020000.0, "codigo_disciplina": 7102118, "horas": 60.0}, {"semestre": 9.0, "pos_requisitos": [], "disciplina": "Estrategias de Mercados Agroindustriais", "creditos": 4.0, "tipo": "Obrigat\u00f3ria", "pre_requisitos": [7102261], "codigo_departamento": 71020000.0, "codigo_disciplina": 7102277, "horas": 60.0}, {"semestre": 9.0, "pos_requisitos": [], "disciplina": "Projeto de Fabrica e Layout", "creditos": 4.0, "tipo": "Obrigat\u00f3ria", "pre_requisitos": [7102261], "codigo_departamento": 71020000.0, "codigo_disciplina": 7102278, "horas": 60.0}, {"semestre": 9.0, "pos_requisitos": [], "disciplina": "Controle Estat\u00edstico de Qualidade", "creditos": 4.0, "tipo": "Obrigat\u00f3ria", "pre_requisitos": [7102262], "codigo_departamento": 71020000.0, "codigo_disciplina": 7102279, "horas": 60.0}, {"semestre": 9.0, "pos_requisitos": [], "disciplina": "Gest\u00e3o da Manuten\u00e7\u00e3o", "creditos": 4.0, "tipo": "Obrigat\u00f3ria", "pre_requisitos": [7102262], "codigo_departamento": 71020000.0, "codigo_disciplina": 7102280, "horas": 60.0}, {"semestre": 9.0, "pos_requisitos": [], "disciplina": "Gest\u00e3o de Projetos", "creditos": 4.0, "tipo": "Obrigat\u00f3ria", "pre_requisitos": [7102261], "codigo_departamento": 71020000.0, "codigo_disciplina": 7102281, "horas": 60.0}, {"semestre": 10.0, "pos_requisitos": [], "disciplina": "Est\u00e1gio Curricular Supervisionado", "creditos": 14.0, "tipo": "Complementar", "pre_requisitos": [], "codigo_departamento": 71020000.0, "codigo_disciplina": 7102290, "horas": 210.0}, {"semestre": 10.0, "pos_requisitos": [], "disciplina": "Atividades Complementares Flex\u00edveis", "creditos": 4.0, "tipo": "Complementar", "pre_requisitos": [], "codigo_departamento": 71020000.0, "codigo_disciplina": 7102292, "horas": 60.0}, {"semestre": 10.0, "pos_requisitos": [], "disciplina": "Trabalho de Conclus\u00e3o de Curso", "creditos": 4.0, "tipo": "Complementar", "pre_requisitos": [], "codigo_departamento": 71020000.0, "codigo_disciplina": 7102291, "horas": 60.0}]