[{"semestre": null, "pos_requisitos": [], "disciplina": "Atividades Complementares Flex\u00edveis", "creditos": null, "tipo": "Complementar", "pre_requisitos": [], "codigo_departamento": 41020000.0, "codigo_disciplina": 4102233, "horas": null}, {"semestre": null, "pos_requisitos": [], "disciplina": "Enade/Concluinte", "creditos": null, "tipo": "Complementar", "pre_requisitos": [], "codigo_departamento": 13050000.0, "codigo_disciplina": 1305253, "horas": null}, {"semestre": null, "pos_requisitos": [], "disciplina": "Enade/Ingressante", "creditos": null, "tipo": "Complementar", "pre_requisitos": [], "codigo_departamento": 13050000.0, "codigo_disciplina": 1305254, "horas": null}, {"semestre": 1.0, "pos_requisitos": [4102162, 4102169], "disciplina": "Fund para C\u00e1lculo Diferencial e Integral", "creditos": 2.0, "tipo": "Obrigat\u00f3ria", "pre_requisitos": [], "codigo_departamento": 41020000.0, "codigo_disciplina": 4102165, "horas": 30.0}, {"semestre": 1.0, "pos_requisitos": [], "disciplina": "Inform\u00e1tica", "creditos": 4.0, "tipo": "Obrigat\u00f3ria", "pre_requisitos": [], "codigo_departamento": 41020000.0, "codigo_disciplina": 4102167, "horas": 60.0}, {"semestre": 1.0, "pos_requisitos": [4102094, 4102183, 4102159, 4102166], "disciplina": "Morfologia e Anatomia Vegetal", "creditos": 6.0, "tipo": "Obrigat\u00f3ria", "pre_requisitos": [], "codigo_departamento": 41020000.0, "codigo_disciplina": 4102171, "horas": 90.0}, {"semestre": 1.0, "pos_requisitos": [], "disciplina": "Filosofia e \u00c9tica Profissional", "creditos": 2.0, "tipo": "Obrigat\u00f3ria", "pre_requisitos": [], "codigo_departamento": 41020000.0, "codigo_disciplina": 4102184, "horas": 30.0}, {"semestre": 1.0, "pos_requisitos": [4102172, 4102161], "disciplina": "Qu\u00edmica Geral", "creditos": 4.0, "tipo": "Obrigat\u00f3ria", "pre_requisitos": [], "codigo_departamento": 41020000.0, "codigo_disciplina": 4102139, "horas": 60.0}, {"semestre": 2.0, "pos_requisitos": [4102097, 4102168], "disciplina": "C\u00e1lculo Diferencial e Integral", "creditos": 4.0, "tipo": "Obrigat\u00f3ria", "pre_requisitos": [4102165], "codigo_departamento": 41020000.0, "codigo_disciplina": 4102162, "horas": 60.0}, {"semestre": 2.0, "pos_requisitos": [4102181], "disciplina": "Ecologia Geral", "creditos": 2.0, "tipo": "Obrigat\u00f3ria", "pre_requisitos": [], "codigo_departamento": 41020000.0, "codigo_disciplina": 4102163, "horas": 30.0}, {"semestre": 2.0, "pos_requisitos": [4102203], "disciplina": "Express\u00e3o Grafica", "creditos": 4.0, "tipo": "Obrigat\u00f3ria", "pre_requisitos": [], "codigo_departamento": 41020000.0, "codigo_disciplina": 4102164, "horas": 60.0}, {"semestre": 2.0, "pos_requisitos": [4102173, 4102080, 4102190, 4102105], "disciplina": "Mec\u00e2nica", "creditos": 4.0, "tipo": "Obrigat\u00f3ria", "pre_requisitos": [4102165], "codigo_departamento": 41020000.0, "codigo_disciplina": 4102169, "horas": 60.0}, {"semestre": 2.0, "pos_requisitos": [4102193], "disciplina": "Microbiologia Geral", "creditos": 3.0, "tipo": "Obrigat\u00f3ria", "pre_requisitos": [], "codigo_departamento": 41020000.0, "codigo_disciplina": 4102170, "horas": 45.0}, {"semestre": 2.0, "pos_requisitos": [], "disciplina": "Qu\u00edmica Anal\u00edtica", "creditos": 3.0, "tipo": "Obrigat\u00f3ria", "pre_requisitos": [4102139], "codigo_departamento": 41020000.0, "codigo_disciplina": 4102172, "horas": 45.0}, {"semestre": 2.0, "pos_requisitos": [4102179], "disciplina": "Bot\u00e2nica Sistem\u00e1tica", "creditos": 4.0, "tipo": "Obrigat\u00f3ria", "pre_requisitos": [4102171], "codigo_departamento": 41020000.0, "codigo_disciplina": 4102094, "horas": 60.0}, {"semestre": 3.0, "pos_requisitos": [4102202], "disciplina": "M\u00e9todologia Cient\u00edfica e Tecnol\u00f3gica", "creditos": 2.0, "tipo": "Obrigat\u00f3ria", "pre_requisitos": [], "codigo_departamento": 41020000.0, "codigo_disciplina": 4102160, "horas": 30.0}, {"semestre": 3.0, "pos_requisitos": [4102159], "disciplina": "Bioqu\u00edmica Vegetal", "creditos": 4.0, "tipo": "Obrigat\u00f3ria", "pre_requisitos": [4102139], "codigo_departamento": 41020000.0, "codigo_disciplina": 4102161, "horas": 60.0}, {"semestre": 3.0, "pos_requisitos": [4102186], "disciplina": "Termodinamica", "creditos": 2.0, "tipo": "Obrigat\u00f3ria", "pre_requisitos": [4102169], "codigo_departamento": 41020000.0, "codigo_disciplina": 4102173, "horas": 30.0}, {"semestre": 3.0, "pos_requisitos": [4102182], "disciplina": "Zoologia Geral", "creditos": 4.0, "tipo": "Obrigat\u00f3ria", "pre_requisitos": [], "codigo_departamento": 41020000.0, "codigo_disciplina": 4102174, "horas": 60.0}, {"semestre": 3.0, "pos_requisitos": [4102183], "disciplina": "Dendrologia", "creditos": 4.0, "tipo": "Obrigat\u00f3ria", "pre_requisitos": [4102094], "codigo_departamento": 41020000.0, "codigo_disciplina": 4102179, "horas": 60.0}, {"semestre": 3.0, "pos_requisitos": [4102235, 4102175], "disciplina": "Topografia", "creditos": 4.0, "tipo": "Obrigat\u00f3ria", "pre_requisitos": [4102164], "codigo_departamento": 41020000.0, "codigo_disciplina": 4102203, "horas": 60.0}, {"semestre": 3.0, "pos_requisitos": [4102205], "disciplina": "Est\u00e1gio Supervisionado I", "creditos": 4.0, "tipo": "Complementar", "pre_requisitos": [], "codigo_departamento": 41020000.0, "codigo_disciplina": 4102204, "horas": 60.0}, {"semestre": 3.0, "pos_requisitos": [4102127, 4102166, 4102067], "disciplina": "Estatistica Basica", "creditos": 4.0, "tipo": "Obrigat\u00f3ria", "pre_requisitos": [4102162], "codigo_departamento": 41020000.0, "codigo_disciplina": 4102097, "horas": 60.0}, {"semestre": 3.0, "pos_requisitos": [4102042], "disciplina": "Dendrometria", "creditos": 4.0, "tipo": "Obrigat\u00f3ria", "pre_requisitos": [4102097], "codigo_departamento": 41020000.0, "codigo_disciplina": 4102127, "horas": 60.0}, {"semestre": 4.0, "pos_requisitos": [4102176, 4102192], "disciplina": "Fisiologia Vegetal", "creditos": 4.0, "tipo": "Obrigat\u00f3ria", "pre_requisitos": [4102161, 4102171], "codigo_departamento": 41020000.0, "codigo_disciplina": 4102159, "horas": 60.0}, {"semestre": 4.0, "pos_requisitos": [4102058], "disciplina": "Gen\u00e9tica Basica", "creditos": 4.0, "tipo": "Obrigat\u00f3ria", "pre_requisitos": [4102097, 4102171], "codigo_departamento": 41020000.0, "codigo_disciplina": 4102166, "horas": 60.0}, {"semestre": 4.0, "pos_requisitos": [4102195], "disciplina": "Estrutura Anat\u00f4mica e Qu\u00edmica da Madeira", "creditos": 4.0, "tipo": "Obrigat\u00f3ria", "pre_requisitos": [4102179, 4102171], "codigo_departamento": 41020000.0, "codigo_disciplina": 4102183, "horas": 60.0}, {"semestre": 4.0, "pos_requisitos": [4102191, 4102189], "disciplina": "Hidrologia Basica", "creditos": 2.0, "tipo": "Obrigat\u00f3ria", "pre_requisitos": [4102173], "codigo_departamento": 41020000.0, "codigo_disciplina": 4102186, "horas": 30.0}, {"semestre": 4.0, "pos_requisitos": [4102197, 4102190], "disciplina": "Pedologia e F\u00edsica dos Solos", "creditos": 4.0, "tipo": "Obrigat\u00f3ria", "pre_requisitos": [], "codigo_departamento": 41020000.0, "codigo_disciplina": 4102194, "horas": 60.0}, {"semestre": 4.0, "pos_requisitos": [4102200], "disciplina": "Fotogrametria e Fotointerpreta\u00e7\u00e3o", "creditos": 4.0, "tipo": "Obrigat\u00f3ria", "pre_requisitos": [4102203], "codigo_departamento": 41020000.0, "codigo_disciplina": 4102235, "horas": 60.0}, {"semestre": 5.0, "pos_requisitos": [], "disciplina": "Pol\u00edtica e Legislacao Florestal", "creditos": 2.0, "tipo": "Obrigat\u00f3ria", "pre_requisitos": [], "codigo_departamento": 41020000.0, "codigo_disciplina": 4102061, "horas": 30.0}, {"semestre": 5.0, "pos_requisitos": [4102125], "disciplina": "Biologia e Prod de Sementes Florestais", "creditos": 4.0, "tipo": "Obrigat\u00f3ria", "pre_requisitos": [4102159], "codigo_departamento": 41020000.0, "codigo_disciplina": 4102176, "horas": 60.0}, {"semestre": 5.0, "pos_requisitos": [4102189, 4102188], "disciplina": "Ecossistemas Florestais", "creditos": 2.0, "tipo": "Obrigat\u00f3ria", "pre_requisitos": [4102163], "codigo_departamento": 41020000.0, "codigo_disciplina": 4102181, "horas": 30.0}, {"semestre": 5.0, "pos_requisitos": [], "disciplina": "Entomologia Florestal", "creditos": 3.0, "tipo": "Obrigat\u00f3ria", "pre_requisitos": [4102174], "codigo_departamento": 41020000.0, "codigo_disciplina": 4102182, "horas": 45.0}, {"semestre": 5.0, "pos_requisitos": [4102196], "disciplina": "Meteorologia e Climatologia Florestal", "creditos": 3.0, "tipo": "Obrigat\u00f3ria", "pre_requisitos": [4102186], "codigo_departamento": 41020000.0, "codigo_disciplina": 4102191, "horas": 45.0}, {"semestre": 5.0, "pos_requisitos": [], "disciplina": "Patologia Florestal", "creditos": 4.0, "tipo": "Obrigat\u00f3ria", "pre_requisitos": [4102170], "codigo_departamento": 41020000.0, "codigo_disciplina": 4102193, "horas": 60.0}, {"semestre": 5.0, "pos_requisitos": [4102192, 4102234], "disciplina": "Qu\u00edmica e Fertiliza\u00e7\u00e3o dos Solos", "creditos": 4.0, "tipo": "Obrigat\u00f3ria", "pre_requisitos": [4102194], "codigo_departamento": 41020000.0, "codigo_disciplina": 4102197, "horas": 60.0}, {"semestre": 5.0, "pos_requisitos": [4102177], "disciplina": "Sociologia Rural", "creditos": 2.0, "tipo": "Obrigat\u00f3ria", "pre_requisitos": [], "codigo_departamento": 41020000.0, "codigo_disciplina": 4102201, "horas": 30.0}, {"semestre": 5.0, "pos_requisitos": [4102058], "disciplina": "Experimentacao Florestal", "creditos": 4.0, "tipo": "Obrigat\u00f3ria", "pre_requisitos": [4102097], "codigo_departamento": 41020000.0, "codigo_disciplina": 4102067, "horas": 60.0}, {"semestre": 6.0, "pos_requisitos": [4102180], "disciplina": "Introdu\u00e7\u00e3o \u00e0 Economia", "creditos": 2.0, "tipo": "Obrigat\u00f3ria", "pre_requisitos": [4102162], "codigo_departamento": 41020000.0, "codigo_disciplina": 4102168, "horas": 30.0}, {"semestre": 6.0, "pos_requisitos": [], "disciplina": "Comunica\u00e7\u00e3o e Extens\u00e3o Rural", "creditos": 2.0, "tipo": "Obrigat\u00f3ria", "pre_requisitos": [4102201], "codigo_departamento": 41020000.0, "codigo_disciplina": 4102177, "horas": 30.0}, {"semestre": 6.0, "pos_requisitos": [4102123, 4102187], "disciplina": "Mecanizacao Florestal", "creditos": 2.0, "tipo": "Obrigat\u00f3ria", "pre_requisitos": [4102169, 4102194], "codigo_departamento": 41020000.0, "codigo_disciplina": 4102190, "horas": 30.0}, {"semestre": 6.0, "pos_requisitos": [], "disciplina": "Nutri\u00e7\u00e3o de Ess\u00eancias Florestais", "creditos": 4.0, "tipo": "Obrigat\u00f3ria", "pre_requisitos": [4102159, 4102197], "codigo_departamento": 41020000.0, "codigo_disciplina": 4102192, "horas": 60.0}, {"semestre": 6.0, "pos_requisitos": [4102052, 4102050, 4102105], "disciplina": "Prop. F\u00edsicas e Mec\u00e2nicas da Madeira", "creditos": 4.0, "tipo": "Obrigat\u00f3ria", "pre_requisitos": [4102183], "codigo_departamento": 41020000.0, "codigo_disciplina": 4102195, "horas": 60.0}, {"semestre": 6.0, "pos_requisitos": [], "disciplina": "Hidraulica", "creditos": 4.0, "tipo": "Obrigat\u00f3ria", "pre_requisitos": [4102169], "codigo_departamento": 41020000.0, "codigo_disciplina": 4102080, "horas": 60.0}, {"semestre": 6.0, "pos_requisitos": [4102130], "disciplina": "Inventario Florestal", "creditos": 4.0, "tipo": "Obrigat\u00f3ria", "pre_requisitos": [4102127], "codigo_departamento": 41020000.0, "codigo_disciplina": 4102042, "horas": 60.0}, {"semestre": 6.0, "pos_requisitos": [4102187], "disciplina": "Viveiros Florestais", "creditos": 3.0, "tipo": "Obrigat\u00f3ria", "pre_requisitos": [4102176], "codigo_departamento": 41020000.0, "codigo_disciplina": 4102125, "horas": 45.0}, {"semestre": 7.0, "pos_requisitos": [], "disciplina": "Produtos Energeticos Madeira", "creditos": 3.0, "tipo": "Obrigat\u00f3ria", "pre_requisitos": [4102195], "codigo_departamento": 41020000.0, "codigo_disciplina": 4102052, "horas": 45.0}, {"semestre": 7.0, "pos_requisitos": [4102175, 4102185], "disciplina": "Economia e Administra\u00e7\u00e3o Florestal", "creditos": 6.0, "tipo": "Obrigat\u00f3ria", "pre_requisitos": [4102168], "codigo_departamento": 41020000.0, "codigo_disciplina": 4102180, "horas": 90.0}, {"semestre": 7.0, "pos_requisitos": [4102199], "disciplina": "Implantacao e Manut de Povoam Florestais", "creditos": 3.0, "tipo": "Obrigat\u00f3ria", "pre_requisitos": [4102190, 4102125], "codigo_departamento": 41020000.0, "codigo_disciplina": 4102187, "horas": 45.0}, {"semestre": 7.0, "pos_requisitos": [], "disciplina": "Manejo de Bacias Hidrograficas", "creditos": 2.0, "tipo": "Obrigat\u00f3ria", "pre_requisitos": [4102181, 4102186], "codigo_departamento": 41020000.0, "codigo_disciplina": 4102189, "horas": 30.0}, {"semestre": 7.0, "pos_requisitos": [], "disciplina": "Tecnol e Indus de Prod Florestais", "creditos": 4.0, "tipo": "Obrigat\u00f3ria", "pre_requisitos": [4102195], "codigo_departamento": 41020000.0, "codigo_disciplina": 4102050, "horas": 60.0}, {"semestre": 7.0, "pos_requisitos": [], "disciplina": "Colheita e Transporte Florestal", "creditos": 4.0, "tipo": "Obrigat\u00f3ria", "pre_requisitos": [4102190], "codigo_departamento": 41020000.0, "codigo_disciplina": 4102123, "horas": 60.0}, {"semestre": 7.0, "pos_requisitos": [], "disciplina": "Melhoramento Florestal", "creditos": 4.0, "tipo": "Obrigat\u00f3ria", "pre_requisitos": [4102166, 4102067], "codigo_departamento": 41020000.0, "codigo_disciplina": 4102058, "horas": 60.0}, {"semestre": 8.0, "pos_requisitos": [4102178], "disciplina": "Estruturas de Madeira", "creditos": 4.0, "tipo": "Obrigat\u00f3ria", "pre_requisitos": [4102169, 4102195], "codigo_departamento": 41020000.0, "codigo_disciplina": 4102105, "horas": 60.0}, {"semestre": 8.0, "pos_requisitos": [], "disciplina": "Manejo de Areas Silvestres", "creditos": 2.0, "tipo": "Obrigat\u00f3ria", "pre_requisitos": [4102181], "codigo_departamento": 41020000.0, "codigo_disciplina": 4102188, "horas": 30.0}, {"semestre": 8.0, "pos_requisitos": [], "disciplina": "Sistemas Agroflorestais", "creditos": 4.0, "tipo": "Obrigat\u00f3ria", "pre_requisitos": [4102187], "codigo_departamento": 41020000.0, "codigo_disciplina": 4102199, "horas": 60.0}, {"semestre": 8.0, "pos_requisitos": [], "disciplina": "Sist de Inform Geog Aplic a C Florestal", "creditos": 4.0, "tipo": "Obrigat\u00f3ria", "pre_requisitos": [4102235], "codigo_departamento": 41020000.0, "codigo_disciplina": 4102200, "horas": 60.0}, {"semestre": 8.0, "pos_requisitos": [4102198], "disciplina": "Manejo e Conservacao dos Solos", "creditos": 4.0, "tipo": "Obrigat\u00f3ria", "pre_requisitos": [4102197], "codigo_departamento": 41020000.0, "codigo_disciplina": 4102234, "horas": 60.0}, {"semestre": 8.0, "pos_requisitos": [], "disciplina": "Manejo Florestal", "creditos": 4.0, "tipo": "Obrigat\u00f3ria", "pre_requisitos": [4102042], "codigo_departamento": 41020000.0, "codigo_disciplina": 4102130, "horas": 60.0}, {"semestre": 9.0, "pos_requisitos": [], "disciplina": "Avalia\u00e7\u00e3o e Per\u00edcias Rurais", "creditos": 4.0, "tipo": "Obrigat\u00f3ria", "pre_requisitos": [4102203, 4102180], "codigo_departamento": 41020000.0, "codigo_disciplina": 4102175, "horas": 60.0}, {"semestre": 9.0, "pos_requisitos": [], "disciplina": "Construcoes Rurais", "creditos": 2.0, "tipo": "Obrigat\u00f3ria", "pre_requisitos": [4102105], "codigo_departamento": 41020000.0, "codigo_disciplina": 4102178, "horas": 30.0}, {"semestre": 9.0, "pos_requisitos": [], "disciplina": "Gest\u00e3o Empresarial e Marketing", "creditos": 2.0, "tipo": "Obrigat\u00f3ria", "pre_requisitos": [4102180], "codigo_departamento": 41020000.0, "codigo_disciplina": 4102185, "horas": 30.0}, {"semestre": 9.0, "pos_requisitos": [], "disciplina": "Protecao Contra Incendios Florestais", "creditos": 4.0, "tipo": "Obrigat\u00f3ria", "pre_requisitos": [4102191], "codigo_departamento": 41020000.0, "codigo_disciplina": 4102196, "horas": 60.0}, {"semestre": 9.0, "pos_requisitos": [], "disciplina": "Recuperacao de Areas Degradadas", "creditos": 4.0, "tipo": "Obrigat\u00f3ria", "pre_requisitos": [4102234], "codigo_departamento": 41020000.0, "codigo_disciplina": 4102198, "horas": 60.0}, {"semestre": 10.0, "pos_requisitos": [], "disciplina": "Trabalho de Conclus\u00e3o de Curso", "creditos": 3.0, "tipo": "Obrigat\u00f3ria", "pre_requisitos": [4102160], "codigo_departamento": 41020000.0, "codigo_disciplina": 4102202, "horas": 45.0}, {"semestre": 10.0, "pos_requisitos": [], "disciplina": "Est\u00e1gio Supervisionado II", "creditos": 8.0, "tipo": "Complementar", "pre_requisitos": [4102204], "codigo_departamento": 41020000.0, "codigo_disciplina": 4102205, "horas": 120.0}]