[{"semestre": null, "pos_requisitos": [], "disciplina": "Atividades Complementares Flex\u00edveis", "creditos": 4.0, "tipo": "Complementar", "pre_requisitos": [], "codigo_departamento": 11130000.0, "codigo_disciplina": 1113027, "horas": 60.0}, {"semestre": 1.0, "pos_requisitos": [1109131, 1108031, 1411075], "disciplina": "C\u00e1lculo Diferencial e Integral I", "creditos": 4.0, "tipo": "Obrigat\u00f3ria", "pre_requisitos": [], "codigo_departamento": 11090000.0, "codigo_disciplina": 1109126, "horas": 60.0}, {"semestre": 1.0, "pos_requisitos": [1106058], "disciplina": "Qu\u00edmica Geral", "creditos": 4.0, "tipo": "Obrigat\u00f3ria", "pre_requisitos": [], "codigo_departamento": 11070000.0, "codigo_disciplina": 1107232, "horas": 60.0}, {"semestre": 1.0, "pos_requisitos": [], "disciplina": "L\u00edngua Portuguesa", "creditos": 4.0, "tipo": "Obrigat\u00f3ria", "pre_requisitos": [], "codigo_departamento": 13070000.0, "codigo_disciplina": 1307169, "horas": 60.0}, {"semestre": 1.0, "pos_requisitos": [1109049, 1108031], "disciplina": "\u00c1lgebra Vetorial e Geometria Anal\u00edtica", "creditos": 4.0, "tipo": "Obrigat\u00f3ria", "pre_requisitos": [], "codigo_departamento": 11090000.0, "codigo_disciplina": 1109035, "horas": 60.0}, {"semestre": 1.0, "pos_requisitos": [1301103], "disciplina": "Introdu\u00e7\u00e3o a Engenharia de Produ\u00e7\u00e3o", "creditos": 4.0, "tipo": "Obrigat\u00f3ria", "pre_requisitos": [], "codigo_departamento": 11130000.0, "codigo_disciplina": 1113018, "horas": 60.0}, {"semestre": 1.0, "pos_requisitos": [], "disciplina": "Qu\u00edmica Experimental", "creditos": 4.0, "tipo": "Obrigat\u00f3ria", "pre_requisitos": [], "codigo_departamento": 11070000.0, "codigo_disciplina": 1107177, "horas": 60.0}, {"semestre": 1.0, "pos_requisitos": [1411075], "disciplina": "Introdu\u00e7\u00e3o \u00e0 Ci\u00eancia da Computa\u00e7\u00e3o", "creditos": 4.0, "tipo": "Obrigat\u00f3ria", "pre_requisitos": [], "codigo_departamento": 14110000.0, "codigo_disciplina": 1411001, "horas": 60.0}, {"semestre": 2.0, "pos_requisitos": [], "disciplina": "Introdu\u00e7\u00e3o \u00e0 Ci\u00eancia dos Materiais", "creditos": 4.0, "tipo": "Obrigat\u00f3ria", "pre_requisitos": [1107232], "codigo_departamento": 11060000.0, "codigo_disciplina": 1106058, "horas": 60.0}, {"semestre": 2.0, "pos_requisitos": [1109128, 1114129, 1108100, 1108098], "disciplina": "C\u00e1lculo Diferencial e Integral II", "creditos": 4.0, "tipo": "Obrigat\u00f3ria", "pre_requisitos": [1109126], "codigo_departamento": 11090000.0, "codigo_disciplina": 1109131, "horas": 60.0}, {"semestre": 2.0, "pos_requisitos": [1113037], "disciplina": "M\u00e9todologia Cient\u00edfica", "creditos": 4.0, "tipo": "Obrigat\u00f3ria", "pre_requisitos": [], "codigo_departamento": 13050000.0, "codigo_disciplina": 1305218, "horas": 60.0}, {"semestre": 2.0, "pos_requisitos": [1114127], "disciplina": "\u00c1lgebra Linear I", "creditos": 4.0, "tipo": "Obrigat\u00f3ria", "pre_requisitos": [1109035], "codigo_departamento": 11090000.0, "codigo_disciplina": 1109049, "horas": 60.0}, {"semestre": 2.0, "pos_requisitos": [1113023], "disciplina": "Express\u00e3o Grafica", "creditos": 4.0, "tipo": "Obrigat\u00f3ria", "pre_requisitos": [], "codigo_departamento": 11130000.0, "codigo_disciplina": 1113019, "horas": 60.0}, {"semestre": 2.0, "pos_requisitos": [1108023, 1108031, 1108098], "disciplina": "F\u00edsica Geral I", "creditos": 4.0, "tipo": "Obrigat\u00f3ria", "pre_requisitos": [], "codigo_departamento": 11080000.0, "codigo_disciplina": 1108030, "horas": 60.0}, {"semestre": 2.0, "pos_requisitos": [1303089, 1113024], "disciplina": "Fundamentos da Administra\u00e7\u00e3o", "creditos": 4.0, "tipo": "Obrigat\u00f3ria", "pre_requisitos": [1113018], "codigo_departamento": 13010000.0, "codigo_disciplina": 1301103, "horas": 60.0}, {"semestre": 3.0, "pos_requisitos": [1105358], "disciplina": "C\u00e1lculo Diferencial e Integral III", "creditos": 4.0, "tipo": "Obrigat\u00f3ria", "pre_requisitos": [1109131], "codigo_departamento": 11090000.0, "codigo_disciplina": 1109128, "horas": 60.0}, {"semestre": 3.0, "pos_requisitos": [], "disciplina": "Pesquisa Operacional", "creditos": 4.0, "tipo": "Obrigat\u00f3ria", "pre_requisitos": [1109049], "codigo_departamento": 11140000.0, "codigo_disciplina": 1114127, "horas": 60.0}, {"semestre": 3.0, "pos_requisitos": [1114130, 1113030], "disciplina": "Introdu\u00e7\u00e3o a Probabilidade", "creditos": 4.0, "tipo": "Obrigat\u00f3ria", "pre_requisitos": [1109131], "codigo_departamento": 11140000.0, "codigo_disciplina": 1114129, "horas": 60.0}, {"semestre": 3.0, "pos_requisitos": [1303090], "disciplina": "Fundamentos de Economia", "creditos": 4.0, "tipo": "Obrigat\u00f3ria", "pre_requisitos": [1301103], "codigo_departamento": 13030000.0, "codigo_disciplina": 1303089, "horas": 60.0}, {"semestre": 3.0, "pos_requisitos": [], "disciplina": "F\u00edsica Experimental I", "creditos": 4.0, "tipo": "Obrigat\u00f3ria", "pre_requisitos": [1108030], "codigo_departamento": 11080000.0, "codigo_disciplina": 1108023, "horas": 60.0}, {"semestre": 3.0, "pos_requisitos": [1113047, 1113035], "disciplina": "Desenho T\u00e9cnico e Arquitet\u00f4nico", "creditos": 4.0, "tipo": "Obrigat\u00f3ria", "pre_requisitos": [1113019], "codigo_departamento": 11130000.0, "codigo_disciplina": 1113023, "horas": 60.0}, {"semestre": 3.0, "pos_requisitos": [1108100, 1105358], "disciplina": "F\u00edsica Geral II", "creditos": 4.0, "tipo": "Obrigat\u00f3ria", "pre_requisitos": [1109126, 1108030, 1109035], "codigo_departamento": 11080000.0, "codigo_disciplina": 1108031, "horas": 60.0}, {"semestre": 4.0, "pos_requisitos": [], "disciplina": "Mec\u00e2nica Geral I", "creditos": 4.0, "tipo": "Obrigat\u00f3ria", "pre_requisitos": [1108030, 1109131], "codigo_departamento": 11080000.0, "codigo_disciplina": 1108098, "horas": 60.0}, {"semestre": 4.0, "pos_requisitos": [], "disciplina": "C\u00e1lculo Numerico", "creditos": 4.0, "tipo": "Obrigat\u00f3ria", "pre_requisitos": [1109126, 1411001], "codigo_departamento": 14110000.0, "codigo_disciplina": 1411075, "horas": 60.0}, {"semestre": 4.0, "pos_requisitos": [1404026], "disciplina": "F\u00edsica Geral III", "creditos": 4.0, "tipo": "Obrigat\u00f3ria", "pre_requisitos": [1108031, 1109131], "codigo_departamento": 11080000.0, "codigo_disciplina": 1108100, "horas": 60.0}, {"semestre": 4.0, "pos_requisitos": [1301105, 1301104], "disciplina": "Economia da Produ\u00e7\u00e3o", "creditos": 4.0, "tipo": "Obrigat\u00f3ria", "pre_requisitos": [1303089], "codigo_departamento": 13030000.0, "codigo_disciplina": 1303090, "horas": 60.0}, {"semestre": 4.0, "pos_requisitos": [1305259, 1105338, 1113034, 1301107], "disciplina": "Sistema de Produ\u00e7\u00e3o", "creditos": 4.0, "tipo": "Obrigat\u00f3ria", "pre_requisitos": [1301103], "codigo_departamento": 11130000.0, "codigo_disciplina": 1113024, "horas": 60.0}, {"semestre": 4.0, "pos_requisitos": [], "disciplina": "Introdu\u00e7\u00e3o a Fen\u00f4menos de Tranportes", "creditos": 4.0, "tipo": "Obrigat\u00f3ria", "pre_requisitos": [1109128, 1108031], "codigo_departamento": 11050000.0, "codigo_disciplina": 1105358, "horas": 60.0}, {"semestre": 5.0, "pos_requisitos": [1107237], "disciplina": "Introdu\u00e7\u00e3o a Estatistica", "creditos": 4.0, "tipo": "Obrigat\u00f3ria", "pre_requisitos": [1114129], "codigo_departamento": 11140000.0, "codigo_disciplina": 1114130, "horas": 60.0}, {"semestre": 5.0, "pos_requisitos": [], "disciplina": "Gest\u00e3o da Informa\u00e7\u00e3o", "creditos": 4.0, "tipo": "Obrigat\u00f3ria", "pre_requisitos": [1303090], "codigo_departamento": 13010000.0, "codigo_disciplina": 1301105, "horas": 60.0}, {"semestre": 5.0, "pos_requisitos": [1107236], "disciplina": "Ci\u00eancias do Ambiente", "creditos": 4.0, "tipo": "Obrigat\u00f3ria", "pre_requisitos": [], "codigo_departamento": 15030000.0, "codigo_disciplina": 1503070, "horas": 60.0}, {"semestre": 5.0, "pos_requisitos": [1113025, 1113026], "disciplina": "Organizacao do Trabalho", "creditos": 4.0, "tipo": "Obrigat\u00f3ria", "pre_requisitos": [1113024], "codigo_departamento": 13050000.0, "codigo_disciplina": 1305259, "horas": 60.0}, {"semestre": 5.0, "pos_requisitos": [1411201], "disciplina": "Gest\u00e3o da Inova\u00e7\u00e3o Tecnol\u00f3gica", "creditos": 4.0, "tipo": "Obrigat\u00f3ria", "pre_requisitos": [1303090], "codigo_departamento": 13010000.0, "codigo_disciplina": 1301104, "horas": 60.0}, {"semestre": 5.0, "pos_requisitos": [], "disciplina": "Eletrot\u00e9cnica Geral", "creditos": 4.0, "tipo": "Obrigat\u00f3ria", "pre_requisitos": [1108100], "codigo_departamento": 14040000.0, "codigo_disciplina": 1404026, "horas": 60.0}, {"semestre": 6.0, "pos_requisitos": [1301106, 1301018], "disciplina": "Empreendedorismo", "creditos": 4.0, "tipo": "Obrigat\u00f3ria", "pre_requisitos": [1301104], "codigo_departamento": 14110000.0, "codigo_disciplina": 1411201, "horas": 60.0}, {"semestre": 6.0, "pos_requisitos": [], "disciplina": "Gest\u00e3o Ambiental", "creditos": 4.0, "tipo": "Obrigat\u00f3ria", "pre_requisitos": [1503070], "codigo_departamento": 11070000.0, "codigo_disciplina": 1107236, "horas": 60.0}, {"semestre": 6.0, "pos_requisitos": [], "disciplina": "Controle Estat\u00edstico de Qualidade", "creditos": 4.0, "tipo": "Obrigat\u00f3ria", "pre_requisitos": [1114129], "codigo_departamento": 11130000.0, "codigo_disciplina": 1113030, "horas": 60.0}, {"semestre": 6.0, "pos_requisitos": [1113047], "disciplina": "Ergonomia I", "creditos": 4.0, "tipo": "Obrigat\u00f3ria", "pre_requisitos": [1305259], "codigo_departamento": 11130000.0, "codigo_disciplina": 1113025, "horas": 60.0}, {"semestre": 6.0, "pos_requisitos": [1113035], "disciplina": "Higiene e Seguran\u00e7a do Trabalho I", "creditos": 4.0, "tipo": "Obrigat\u00f3ria", "pre_requisitos": [1305259], "codigo_departamento": 11130000.0, "codigo_disciplina": 1113026, "horas": 60.0}, {"semestre": 6.0, "pos_requisitos": [1113028, 1113035], "disciplina": "Engenharia de M\u00e9todos", "creditos": 4.0, "tipo": "Obrigat\u00f3ria", "pre_requisitos": [1113024], "codigo_departamento": 11050000.0, "codigo_disciplina": 1105338, "horas": 60.0}, {"semestre": 6.0, "pos_requisitos": [], "disciplina": "Planej de Exp Aplic a Eng de Produ\u00e7\u00e3o", "creditos": 4.0, "tipo": "Obrigat\u00f3ria", "pre_requisitos": [1114130], "codigo_departamento": 11070000.0, "codigo_disciplina": 1107237, "horas": 60.0}, {"semestre": 7.0, "pos_requisitos": [1301108], "disciplina": "Engenharia Economica", "creditos": 4.0, "tipo": "Obrigat\u00f3ria", "pre_requisitos": [1411201], "codigo_departamento": 13010000.0, "codigo_disciplina": 1301018, "horas": 60.0}, {"semestre": 7.0, "pos_requisitos": [], "disciplina": "Inst do Direito P/ Eng de Produ\u00e7\u00e3o", "creditos": 4.0, "tipo": "Obrigat\u00f3ria", "pre_requisitos": [], "codigo_departamento": 13050000.0, "codigo_disciplina": 1305260, "horas": 60.0}, {"semestre": 7.0, "pos_requisitos": [], "disciplina": "Psicologia das Organizacoes", "creditos": 4.0, "tipo": "Obrigat\u00f3ria", "pre_requisitos": [], "codigo_departamento": 13010000.0, "codigo_disciplina": 1301062, "horas": 60.0}, {"semestre": 7.0, "pos_requisitos": [], "disciplina": "Planejamento e Projeto do Produto", "creditos": 4.0, "tipo": "Obrigat\u00f3ria", "pre_requisitos": [1113025, 1113023], "codigo_departamento": 11130000.0, "codigo_disciplina": 1113047, "horas": 60.0}, {"semestre": 7.0, "pos_requisitos": [1105359], "disciplina": "Administra\u00e7\u00e3o Estrat\u00e9gica", "creditos": 4.0, "tipo": "Obrigat\u00f3ria", "pre_requisitos": [1411201], "codigo_departamento": 13010000.0, "codigo_disciplina": 1301106, "horas": 60.0}, {"semestre": 8.0, "pos_requisitos": [], "disciplina": "Planejamento e Controle da Produ\u00e7\u00e3o", "creditos": 4.0, "tipo": "Obrigat\u00f3ria", "pre_requisitos": [1105338], "codigo_departamento": 11130000.0, "codigo_disciplina": 1113028, "horas": 60.0}, {"semestre": 8.0, "pos_requisitos": [], "disciplina": "Gest\u00e3o da Qualidade", "creditos": 4.0, "tipo": "Obrigat\u00f3ria", "pre_requisitos": [1113024], "codigo_departamento": 11130000.0, "codigo_disciplina": 1113034, "horas": 60.0}, {"semestre": 8.0, "pos_requisitos": [], "disciplina": "Gest\u00e3o da Manuten\u00e7\u00e3o", "creditos": 4.0, "tipo": "Obrigat\u00f3ria", "pre_requisitos": [1301106], "codigo_departamento": 11050000.0, "codigo_disciplina": 1105359, "horas": 60.0}, {"semestre": 8.0, "pos_requisitos": [], "disciplina": "Logistica", "creditos": 4.0, "tipo": "Obrigat\u00f3ria", "pre_requisitos": [1113024], "codigo_departamento": 13010000.0, "codigo_disciplina": 1301107, "horas": 60.0}, {"semestre": 8.0, "pos_requisitos": [], "disciplina": "Custos da Produ\u00e7\u00e3o", "creditos": 4.0, "tipo": "Obrigat\u00f3ria", "pre_requisitos": [1301018], "codigo_departamento": 13010000.0, "codigo_disciplina": 1301108, "horas": 60.0}, {"semestre": 9.0, "pos_requisitos": [], "disciplina": "Projeto de Fabrica e Layout", "creditos": 4.0, "tipo": "Obrigat\u00f3ria", "pre_requisitos": [1113023, 1105338, 1113026], "codigo_departamento": 11130000.0, "codigo_disciplina": 1113035, "horas": 60.0}, {"semestre": 9.0, "pos_requisitos": [], "disciplina": "Trabalho de Conclus\u00e3o de Curso - Tcc/Ep", "creditos": 4.0, "tipo": "Complementar", "pre_requisitos": [1305218], "codigo_departamento": 11130000.0, "codigo_disciplina": 1113037, "horas": 60.0}, {"semestre": 10.0, "pos_requisitos": [], "disciplina": "Est\u00e1gio Supervisionado", "creditos": 16.0, "tipo": "Complementar", "pre_requisitos": [], "codigo_departamento": 11130000.0, "codigo_disciplina": 1113038, "horas": 240.0}]