[{"semestre": 1.0, "pos_requisitos": [1109131, 1114183], "disciplina": "C\u00e1lculo Diferencial e Integral I", "creditos": 4.0, "tipo": "Obrigat\u00f3ria", "pre_requisitos": [], "codigo_departamento": 11090000.0, "codigo_disciplina": 1109126, "horas": 60.0}, {"semestre": 1.0, "pos_requisitos": [], "disciplina": "Ingl\u00eas", "creditos": 4.0, "tipo": "Obrigat\u00f3ria", "pre_requisitos": [], "codigo_departamento": 13070000.0, "codigo_disciplina": 1307150, "horas": 60.0}, {"semestre": 1.0, "pos_requisitos": [1109049, 1109128], "disciplina": "\u00c1lgebra Vetorial e Geometria Anal\u00edtica", "creditos": 4.0, "tipo": "Obrigat\u00f3ria", "pre_requisitos": [], "codigo_departamento": 11090000.0, "codigo_disciplina": 1109035, "horas": 60.0}, {"semestre": 1.0, "pos_requisitos": [1114183], "disciplina": "Matem\u00e1tica Finita", "creditos": 4.0, "tipo": "Obrigat\u00f3ria", "pre_requisitos": [], "codigo_departamento": 11140000.0, "codigo_disciplina": 1114179, "horas": 60.0}, {"semestre": 1.0, "pos_requisitos": [1114184], "disciplina": "Iniciacao a Estatistica", "creditos": 4.0, "tipo": "Obrigat\u00f3ria", "pre_requisitos": [], "codigo_departamento": 11140000.0, "codigo_disciplina": 1114180, "horas": 60.0}, {"semestre": 1.0, "pos_requisitos": [1411278], "disciplina": "Introdu\u00e7\u00e3o \u00e0 Ci\u00eancia da Computa\u00e7\u00e3o", "creditos": 4.0, "tipo": "Obrigat\u00f3ria", "pre_requisitos": [], "codigo_departamento": 14110000.0, "codigo_disciplina": 1411001, "horas": 60.0}, {"semestre": 2.0, "pos_requisitos": [1109128, 1109010], "disciplina": "C\u00e1lculo Diferencial e Integral II", "creditos": 4.0, "tipo": "Obrigat\u00f3ria", "pre_requisitos": [1109126], "codigo_departamento": 11090000.0, "codigo_disciplina": 1109131, "horas": 60.0}, {"semestre": 2.0, "pos_requisitos": [], "disciplina": "Leitura e Prod de Textos Academicos I", "creditos": 4.0, "tipo": "Obrigat\u00f3ria", "pre_requisitos": [], "codigo_departamento": 13070000.0, "codigo_disciplina": 1307175, "horas": 60.0}, {"semestre": 2.0, "pos_requisitos": [1109010, 1114127, 1114186, 1114204], "disciplina": "\u00c1lgebra Linear I", "creditos": 4.0, "tipo": "Obrigat\u00f3ria", "pre_requisitos": [1109035], "codigo_departamento": 11090000.0, "codigo_disciplina": 1109049, "horas": 60.0}, {"semestre": 2.0, "pos_requisitos": [1114185], "disciplina": "Probabilidade I", "creditos": 4.0, "tipo": "Obrigat\u00f3ria", "pre_requisitos": [1109126, 1114179], "codigo_departamento": 11140000.0, "codigo_disciplina": 1114183, "horas": 60.0}, {"semestre": 2.0, "pos_requisitos": [1114187], "disciplina": "An\u00e1lise Explorat\u00f3ria de Dados", "creditos": 4.0, "tipo": "Obrigat\u00f3ria", "pre_requisitos": [1114180], "codigo_departamento": 11140000.0, "codigo_disciplina": 1114184, "horas": 60.0}, {"semestre": 2.0, "pos_requisitos": [1114187], "disciplina": "Introd a Banco de Dados e Miner de Dados", "creditos": 4.0, "tipo": "Obrigat\u00f3ria", "pre_requisitos": [1411001], "codigo_departamento": 14110000.0, "codigo_disciplina": 1411278, "horas": 60.0}, {"semestre": 3.0, "pos_requisitos": [1109189, 1303116, 1114191], "disciplina": "C\u00e1lculo Diferencial e Integral III", "creditos": 4.0, "tipo": "Obrigat\u00f3ria", "pre_requisitos": [1109131, 1109035], "codigo_departamento": 11090000.0, "codigo_disciplina": 1109128, "horas": 60.0}, {"semestre": 3.0, "pos_requisitos": [], "disciplina": "Pesquisa Operacional", "creditos": 4.0, "tipo": "Obrigat\u00f3ria", "pre_requisitos": [1109049], "codigo_departamento": 11140000.0, "codigo_disciplina": 1114127, "horas": 60.0}, {"semestre": 3.0, "pos_requisitos": [], "disciplina": "Equacoes Diferenciais Lineares", "creditos": 4.0, "tipo": "Obrigat\u00f3ria", "pre_requisitos": [1109049, 1109131], "codigo_departamento": 11090000.0, "codigo_disciplina": 1109010, "horas": 60.0}, {"semestre": 3.0, "pos_requisitos": [1114190, 1114192, 1114191], "disciplina": "Probabilidade II", "creditos": 4.0, "tipo": "Obrigat\u00f3ria", "pre_requisitos": [1114183], "codigo_departamento": 11140000.0, "codigo_disciplina": 1114185, "horas": 60.0}, {"semestre": 3.0, "pos_requisitos": [], "disciplina": "Teoria das Matrizes e Aplicacoes", "creditos": 4.0, "tipo": "Obrigat\u00f3ria", "pre_requisitos": [1109049], "codigo_departamento": 11140000.0, "codigo_disciplina": 1114186, "horas": 60.0}, {"semestre": 3.0, "pos_requisitos": [], "disciplina": "Estatistica Computacional", "creditos": 4.0, "tipo": "Obrigat\u00f3ria", "pre_requisitos": [1114184, 1411278], "codigo_departamento": 11140000.0, "codigo_disciplina": 1114187, "horas": 60.0}, {"semestre": 4.0, "pos_requisitos": [], "disciplina": "Introdu\u00e7\u00e3o \u00e0 An\u00e1lise Real", "creditos": 4.0, "tipo": "Obrigat\u00f3ria", "pre_requisitos": [1109128], "codigo_departamento": 11090000.0, "codigo_disciplina": 1109189, "horas": 60.0}, {"semestre": 4.0, "pos_requisitos": [1114199], "disciplina": "Introdu\u00e7\u00e3o a Teoria Microeconomica", "creditos": 4.0, "tipo": "Obrigat\u00f3ria", "pre_requisitos": [1109128], "codigo_departamento": 13030000.0, "codigo_disciplina": 1303116, "horas": 60.0}, {"semestre": 4.0, "pos_requisitos": [1114195, 1114198, 1114197, 1114196, 1114199, 1114203, 1114209], "disciplina": "Inferencia Estatistica I", "creditos": 4.0, "tipo": "Obrigat\u00f3ria", "pre_requisitos": [1114185], "codigo_departamento": 11140000.0, "codigo_disciplina": 1114190, "horas": 60.0}, {"semestre": 4.0, "pos_requisitos": [1114198], "disciplina": "Probabilidade III", "creditos": 4.0, "tipo": "Obrigat\u00f3ria", "pre_requisitos": [1114185, 1109128], "codigo_departamento": 11140000.0, "codigo_disciplina": 1114191, "horas": 60.0}, {"semestre": 4.0, "pos_requisitos": [], "disciplina": "Introdu\u00e7\u00e3o Aos Processos Estocasticos", "creditos": 4.0, "tipo": "Obrigat\u00f3ria", "pre_requisitos": [1114185], "codigo_departamento": 11140000.0, "codigo_disciplina": 1114192, "horas": 60.0}, {"semestre": 5.0, "pos_requisitos": [], "disciplina": "Amostragem I", "creditos": 4.0, "tipo": "Obrigat\u00f3ria", "pre_requisitos": [1114190], "codigo_departamento": 11140000.0, "codigo_disciplina": 1114195, "horas": 60.0}, {"semestre": 5.0, "pos_requisitos": [1114202], "disciplina": "Inferencia Estatistica II", "creditos": 4.0, "tipo": "Obrigat\u00f3ria", "pre_requisitos": [1114190], "codigo_departamento": 11140000.0, "codigo_disciplina": 1114196, "horas": 60.0}, {"semestre": 5.0, "pos_requisitos": [1114205, 1114201, 1114204, 1114207, 1114208], "disciplina": "An\u00e1lise de Regress\u00e3o", "creditos": 4.0, "tipo": "Obrigat\u00f3ria", "pre_requisitos": [1114190, 1114191], "codigo_departamento": 11140000.0, "codigo_disciplina": 1114198, "horas": 60.0}, {"semestre": 5.0, "pos_requisitos": [], "disciplina": "Pesquisa de Mercado", "creditos": 4.0, "tipo": "Obrigat\u00f3ria", "pre_requisitos": [1114190, 1303116], "codigo_departamento": 11140000.0, "codigo_disciplina": 1114199, "horas": 60.0}, {"semestre": 5.0, "pos_requisitos": [], "disciplina": "Controle Estatistico de Processos", "creditos": 4.0, "tipo": "Obrigat\u00f3ria", "pre_requisitos": [1114190], "codigo_departamento": 11140000.0, "codigo_disciplina": 1114197, "horas": 60.0}, {"semestre": 6.0, "pos_requisitos": [], "disciplina": "Introd Aos Mod Lineares Generalizados", "creditos": 4.0, "tipo": "Obrigat\u00f3ria", "pre_requisitos": [1114198], "codigo_departamento": 11140000.0, "codigo_disciplina": 1114201, "horas": 60.0}, {"semestre": 6.0, "pos_requisitos": [], "disciplina": "Inferencia Bayesiana", "creditos": 4.0, "tipo": "Obrigat\u00f3ria", "pre_requisitos": [1114196], "codigo_departamento": 11140000.0, "codigo_disciplina": 1114202, "horas": 60.0}, {"semestre": 6.0, "pos_requisitos": [], "disciplina": "Estatistica Nao Parametrica", "creditos": 4.0, "tipo": "Obrigat\u00f3ria", "pre_requisitos": [1114190], "codigo_departamento": 11140000.0, "codigo_disciplina": 1114203, "horas": 60.0}, {"semestre": 6.0, "pos_requisitos": [], "disciplina": "Planejamento de Experimentos", "creditos": 4.0, "tipo": "Obrigat\u00f3ria", "pre_requisitos": [1109049, 1114198], "codigo_departamento": 11140000.0, "codigo_disciplina": 1114204, "horas": 60.0}, {"semestre": 6.0, "pos_requisitos": [], "disciplina": "Estatistica Multivariada I", "creditos": 4.0, "tipo": "Obrigat\u00f3ria", "pre_requisitos": [1114198], "codigo_departamento": 11140000.0, "codigo_disciplina": 1114205, "horas": 60.0}, {"semestre": 7.0, "pos_requisitos": [], "disciplina": "An\u00e1lise de S\u00e9ries Temporais", "creditos": 4.0, "tipo": "Obrigat\u00f3ria", "pre_requisitos": [1114198], "codigo_departamento": 11140000.0, "codigo_disciplina": 1114207, "horas": 60.0}, {"semestre": 7.0, "pos_requisitos": [], "disciplina": "Introdu\u00e7\u00e3o \u00e0 An\u00e1lise de Sobreviv\u00eancia", "creditos": 4.0, "tipo": "Obrigat\u00f3ria", "pre_requisitos": [1114198], "codigo_departamento": 11140000.0, "codigo_disciplina": 1114208, "horas": 60.0}, {"semestre": 7.0, "pos_requisitos": [], "disciplina": "Laboratorio de Estatistica Aplicada", "creditos": 4.0, "tipo": "Obrigat\u00f3ria", "pre_requisitos": [1114190], "codigo_departamento": 11140000.0, "codigo_disciplina": 1114209, "horas": 60.0}, {"semestre": 8.0, "pos_requisitos": [], "disciplina": "Est\u00e1gio Supervisionado", "creditos": 22.0, "tipo": "Complementar", "pre_requisitos": [], "codigo_departamento": 11140000.0, "codigo_disciplina": 1114213, "horas": 330.0}, {"semestre": 8.0, "pos_requisitos": [], "disciplina": "Trabalho de Conclus\u00e3o de Curso", "creditos": 4.0, "tipo": "Complementar", "pre_requisitos": [], "codigo_departamento": 11140000.0, "codigo_disciplina": 1114214, "horas": 60.0}, {"semestre": 8.0, "pos_requisitos": [], "disciplina": "Atividades Complementares Flex\u00edveis", "creditos": 6.0, "tipo": "Complementar", "pre_requisitos": [], "codigo_departamento": 11140000.0, "codigo_disciplina": 1114215, "horas": 90.0}]