[{"semestre": null, "pos_requisitos": [], "disciplina": "Fisiologia (Complementacao)", "creditos": 2.0, "tipo": "Obrigat\u00f3ria", "pre_requisitos": [], "codigo_departamento": 51020000.0, "codigo_disciplina": 5102154, "horas": 30.0}, {"semestre": null, "pos_requisitos": [], "disciplina": "Anatomia Humana (Complementa\u00e7\u00e3o)", "creditos": 2.0, "tipo": "Obrigat\u00f3ria", "pre_requisitos": [], "codigo_departamento": 51020000.0, "codigo_disciplina": 5102157, "horas": 30.0}, {"semestre": 1.0, "pos_requisitos": [5102013, 5101073, 5101056, 5101115, 5102049], "disciplina": "Qu\u00edmica Geral e Inorg\u00e2nica", "creditos": 6.0, "tipo": "Obrigat\u00f3ria", "pre_requisitos": [], "codigo_departamento": 51010000.0, "codigo_disciplina": 5101068, "horas": 90.0}, {"semestre": 1.0, "pos_requisitos": [5101093], "disciplina": "Matem\u00e1tica B\u00e1sica", "creditos": 4.0, "tipo": "Obrigat\u00f3ria", "pre_requisitos": [], "codigo_departamento": 51010000.0, "codigo_disciplina": 5101039, "horas": 60.0}, {"semestre": 1.0, "pos_requisitos": [], "disciplina": "Gen\u00e9tica Geral", "creditos": 4.0, "tipo": "Obrigat\u00f3ria", "pre_requisitos": [], "codigo_departamento": 51010000.0, "codigo_disciplina": 5101101, "horas": 60.0}, {"semestre": 1.0, "pos_requisitos": [5102047], "disciplina": "Introdu\u00e7\u00e3o a Farmacia", "creditos": 2.0, "tipo": "Obrigat\u00f3ria", "pre_requisitos": [], "codigo_departamento": 51020000.0, "codigo_disciplina": 5102002, "horas": 30.0}, {"semestre": 1.0, "pos_requisitos": [5102019], "disciplina": "Anatomia Humana", "creditos": 6.0, "tipo": "Obrigat\u00f3ria", "pre_requisitos": [], "codigo_departamento": 51020000.0, "codigo_disciplina": 5102004, "horas": 90.0}, {"semestre": 1.0, "pos_requisitos": [5102146], "disciplina": "M\u00e9todologia Cient\u00edfica Aplicada \u00e0 Sa\u00fade", "creditos": 2.0, "tipo": "Obrigat\u00f3ria", "pre_requisitos": [], "codigo_departamento": 51020000.0, "codigo_disciplina": 5102007, "horas": 30.0}, {"semestre": 1.0, "pos_requisitos": [5101035, 5101092, 5102094], "disciplina": "Biologia Celular", "creditos": 2.0, "tipo": "Obrigat\u00f3ria", "pre_requisitos": [], "codigo_departamento": 51010000.0, "codigo_disciplina": 5101001, "horas": 30.0}, {"semestre": 1.0, "pos_requisitos": [], "disciplina": "Biosseguran\u00e7a", "creditos": 2.0, "tipo": "Obrigat\u00f3ria", "pre_requisitos": [], "codigo_departamento": 51020000.0, "codigo_disciplina": 5102046, "horas": 30.0}, {"semestre": 2.0, "pos_requisitos": [5101071], "disciplina": "Qu\u00edmica Org\u00e2nica I", "creditos": 4.0, "tipo": "Obrigat\u00f3ria", "pre_requisitos": [5101068], "codigo_departamento": 51010000.0, "codigo_disciplina": 5101056, "horas": 60.0}, {"semestre": 2.0, "pos_requisitos": [5101098], "disciplina": "Qu\u00edmica Anal\u00edtica I", "creditos": 4.0, "tipo": "Obrigat\u00f3ria", "pre_requisitos": [5101068], "codigo_departamento": 51010000.0, "codigo_disciplina": 5101073, "horas": 60.0}, {"semestre": 2.0, "pos_requisitos": [], "disciplina": "Biof\u00edsica", "creditos": 3.0, "tipo": "Obrigat\u00f3ria", "pre_requisitos": [], "codigo_departamento": 51020000.0, "codigo_disciplina": 5102006, "horas": 45.0}, {"semestre": 2.0, "pos_requisitos": [], "disciplina": "Bioestatistica", "creditos": 3.0, "tipo": "Obrigat\u00f3ria", "pre_requisitos": [5101039], "codigo_departamento": 51010000.0, "codigo_disciplina": 5101093, "horas": 45.0}, {"semestre": 2.0, "pos_requisitos": [], "disciplina": "Sa\u00fade e Sociedade", "creditos": 2.0, "tipo": "Obrigat\u00f3ria", "pre_requisitos": [], "codigo_departamento": 51020000.0, "codigo_disciplina": 5102008, "horas": 30.0}, {"semestre": 2.0, "pos_requisitos": [5102017], "disciplina": "Bioqu\u00edmica I", "creditos": 4.0, "tipo": "Obrigat\u00f3ria", "pre_requisitos": [5101068], "codigo_departamento": 51020000.0, "codigo_disciplina": 5102013, "horas": 60.0}, {"semestre": 2.0, "pos_requisitos": [5102050, 5102010], "disciplina": "Fisiologia", "creditos": 6.0, "tipo": "Obrigat\u00f3ria", "pre_requisitos": [5102004], "codigo_departamento": 51020000.0, "codigo_disciplina": 5102019, "horas": 90.0}, {"semestre": 2.0, "pos_requisitos": [], "disciplina": "Embriologia e Histologia", "creditos": 4.0, "tipo": "Obrigat\u00f3ria", "pre_requisitos": [5101001], "codigo_departamento": 51010000.0, "codigo_disciplina": 5101035, "horas": 60.0}, {"semestre": 3.0, "pos_requisitos": [5102092], "disciplina": "Fundamentos de Biologia Molecular", "creditos": 2.0, "tipo": "Obrigat\u00f3ria", "pre_requisitos": [5101001], "codigo_departamento": 51010000.0, "codigo_disciplina": 5101092, "horas": 30.0}, {"semestre": 3.0, "pos_requisitos": [5101155], "disciplina": "Qu\u00edmica Anal\u00edtica II", "creditos": 4.0, "tipo": "Obrigat\u00f3ria", "pre_requisitos": [5101073], "codigo_departamento": 51010000.0, "codigo_disciplina": 5101098, "horas": 60.0}, {"semestre": 3.0, "pos_requisitos": [5102010, 5102095, 5102094], "disciplina": "Bioqu\u00edmica II", "creditos": 4.0, "tipo": "Obrigat\u00f3ria", "pre_requisitos": [5102013], "codigo_departamento": 51020000.0, "codigo_disciplina": 5102017, "horas": 60.0}, {"semestre": 3.0, "pos_requisitos": [], "disciplina": "Fundamentos de F\u00edsico - Qu\u00edmica", "creditos": 4.0, "tipo": "Obrigat\u00f3ria", "pre_requisitos": [5101068], "codigo_departamento": 51010000.0, "codigo_disciplina": 5101115, "horas": 60.0}, {"semestre": 3.0, "pos_requisitos": [5102083], "disciplina": "Parasitologia Humana", "creditos": 4.0, "tipo": "Obrigat\u00f3ria", "pre_requisitos": [], "codigo_departamento": 51020000.0, "codigo_disciplina": 5102028, "horas": 60.0}, {"semestre": 3.0, "pos_requisitos": [5102052, 5102048, 5101097, 5101118, 5101155, 5102080], "disciplina": "Qu\u00edmica Org\u00e2nica II", "creditos": 4.0, "tipo": "Obrigat\u00f3ria", "pre_requisitos": [5101056], "codigo_departamento": 51010000.0, "codigo_disciplina": 5101071, "horas": 60.0}, {"semestre": 3.0, "pos_requisitos": [5102081, 5102087, 5102088], "disciplina": "Microbiologia e Imunologia", "creditos": 4.0, "tipo": "Obrigat\u00f3ria", "pre_requisitos": [], "codigo_departamento": 51020000.0, "codigo_disciplina": 5102038, "horas": 60.0}, {"semestre": 3.0, "pos_requisitos": [5102047, 5102063], "disciplina": "Epidemiologia e Sa\u00fade Publica", "creditos": 4.0, "tipo": "Obrigat\u00f3ria", "pre_requisitos": [], "codigo_departamento": 51020000.0, "codigo_disciplina": 5102011, "horas": 60.0}, {"semestre": 4.0, "pos_requisitos": [], "disciplina": "Qu\u00edmica Org\u00e2nica Experimental", "creditos": 2.0, "tipo": "Obrigat\u00f3ria", "pre_requisitos": [5101071], "codigo_departamento": 51010000.0, "codigo_disciplina": 5101097, "horas": 30.0}, {"semestre": 4.0, "pos_requisitos": [5102063], "disciplina": "Psicologia e Sa\u00fade", "creditos": 3.0, "tipo": "Obrigat\u00f3ria", "pre_requisitos": [], "codigo_departamento": 51020000.0, "codigo_disciplina": 5102003, "horas": 45.0}, {"semestre": 4.0, "pos_requisitos": [5102082, 5102095], "disciplina": "Patologia Geral", "creditos": 4.0, "tipo": "Obrigat\u00f3ria", "pre_requisitos": [5102019, 5102017], "codigo_departamento": 51020000.0, "codigo_disciplina": 5102010, "horas": 60.0}, {"semestre": 4.0, "pos_requisitos": [5102084, 5102099], "disciplina": "Gest\u00e3o Farmaceutica", "creditos": 2.0, "tipo": "Obrigat\u00f3ria", "pre_requisitos": [5102002, 5102011], "codigo_departamento": 51020000.0, "codigo_disciplina": 5102047, "horas": 30.0}, {"semestre": 4.0, "pos_requisitos": [5102065], "disciplina": "Qu\u00edmica Farmac\u00eautica I", "creditos": 4.0, "tipo": "Obrigat\u00f3ria", "pre_requisitos": [5101071], "codigo_departamento": 51020000.0, "codigo_disciplina": 5102048, "horas": 60.0}, {"semestre": 4.0, "pos_requisitos": [5102088], "disciplina": "Bromatologia Geral", "creditos": 4.0, "tipo": "Obrigat\u00f3ria", "pre_requisitos": [5101068], "codigo_departamento": 51020000.0, "codigo_disciplina": 5102049, "horas": 60.0}, {"semestre": 4.0, "pos_requisitos": [5102063, 5102066], "disciplina": "Farmacologia I", "creditos": 4.0, "tipo": "Obrigat\u00f3ria", "pre_requisitos": [5102019], "codigo_departamento": 51020000.0, "codigo_disciplina": 5102050, "horas": 60.0}, {"semestre": 4.0, "pos_requisitos": [5102067, 5102064], "disciplina": "Farmacobotanica", "creditos": 4.0, "tipo": "Obrigat\u00f3ria", "pre_requisitos": [], "codigo_departamento": 51020000.0, "codigo_disciplina": 5102051, "horas": 60.0}, {"semestre": 4.0, "pos_requisitos": [], "disciplina": "Qu\u00edmica de Alimentos", "creditos": 3.0, "tipo": "Obrigat\u00f3ria", "pre_requisitos": [5101071], "codigo_departamento": 51020000.0, "codigo_disciplina": 5102052, "horas": 45.0}, {"semestre": 5.0, "pos_requisitos": [], "disciplina": "Espectroscopia de Compostos Organicos", "creditos": 3.0, "tipo": "Obrigat\u00f3ria", "pre_requisitos": [5101071], "codigo_departamento": 51010000.0, "codigo_disciplina": 5101118, "horas": 45.0}, {"semestre": 5.0, "pos_requisitos": [], "disciplina": "Qu\u00edmica Anal\u00edtica Instrumental", "creditos": 3.0, "tipo": "Obrigat\u00f3ria", "pre_requisitos": [5101098, 5101071], "codigo_departamento": 51010000.0, "codigo_disciplina": 5101155, "horas": 45.0}, {"semestre": 5.0, "pos_requisitos": [5102084, 5102120], "disciplina": "Atencao Farmaceutica", "creditos": 2.0, "tipo": "Obrigat\u00f3ria", "pre_requisitos": [5102011, 5102050, 5102003], "codigo_departamento": 51020000.0, "codigo_disciplina": 5102063, "horas": 30.0}, {"semestre": 5.0, "pos_requisitos": [5102120], "disciplina": "Fitoterapia", "creditos": 2.0, "tipo": "Obrigat\u00f3ria", "pre_requisitos": [5102051], "codigo_departamento": 51020000.0, "codigo_disciplina": 5102064, "horas": 30.0}, {"semestre": 5.0, "pos_requisitos": [5102145], "disciplina": "Qu\u00edmica Farmac\u00eautica II", "creditos": 4.0, "tipo": "Obrigat\u00f3ria", "pre_requisitos": [5102048], "codigo_departamento": 51020000.0, "codigo_disciplina": 5102065, "horas": 60.0}, {"semestre": 5.0, "pos_requisitos": [5102084, 5102080], "disciplina": "Farmacologia II", "creditos": 4.0, "tipo": "Obrigat\u00f3ria", "pre_requisitos": [5102050], "codigo_departamento": 51020000.0, "codigo_disciplina": 5102066, "horas": 60.0}, {"semestre": 5.0, "pos_requisitos": [], "disciplina": "Farmacognosia", "creditos": 6.0, "tipo": "Obrigat\u00f3ria", "pre_requisitos": [5102051], "codigo_departamento": 51020000.0, "codigo_disciplina": 5102067, "horas": 90.0}, {"semestre": 5.0, "pos_requisitos": [5102120], "disciplina": "Homeopatia", "creditos": 2.0, "tipo": "Obrigat\u00f3ria", "pre_requisitos": [], "codigo_departamento": 51020000.0, "codigo_disciplina": 5102068, "horas": 30.0}, {"semestre": 5.0, "pos_requisitos": [5102085, 5102086], "disciplina": "Farmacot\u00e9cnica I", "creditos": 4.0, "tipo": "Obrigat\u00f3ria", "pre_requisitos": [], "codigo_departamento": 51020000.0, "codigo_disciplina": 5102069, "horas": 60.0}, {"semestre": 6.0, "pos_requisitos": [], "disciplina": "Imunologia Cl\u00ednica", "creditos": 3.0, "tipo": "Obrigat\u00f3ria", "pre_requisitos": [5102038], "codigo_departamento": 51020000.0, "codigo_disciplina": 5102081, "horas": 45.0}, {"semestre": 6.0, "pos_requisitos": [5102130], "disciplina": "Micologia e Virologia Cl\u00ednica", "creditos": 3.0, "tipo": "Obrigat\u00f3ria", "pre_requisitos": [5102010], "codigo_departamento": 51020000.0, "codigo_disciplina": 5102082, "horas": 45.0}, {"semestre": 6.0, "pos_requisitos": [5102130], "disciplina": "Parasitologia Cl\u00ednica", "creditos": 3.0, "tipo": "Obrigat\u00f3ria", "pre_requisitos": [5102028], "codigo_departamento": 51020000.0, "codigo_disciplina": 5102083, "horas": 45.0}, {"semestre": 6.0, "pos_requisitos": [5102120], "disciplina": "Farmacia Hospitalar", "creditos": 3.0, "tipo": "Obrigat\u00f3ria", "pre_requisitos": [5102047, 5102063, 5102066], "codigo_departamento": 51020000.0, "codigo_disciplina": 5102084, "horas": 45.0}, {"semestre": 6.0, "pos_requisitos": [], "disciplina": "Enzimologia Industrial", "creditos": 4.0, "tipo": "Obrigat\u00f3ria", "pre_requisitos": [5102069], "codigo_departamento": 51020000.0, "codigo_disciplina": 5102085, "horas": 60.0}, {"semestre": 6.0, "pos_requisitos": [5101181, 5102093, 5102096, 5102118, 5102117, 5102145], "disciplina": "Farmacot\u00e9cnica II", "creditos": 4.0, "tipo": "Obrigat\u00f3ria", "pre_requisitos": [5102069], "codigo_departamento": 51020000.0, "codigo_disciplina": 5102086, "horas": 60.0}, {"semestre": 6.0, "pos_requisitos": [5102130], "disciplina": "Microbiologia Cl\u00ednica", "creditos": 3.0, "tipo": "Obrigat\u00f3ria", "pre_requisitos": [5102038], "codigo_departamento": 51020000.0, "codigo_disciplina": 5102087, "horas": 45.0}, {"semestre": 6.0, "pos_requisitos": [5102098, 5102145], "disciplina": "Microbiologia de Alimentos", "creditos": 3.0, "tipo": "Obrigat\u00f3ria", "pre_requisitos": [5102049, 5102038], "codigo_departamento": 51020000.0, "codigo_disciplina": 5102088, "horas": 45.0}, {"semestre": 6.0, "pos_requisitos": [5102097], "disciplina": "Toxicologia", "creditos": 2.0, "tipo": "Obrigat\u00f3ria", "pre_requisitos": [5101071, 5102066], "codigo_departamento": 51020000.0, "codigo_disciplina": 5102080, "horas": 30.0}, {"semestre": 7.0, "pos_requisitos": [5102145], "disciplina": "Tecnologia de Cosmeticos", "creditos": 4.0, "tipo": "Obrigat\u00f3ria", "pre_requisitos": [5102086], "codigo_departamento": 51020000.0, "codigo_disciplina": 5102093, "horas": 60.0}, {"semestre": 7.0, "pos_requisitos": [5102130], "disciplina": "Hematologia Cl\u00ednica", "creditos": 3.0, "tipo": "Obrigat\u00f3ria", "pre_requisitos": [5101001, 5102017], "codigo_departamento": 51020000.0, "codigo_disciplina": 5102094, "horas": 45.0}, {"semestre": 7.0, "pos_requisitos": [5102130], "disciplina": "Bioqu\u00edmica Cl\u00ednica", "creditos": 4.0, "tipo": "Obrigat\u00f3ria", "pre_requisitos": [5102017, 5102010], "codigo_departamento": 51020000.0, "codigo_disciplina": 5102095, "horas": 60.0}, {"semestre": 7.0, "pos_requisitos": [5102118, 5102117, 5102145], "disciplina": "Tecnologia Farmaceutica", "creditos": 4.0, "tipo": "Obrigat\u00f3ria", "pre_requisitos": [5102086], "codigo_departamento": 51020000.0, "codigo_disciplina": 5102096, "horas": 60.0}, {"semestre": 7.0, "pos_requisitos": [5102119, 5102145], "disciplina": "Tecnologia de Alimentos", "creditos": 4.0, "tipo": "Obrigat\u00f3ria", "pre_requisitos": [5102088], "codigo_departamento": 51020000.0, "codigo_disciplina": 5102098, "horas": 60.0}, {"semestre": 7.0, "pos_requisitos": [], "disciplina": "Deontologia Farmaceutica", "creditos": 2.0, "tipo": "Obrigat\u00f3ria", "pre_requisitos": [5102047], "codigo_departamento": 51020000.0, "codigo_disciplina": 5102099, "horas": 30.0}, {"semestre": 7.0, "pos_requisitos": [5102130], "disciplina": "Citologia Cl\u00ednica", "creditos": 3.0, "tipo": "Obrigat\u00f3ria", "pre_requisitos": [5101092], "codigo_departamento": 51020000.0, "codigo_disciplina": 5102092, "horas": 45.0}, {"semestre": 7.0, "pos_requisitos": [5102130], "disciplina": "Toxicologia Cl\u00ednica", "creditos": 3.0, "tipo": "Obrigat\u00f3ria", "pre_requisitos": [5102080], "codigo_departamento": 51020000.0, "codigo_disciplina": 5102097, "horas": 45.0}, {"semestre": 7.0, "pos_requisitos": [], "disciplina": "F\u00edsica Industrial", "creditos": 2.0, "tipo": "Obrigat\u00f3ria", "pre_requisitos": [5102086], "codigo_departamento": 51010000.0, "codigo_disciplina": 5101181, "horas": 30.0}, {"semestre": 8.0, "pos_requisitos": [5102145, 5102146], "disciplina": "Cont. Qual. F\u00edsico - Quim. Medic. e Cosm.", "creditos": 3.0, "tipo": "Obrigat\u00f3ria", "pre_requisitos": [5102086, 5102096], "codigo_departamento": 51020000.0, "codigo_disciplina": 5102117, "horas": 45.0}, {"semestre": 8.0, "pos_requisitos": [5102130, 5102146], "disciplina": "Cont de Qual Microbiol de Medic e Cosm.", "creditos": 3.0, "tipo": "Obrigat\u00f3ria", "pre_requisitos": [5102086, 5102096], "codigo_departamento": 51020000.0, "codigo_disciplina": 5102118, "horas": 45.0}, {"semestre": 8.0, "pos_requisitos": [5102145, 5102146], "disciplina": "Controle de Qualidade de Alimentos", "creditos": 3.0, "tipo": "Obrigat\u00f3ria", "pre_requisitos": [5102098], "codigo_departamento": 51020000.0, "codigo_disciplina": 5102119, "horas": 45.0}, {"semestre": 8.0, "pos_requisitos": [], "disciplina": "Est\u00e1gio Supervisionado I", "creditos": 20.0, "tipo": "Obrigat\u00f3ria", "pre_requisitos": [5102063, 5102064, 5102068, 5102084], "codigo_departamento": 51020000.0, "codigo_disciplina": 5102120, "horas": 300.0}, {"semestre": 9.0, "pos_requisitos": [], "disciplina": "Est\u00e1gio Superv. II (An\u00e1lise Cl\u00ednica)", "creditos": 22.0, "tipo": "Obrigat\u00f3ria", "pre_requisitos": [5102082, 5102083, 5102087, 5102092, 5102094, 5102095, 5102097, 5102118], "codigo_departamento": 51020000.0, "codigo_disciplina": 5102130, "horas": 330.0}, {"semestre": 10.0, "pos_requisitos": [], "disciplina": "Atividades Complementares Flex\u00edveis", "creditos": 10.0, "tipo": "Complementar", "pre_requisitos": [], "codigo_departamento": 51020000.0, "codigo_disciplina": 5102144, "horas": 150.0}, {"semestre": 10.0, "pos_requisitos": [], "disciplina": "Est Sup III (Farm Ind, Farm Magis Ou Alime", "creditos": 20.0, "tipo": "Obrigat\u00f3ria", "pre_requisitos": [5102065, 5102086, 5102088, 5102093, 5102096, 5102098, 5102117, 5102119], "codigo_departamento": 51020000.0, "codigo_disciplina": 5102145, "horas": 300.0}, {"semestre": 10.0, "pos_requisitos": [], "disciplina": "Trabalho de Conclus\u00e3o de Curso", "creditos": 2.0, "tipo": "Obrigat\u00f3ria", "pre_requisitos": [5102007, 5102117, 5102118, 5102119], "codigo_departamento": 51020000.0, "codigo_disciplina": 5102146, "horas": 30.0}]