[{"semestre": null, "pos_requisitos": [], "disciplina": "Filosofia Pol\u00edtica II", "creditos": 4.0, "tipo": "Obrigat\u00f3ria", "pre_requisitos": [1305315], "codigo_departamento": 13050000.0, "codigo_disciplina": 1305330, "horas": 60.0}, {"semestre": 1.0, "pos_requisitos": [1305278], "disciplina": "Leitura e Prod de Textos Filosoficos I", "creditos": 4.0, "tipo": "Obrigat\u00f3ria", "pre_requisitos": [], "codigo_departamento": 13050000.0, "codigo_disciplina": 1305272, "horas": 60.0}, {"semestre": 1.0, "pos_requisitos": [1305279], "disciplina": "Metaf\u00edsica I", "creditos": 4.0, "tipo": "Obrigat\u00f3ria", "pre_requisitos": [], "codigo_departamento": 13050000.0, "codigo_disciplina": 1305273, "horas": 60.0}, {"semestre": 1.0, "pos_requisitos": [1305280], "disciplina": "Logica I", "creditos": 4.0, "tipo": "Obrigat\u00f3ria", "pre_requisitos": [], "codigo_departamento": 13050000.0, "codigo_disciplina": 1305274, "horas": 60.0}, {"semestre": 1.0, "pos_requisitos": [1305277], "disciplina": "Hist\u00f3ria da Filosofia Antiga I", "creditos": 4.0, "tipo": "Obrigat\u00f3ria", "pre_requisitos": [], "codigo_departamento": 13050000.0, "codigo_disciplina": 1305271, "horas": 60.0}, {"semestre": 2.0, "pos_requisitos": [], "disciplina": "Metaf\u00edsica II", "creditos": 4.0, "tipo": "Obrigat\u00f3ria", "pre_requisitos": [1305273], "codigo_departamento": 13050000.0, "codigo_disciplina": 1305279, "horas": 60.0}, {"semestre": 2.0, "pos_requisitos": [], "disciplina": "Leitura e Prod de Textos Filosoficos II", "creditos": 4.0, "tipo": "Obrigat\u00f3ria", "pre_requisitos": [1305272], "codigo_departamento": 13050000.0, "codigo_disciplina": 1305278, "horas": 60.0}, {"semestre": 2.0, "pos_requisitos": [], "disciplina": "Logica II", "creditos": 4.0, "tipo": "Obrigat\u00f3ria", "pre_requisitos": [1305274], "codigo_departamento": 13050000.0, "codigo_disciplina": 1305280, "horas": 60.0}, {"semestre": 2.0, "pos_requisitos": [], "disciplina": "Hist\u00f3ria da Filosofia Antiga II", "creditos": 4.0, "tipo": "Obrigat\u00f3ria", "pre_requisitos": [1305271], "codigo_departamento": 13050000.0, "codigo_disciplina": 1305277, "horas": 60.0}, {"semestre": 3.0, "pos_requisitos": [1305302], "disciplina": "Hist\u00f3ria da Filosofia Medieval I", "creditos": 4.0, "tipo": "Obrigat\u00f3ria", "pre_requisitos": [], "codigo_departamento": 13050000.0, "codigo_disciplina": 1305285, "horas": 60.0}, {"semestre": 3.0, "pos_requisitos": [1305304], "disciplina": "\u00c9tica I", "creditos": 4.0, "tipo": "Obrigat\u00f3ria", "pre_requisitos": [], "codigo_departamento": 13050000.0, "codigo_disciplina": 1305287, "horas": 60.0}, {"semestre": 3.0, "pos_requisitos": [], "disciplina": "Filosofia da Ci\u00eancia I", "creditos": 4.0, "tipo": "Obrigat\u00f3ria", "pre_requisitos": [], "codigo_departamento": 13050000.0, "codigo_disciplina": 1305288, "horas": 60.0}, {"semestre": 3.0, "pos_requisitos": [], "disciplina": "Filosofia da Educa\u00e7\u00e3o", "creditos": 4.0, "tipo": "Obrigat\u00f3ria", "pre_requisitos": [], "codigo_departamento": 13040000.0, "codigo_disciplina": 1304294, "horas": 60.0}, {"semestre": 3.0, "pos_requisitos": [], "disciplina": "Psicologia Educacional", "creditos": 4.0, "tipo": "Obrigat\u00f3ria", "pre_requisitos": [], "codigo_departamento": 13040000.0, "codigo_disciplina": 1304295, "horas": 60.0}, {"semestre": 4.0, "pos_requisitos": [], "disciplina": "Did\u00e1tica", "creditos": 4.0, "tipo": "Obrigat\u00f3ria", "pre_requisitos": [], "codigo_departamento": 13040000.0, "codigo_disciplina": 1304004, "horas": 60.0}, {"semestre": 4.0, "pos_requisitos": [], "disciplina": "Hist\u00f3ria da Filosofia Medieval II", "creditos": 4.0, "tipo": "Obrigat\u00f3ria", "pre_requisitos": [1305285], "codigo_departamento": 13050000.0, "codigo_disciplina": 1305302, "horas": 60.0}, {"semestre": 4.0, "pos_requisitos": [], "disciplina": "\u00c9tica II", "creditos": 4.0, "tipo": "Obrigat\u00f3ria", "pre_requisitos": [1305287], "codigo_departamento": 13050000.0, "codigo_disciplina": 1305304, "horas": 60.0}, {"semestre": 4.0, "pos_requisitos": [], "disciplina": "Filosofia da L\u00ednguagem I", "creditos": 4.0, "tipo": "Obrigat\u00f3ria", "pre_requisitos": [], "codigo_departamento": 13050000.0, "codigo_disciplina": 1305305, "horas": 60.0}, {"semestre": 4.0, "pos_requisitos": [1305339], "disciplina": "M\u00e9todologia do Ensino de Filosofia I", "creditos": 4.0, "tipo": "Obrigat\u00f3ria", "pre_requisitos": [], "codigo_departamento": 13050000.0, "codigo_disciplina": 1305333, "horas": 60.0}, {"semestre": 5.0, "pos_requisitos": [1305329], "disciplina": "Hist\u00f3ria da Filosofia Moderna I", "creditos": 4.0, "tipo": "Obrigat\u00f3ria", "pre_requisitos": [], "codigo_departamento": 13050000.0, "codigo_disciplina": 1305314, "horas": 60.0}, {"semestre": 5.0, "pos_requisitos": [1305330], "disciplina": "Filosofia Pol\u00edtica I", "creditos": 4.0, "tipo": "Obrigat\u00f3ria", "pre_requisitos": [], "codigo_departamento": 13050000.0, "codigo_disciplina": 1305315, "horas": 60.0}, {"semestre": 5.0, "pos_requisitos": [], "disciplina": "Est\u00e9tica I", "creditos": 4.0, "tipo": "Obrigat\u00f3ria", "pre_requisitos": [], "codigo_departamento": 13050000.0, "codigo_disciplina": 1305316, "horas": 60.0}, {"semestre": 5.0, "pos_requisitos": [], "disciplina": "M\u00e9todologia do Ensino de Filosofia II", "creditos": 4.0, "tipo": "Obrigat\u00f3ria", "pre_requisitos": [1305333], "codigo_departamento": 13050000.0, "codigo_disciplina": 1305339, "horas": 60.0}, {"semestre": 6.0, "pos_requisitos": [1305388], "disciplina": "Pr\u00e1tica do Ensino de Filosofia I", "creditos": 4.0, "tipo": "Obrigat\u00f3ria", "pre_requisitos": [], "codigo_departamento": 13050000.0, "codigo_disciplina": 1305380, "horas": 60.0}, {"semestre": 6.0, "pos_requisitos": [1305387], "disciplina": "Est\u00e1gio Supervisionado I", "creditos": 4.0, "tipo": "Complementar", "pre_requisitos": [], "codigo_departamento": 13050000.0, "codigo_disciplina": 1305381, "horas": 60.0}, {"semestre": 6.0, "pos_requisitos": [], "disciplina": "Hist\u00f3ria da Filosofia Moderna II", "creditos": 4.0, "tipo": "Obrigat\u00f3ria", "pre_requisitos": [1305314], "codigo_departamento": 13050000.0, "codigo_disciplina": 1305329, "horas": 60.0}, {"semestre": 7.0, "pos_requisitos": [1305399], "disciplina": "Est\u00e1gio Supervisionado II", "creditos": 8.0, "tipo": "Complementar", "pre_requisitos": [1305381], "codigo_departamento": 13050000.0, "codigo_disciplina": 1305387, "horas": 120.0}, {"semestre": 7.0, "pos_requisitos": [1305397], "disciplina": "Pr\u00e1tica do Ensino de Filosofia II", "creditos": 4.0, "tipo": "Obrigat\u00f3ria", "pre_requisitos": [1305380], "codigo_departamento": 13050000.0, "codigo_disciplina": 1305388, "horas": 60.0}, {"semestre": 7.0, "pos_requisitos": [], "disciplina": "Lab de Ens Aprendizagem de Filosofia I", "creditos": 4.0, "tipo": "Obrigat\u00f3ria", "pre_requisitos": [], "codigo_departamento": 13050000.0, "codigo_disciplina": 1305389, "horas": 60.0}, {"semestre": 7.0, "pos_requisitos": [1305382], "disciplina": "Hist\u00f3ria da Filosofia Contempor\u00e2nea I", "creditos": 4.0, "tipo": "Obrigat\u00f3ria", "pre_requisitos": [], "codigo_departamento": 13050000.0, "codigo_disciplina": 1305335, "horas": 60.0}, {"semestre": 8.0, "pos_requisitos": [], "disciplina": "Hist\u00f3ria da Filosofia Contempor\u00e2nea II", "creditos": 4.0, "tipo": "Obrigat\u00f3ria", "pre_requisitos": [1305335], "codigo_departamento": 13050000.0, "codigo_disciplina": 1305382, "horas": 60.0}, {"semestre": 8.0, "pos_requisitos": [], "disciplina": "Pr\u00e1tica de Ensino de Filosofia III", "creditos": 4.0, "tipo": "Obrigat\u00f3ria", "pre_requisitos": [1305388], "codigo_departamento": 13050000.0, "codigo_disciplina": 1305397, "horas": 60.0}, {"semestre": 8.0, "pos_requisitos": [], "disciplina": "Lab de Ens - Aprendizagem de Filosofia II", "creditos": 4.0, "tipo": "Obrigat\u00f3ria", "pre_requisitos": [], "codigo_departamento": 13050000.0, "codigo_disciplina": 1305398, "horas": 60.0}, {"semestre": 8.0, "pos_requisitos": [1305409, 1305408], "disciplina": "Est\u00e1gio Supervisionado III", "creditos": 8.0, "tipo": "Complementar", "pre_requisitos": [1305387], "codigo_departamento": 13050000.0, "codigo_disciplina": 1305399, "horas": 120.0}, {"semestre": 9.0, "pos_requisitos": [], "disciplina": "Trabalho de Conclus\u00e3o de Curso", "creditos": 4.0, "tipo": "Complementar", "pre_requisitos": [1305399], "codigo_departamento": 13050000.0, "codigo_disciplina": 1305408, "horas": 60.0}, {"semestre": 9.0, "pos_requisitos": [], "disciplina": "Lab de Ens - Aprendizagem de Filosofia III", "creditos": 4.0, "tipo": "Obrigat\u00f3ria", "pre_requisitos": [], "codigo_departamento": 13050000.0, "codigo_disciplina": 1305407, "horas": 60.0}, {"semestre": 9.0, "pos_requisitos": [], "disciplina": "Est\u00e1gio Supervisionado IV", "creditos": 7.0, "tipo": "Complementar", "pre_requisitos": [1305399], "codigo_departamento": 13050000.0, "codigo_disciplina": 1305409, "horas": 105.0}, {"semestre": 9.0, "pos_requisitos": [], "disciplina": "Atividades Acad\u00eamico - Cient\u00edfico - Culturais", "creditos": 14.0, "tipo": "Complementar", "pre_requisitos": [], "codigo_departamento": 13050000.0, "codigo_disciplina": 1305410, "horas": 210.0}]