[{"semestre": 1.0, "pos_requisitos": [1305277], "disciplina": "Hist\u00f3ria da Filosofia Antiga I", "creditos": 4.0, "tipo": "Obrigat\u00f3ria", "pre_requisitos": [], "codigo_departamento": 13050000.0, "codigo_disciplina": 1305271, "horas": 60.0}, {"semestre": 1.0, "pos_requisitos": [1305278], "disciplina": "Leitura e Prod de Textos Filosoficos I", "creditos": 4.0, "tipo": "Obrigat\u00f3ria", "pre_requisitos": [], "codigo_departamento": 13050000.0, "codigo_disciplina": 1305272, "horas": 60.0}, {"semestre": 1.0, "pos_requisitos": [1305279], "disciplina": "Metaf\u00edsica I", "creditos": 4.0, "tipo": "Obrigat\u00f3ria", "pre_requisitos": [], "codigo_departamento": 13050000.0, "codigo_disciplina": 1305273, "horas": 60.0}, {"semestre": 1.0, "pos_requisitos": [1305280], "disciplina": "Logica I", "creditos": 4.0, "tipo": "Obrigat\u00f3ria", "pre_requisitos": [], "codigo_departamento": 13050000.0, "codigo_disciplina": 1305274, "horas": 60.0}, {"semestre": 1.0, "pos_requisitos": [], "disciplina": "Introdu\u00e7\u00e3o \u00e0 Filosofia", "creditos": 4.0, "tipo": "Obrigat\u00f3ria", "pre_requisitos": [], "codigo_departamento": 13050000.0, "codigo_disciplina": 1305275, "horas": 60.0}, {"semestre": 2.0, "pos_requisitos": [], "disciplina": "Hist\u00f3ria da Filosofia Antiga II", "creditos": 4.0, "tipo": "Obrigat\u00f3ria", "pre_requisitos": [1305271], "codigo_departamento": 13050000.0, "codigo_disciplina": 1305277, "horas": 60.0}, {"semestre": 2.0, "pos_requisitos": [1305286], "disciplina": "Leitura e Prod de Textos Filosoficos II", "creditos": 4.0, "tipo": "Obrigat\u00f3ria", "pre_requisitos": [1305272], "codigo_departamento": 13050000.0, "codigo_disciplina": 1305278, "horas": 60.0}, {"semestre": 2.0, "pos_requisitos": [], "disciplina": "Metaf\u00edsica II", "creditos": 4.0, "tipo": "Obrigat\u00f3ria", "pre_requisitos": [1305273], "codigo_departamento": 13050000.0, "codigo_disciplina": 1305279, "horas": 60.0}, {"semestre": 2.0, "pos_requisitos": [], "disciplina": "Logica II", "creditos": 4.0, "tipo": "Obrigat\u00f3ria", "pre_requisitos": [1305274], "codigo_departamento": 13050000.0, "codigo_disciplina": 1305280, "horas": 60.0}, {"semestre": 2.0, "pos_requisitos": [], "disciplina": "Teoria do Conhecimento", "creditos": 4.0, "tipo": "Obrigat\u00f3ria", "pre_requisitos": [], "codigo_departamento": 13050000.0, "codigo_disciplina": 1305281, "horas": 60.0}, {"semestre": 3.0, "pos_requisitos": [1305302], "disciplina": "Hist\u00f3ria da Filosofia Medieval I", "creditos": 4.0, "tipo": "Obrigat\u00f3ria", "pre_requisitos": [], "codigo_departamento": 13050000.0, "codigo_disciplina": 1305285, "horas": 60.0}, {"semestre": 3.0, "pos_requisitos": [1305303], "disciplina": "Leitura e Prod de Textos Filosoficos III", "creditos": 4.0, "tipo": "Obrigat\u00f3ria", "pre_requisitos": [1305278], "codigo_departamento": 13050000.0, "codigo_disciplina": 1305286, "horas": 60.0}, {"semestre": 3.0, "pos_requisitos": [1305304], "disciplina": "\u00c9tica I", "creditos": 4.0, "tipo": "Obrigat\u00f3ria", "pre_requisitos": [], "codigo_departamento": 13050000.0, "codigo_disciplina": 1305287, "horas": 60.0}, {"semestre": 3.0, "pos_requisitos": [], "disciplina": "Filosofia da Ci\u00eancia I", "creditos": 4.0, "tipo": "Obrigat\u00f3ria", "pre_requisitos": [], "codigo_departamento": 13050000.0, "codigo_disciplina": 1305288, "horas": 60.0}, {"semestre": 4.0, "pos_requisitos": [], "disciplina": "Hist\u00f3ria da Filosofia Medieval II", "creditos": 4.0, "tipo": "Obrigat\u00f3ria", "pre_requisitos": [1305285], "codigo_departamento": 13050000.0, "codigo_disciplina": 1305302, "horas": 60.0}, {"semestre": 4.0, "pos_requisitos": [], "disciplina": "Leitura e Prod de Textos Filosoficos IV", "creditos": 4.0, "tipo": "Obrigat\u00f3ria", "pre_requisitos": [1305286], "codigo_departamento": 13050000.0, "codigo_disciplina": 1305303, "horas": 60.0}, {"semestre": 4.0, "pos_requisitos": [], "disciplina": "\u00c9tica II", "creditos": 4.0, "tipo": "Obrigat\u00f3ria", "pre_requisitos": [1305287], "codigo_departamento": 13050000.0, "codigo_disciplina": 1305304, "horas": 60.0}, {"semestre": 4.0, "pos_requisitos": [], "disciplina": "Filosofia da L\u00ednguagem I", "creditos": 4.0, "tipo": "Obrigat\u00f3ria", "pre_requisitos": [], "codigo_departamento": 13050000.0, "codigo_disciplina": 1305305, "horas": 60.0}, {"semestre": 5.0, "pos_requisitos": [1305329], "disciplina": "Hist\u00f3ria da Filosofia Moderna I", "creditos": 4.0, "tipo": "Obrigat\u00f3ria", "pre_requisitos": [], "codigo_departamento": 13050000.0, "codigo_disciplina": 1305314, "horas": 60.0}, {"semestre": 5.0, "pos_requisitos": [1305330], "disciplina": "Filosofia Pol\u00edtica I", "creditos": 4.0, "tipo": "Obrigat\u00f3ria", "pre_requisitos": [], "codigo_departamento": 13050000.0, "codigo_disciplina": 1305315, "horas": 60.0}, {"semestre": 5.0, "pos_requisitos": [], "disciplina": "Est\u00e9tica I", "creditos": 4.0, "tipo": "Obrigat\u00f3ria", "pre_requisitos": [], "codigo_departamento": 13050000.0, "codigo_disciplina": 1305316, "horas": 60.0}, {"semestre": 6.0, "pos_requisitos": [], "disciplina": "Hist\u00f3ria da Filosofia Moderna II", "creditos": 4.0, "tipo": "Obrigat\u00f3ria", "pre_requisitos": [1305314], "codigo_departamento": 13050000.0, "codigo_disciplina": 1305329, "horas": 60.0}, {"semestre": 6.0, "pos_requisitos": [], "disciplina": "Filosofia Pol\u00edtica II", "creditos": 4.0, "tipo": "Obrigat\u00f3ria", "pre_requisitos": [1305315], "codigo_departamento": 13050000.0, "codigo_disciplina": 1305330, "horas": 60.0}, {"semestre": 7.0, "pos_requisitos": [1305382], "disciplina": "Hist\u00f3ria da Filosofia Contempor\u00e2nea I", "creditos": 4.0, "tipo": "Obrigat\u00f3ria", "pre_requisitos": [], "codigo_departamento": 13050000.0, "codigo_disciplina": 1305335, "horas": 60.0}, {"semestre": 7.0, "pos_requisitos": [1305383], "disciplina": "Projeto de Tcc", "creditos": 4.0, "tipo": "Complementar", "pre_requisitos": [], "codigo_departamento": 13050000.0, "codigo_disciplina": 1305336, "horas": 60.0}, {"semestre": 8.0, "pos_requisitos": [], "disciplina": "Atividades Complementares Flex\u00edveis", "creditos": 14.0, "tipo": "Complementar", "pre_requisitos": [], "codigo_departamento": 13050000.0, "codigo_disciplina": 1305379, "horas": 210.0}, {"semestre": 8.0, "pos_requisitos": [], "disciplina": "Hist\u00f3ria da Filosofia Contempor\u00e2nea II", "creditos": 4.0, "tipo": "Obrigat\u00f3ria", "pre_requisitos": [1305335], "codigo_departamento": 13050000.0, "codigo_disciplina": 1305382, "horas": 60.0}, {"semestre": 8.0, "pos_requisitos": [], "disciplina": "Trabalho de Conclus\u00e3o de Curso", "creditos": 8.0, "tipo": "Complementar", "pre_requisitos": [1305336], "codigo_departamento": 13050000.0, "codigo_disciplina": 1305383, "horas": 120.0}]