[{"semestre": 1.0, "pos_requisitos": [5101048, 5101060], "disciplina": "C\u00e1lculo Diferencial e Integral I", "creditos": 6.0, "tipo": "Obrigat\u00f3ria", "pre_requisitos": [], "codigo_departamento": 51010000.0, "codigo_disciplina": 5101082, "horas": 90.0}, {"semestre": 1.0, "pos_requisitos": [5101023, 5101060, 5101061], "disciplina": "F\u00edsica I", "creditos": 6.0, "tipo": "Obrigat\u00f3ria", "pre_requisitos": [], "codigo_departamento": 51010000.0, "codigo_disciplina": 5101090, "horas": 90.0}, {"semestre": 1.0, "pos_requisitos": [5101173], "disciplina": "Introdu\u00e7\u00e3o \u00e0 Pesquisa em F\u00edsica", "creditos": 2.0, "tipo": "Obrigat\u00f3ria", "pre_requisitos": [], "codigo_departamento": 51010000.0, "codigo_disciplina": 5101095, "horas": 30.0}, {"semestre": 1.0, "pos_requisitos": [5101108], "disciplina": "\u00c1lgebra Vetorial e Geometria Anal\u00edtica", "creditos": 4.0, "tipo": "Obrigat\u00f3ria", "pre_requisitos": [], "codigo_departamento": 51010000.0, "codigo_disciplina": 5101012, "horas": 60.0}, {"semestre": 1.0, "pos_requisitos": [5101027, 5101026], "disciplina": "Introdu\u00e7\u00e3o \u00e0 Pr\u00e1tica em Ens. de F\u00edsica", "creditos": 2.0, "tipo": "Obrigat\u00f3ria", "pre_requisitos": [], "codigo_departamento": 51010000.0, "codigo_disciplina": 5101013, "horas": 30.0}, {"semestre": 1.0, "pos_requisitos": [5101054, 5101052], "disciplina": "Psicologia e Educa\u00e7\u00e3o", "creditos": 4.0, "tipo": "Obrigat\u00f3ria", "pre_requisitos": [], "codigo_departamento": 51010000.0, "codigo_disciplina": 5101016, "horas": 60.0}, {"semestre": 2.0, "pos_requisitos": [5101094, 5101079, 5101083, 5101138], "disciplina": "F\u00edsica II", "creditos": 4.0, "tipo": "Obrigat\u00f3ria", "pre_requisitos": [5101090, 5101082], "codigo_departamento": 51010000.0, "codigo_disciplina": 5101060, "horas": 60.0}, {"semestre": 2.0, "pos_requisitos": [], "disciplina": "Algoritmos e L\u00ednguagens de Programa\u00e7\u00e3o", "creditos": 4.0, "tipo": "Obrigat\u00f3ria", "pre_requisitos": [], "codigo_departamento": 51010000.0, "codigo_disciplina": 5101113, "horas": 60.0}, {"semestre": 2.0, "pos_requisitos": [5101061], "disciplina": "F\u00edsica Experimental I", "creditos": 2.0, "tipo": "Obrigat\u00f3ria", "pre_requisitos": [5101090], "codigo_departamento": 51010000.0, "codigo_disciplina": 5101023, "horas": 30.0}, {"semestre": 2.0, "pos_requisitos": [5101062], "disciplina": "Pr\u00e1t. de Ensino I - Mec\u00e2nica", "creditos": 2.0, "tipo": "Obrigat\u00f3ria", "pre_requisitos": [5101013], "codigo_departamento": 51010000.0, "codigo_disciplina": 5101026, "horas": 30.0}, {"semestre": 2.0, "pos_requisitos": [5101063], "disciplina": "Instrumenta\u00e7\u00e3o I: Mec\u00e2nica", "creditos": 4.0, "tipo": "Obrigat\u00f3ria", "pre_requisitos": [5101013], "codigo_departamento": 51010000.0, "codigo_disciplina": 5101027, "horas": 60.0}, {"semestre": 2.0, "pos_requisitos": [5101075, 5101094], "disciplina": "C\u00e1lculo Diferencial e Integral II", "creditos": 4.0, "tipo": "Obrigat\u00f3ria", "pre_requisitos": [5101082], "codigo_departamento": 51010000.0, "codigo_disciplina": 5101048, "horas": 60.0}, {"semestre": 2.0, "pos_requisitos": [], "disciplina": "Planejamento em Educa\u00e7\u00e3o", "creditos": 3.0, "tipo": "Obrigat\u00f3ria", "pre_requisitos": [5101016], "codigo_departamento": 51010000.0, "codigo_disciplina": 5101054, "horas": 45.0}, {"semestre": 3.0, "pos_requisitos": [5101079], "disciplina": "F\u00edsica Experimental II", "creditos": 2.0, "tipo": "Obrigat\u00f3ria", "pre_requisitos": [5101023, 5101090], "codigo_departamento": 51010000.0, "codigo_disciplina": 5101061, "horas": 30.0}, {"semestre": 3.0, "pos_requisitos": [5101080], "disciplina": "Prat. de Ens. II - Termodinamica e Ondas", "creditos": 4.0, "tipo": "Obrigat\u00f3ria", "pre_requisitos": [5101026], "codigo_departamento": 51010000.0, "codigo_disciplina": 5101062, "horas": 60.0}, {"semestre": 3.0, "pos_requisitos": [5101081], "disciplina": "Instrumentacao II - Termodinamica e Ondas", "creditos": 4.0, "tipo": "Obrigat\u00f3ria", "pre_requisitos": [5101027], "codigo_departamento": 51010000.0, "codigo_disciplina": 5101063, "horas": 60.0}, {"semestre": 3.0, "pos_requisitos": [], "disciplina": "Qu\u00edmica Geral", "creditos": 4.0, "tipo": "Obrigat\u00f3ria", "pre_requisitos": [], "codigo_departamento": 51010000.0, "codigo_disciplina": 5101065, "horas": 60.0}, {"semestre": 3.0, "pos_requisitos": [5101109, 5101106, 5101110], "disciplina": "C\u00e1lculo Diferencial e Integral III", "creditos": 4.0, "tipo": "Obrigat\u00f3ria", "pre_requisitos": [5101048], "codigo_departamento": 51010000.0, "codigo_disciplina": 5101075, "horas": 60.0}, {"semestre": 3.0, "pos_requisitos": [5101106, 5101110], "disciplina": "F\u00edsica III", "creditos": 4.0, "tipo": "Obrigat\u00f3ria", "pre_requisitos": [5101060, 5101048], "codigo_departamento": 51010000.0, "codigo_disciplina": 5101094, "horas": 60.0}, {"semestre": 3.0, "pos_requisitos": [], "disciplina": "Avalia\u00e7\u00e3o e Aprendizagem", "creditos": 3.0, "tipo": "Obrigat\u00f3ria", "pre_requisitos": [5101016], "codigo_departamento": 51010000.0, "codigo_disciplina": 5101052, "horas": 45.0}, {"semestre": 4.0, "pos_requisitos": [5101107], "disciplina": "F\u00edsica Experimental III", "creditos": 2.0, "tipo": "Obrigat\u00f3ria", "pre_requisitos": [5101061, 5101060], "codigo_departamento": 51010000.0, "codigo_disciplina": 5101079, "horas": 30.0}, {"semestre": 4.0, "pos_requisitos": [5101111], "disciplina": "Pr\u00e1tica de Ens. III - Eletromagnetismo", "creditos": 2.0, "tipo": "Obrigat\u00f3ria", "pre_requisitos": [5101062], "codigo_departamento": 51010000.0, "codigo_disciplina": 5101080, "horas": 30.0}, {"semestre": 4.0, "pos_requisitos": [5101112], "disciplina": "Instrumentacao III - Eletromagnetismo", "creditos": 4.0, "tipo": "Obrigat\u00f3ria", "pre_requisitos": [5101063], "codigo_departamento": 51010000.0, "codigo_disciplina": 5101081, "horas": 60.0}, {"semestre": 4.0, "pos_requisitos": [], "disciplina": "Termodinamica", "creditos": 4.0, "tipo": "Obrigat\u00f3ria", "pre_requisitos": [5101060], "codigo_departamento": 51010000.0, "codigo_disciplina": 5101083, "horas": 60.0}, {"semestre": 4.0, "pos_requisitos": [5101107, 5101140], "disciplina": "F\u00edsica IV", "creditos": 4.0, "tipo": "Obrigat\u00f3ria", "pre_requisitos": [5101094, 5101075], "codigo_departamento": 51010000.0, "codigo_disciplina": 5101106, "horas": 60.0}, {"semestre": 4.0, "pos_requisitos": [5101139, 5101138], "disciplina": "Equacoes Diferenciais Ordinarias", "creditos": 4.0, "tipo": "Obrigat\u00f3ria", "pre_requisitos": [5101075], "codigo_departamento": 51010000.0, "codigo_disciplina": 5101109, "horas": 60.0}, {"semestre": 4.0, "pos_requisitos": [], "disciplina": "Legisla\u00e7\u00e3o da Educa\u00e7\u00e3o B\u00e1sica", "creditos": 3.0, "tipo": "Obrigat\u00f3ria", "pre_requisitos": [], "codigo_departamento": 51010000.0, "codigo_disciplina": 5101033, "horas": 45.0}, {"semestre": 5.0, "pos_requisitos": [], "disciplina": "F\u00edsica Experimental IV", "creditos": 2.0, "tipo": "Obrigat\u00f3ria", "pre_requisitos": [5101079, 5101106], "codigo_departamento": 51010000.0, "codigo_disciplina": 5101107, "horas": 30.0}, {"semestre": 5.0, "pos_requisitos": [], "disciplina": "\u00c1lgebra Linear para F\u00edsica", "creditos": 4.0, "tipo": "Obrigat\u00f3ria", "pre_requisitos": [5101012], "codigo_departamento": 51010000.0, "codigo_disciplina": 5101108, "horas": 60.0}, {"semestre": 5.0, "pos_requisitos": [5101141, 5101159, 5101158], "disciplina": "F\u00edsica Moderna I", "creditos": 4.0, "tipo": "Obrigat\u00f3ria", "pre_requisitos": [5101094, 5101075], "codigo_departamento": 51010000.0, "codigo_disciplina": 5101110, "horas": 60.0}, {"semestre": 5.0, "pos_requisitos": [5101142, 5101161, 5101172], "disciplina": "Pr\u00e1tica de Ensino IV - \u00d3tica", "creditos": 3.0, "tipo": "Obrigat\u00f3ria", "pre_requisitos": [5101080], "codigo_departamento": 51010000.0, "codigo_disciplina": 5101111, "horas": 45.0}, {"semestre": 5.0, "pos_requisitos": [5101142, 5101161, 5101172], "disciplina": "Instrumenta\u00e7\u00e3o IV - \u00d3tica", "creditos": 4.0, "tipo": "Obrigat\u00f3ria", "pre_requisitos": [5101081], "codigo_departamento": 51010000.0, "codigo_disciplina": 5101112, "horas": 60.0}, {"semestre": 5.0, "pos_requisitos": [], "disciplina": "Mec\u00e2nica Cl\u00e1ssica", "creditos": 4.0, "tipo": "Obrigat\u00f3ria", "pre_requisitos": [5101060, 5101109], "codigo_departamento": 51010000.0, "codigo_disciplina": 5101138, "horas": 60.0}, {"semestre": 5.0, "pos_requisitos": [5101140, 5101157], "disciplina": "F\u00edsica Matem\u00e1tica", "creditos": 4.0, "tipo": "Obrigat\u00f3ria", "pre_requisitos": [5101109], "codigo_departamento": 51010000.0, "codigo_disciplina": 5101139, "horas": 60.0}, {"semestre": 6.0, "pos_requisitos": [], "disciplina": "Est\u00e1gio Curricular Supervisionado I", "creditos": 9.0, "tipo": "Obrigat\u00f3ria", "pre_requisitos": [5101111, 5101112], "codigo_departamento": 51010000.0, "codigo_disciplina": 5101142, "horas": 135.0}, {"semestre": 6.0, "pos_requisitos": [], "disciplina": "Ingl\u00eas Instrumental", "creditos": 4.0, "tipo": "Obrigat\u00f3ria", "pre_requisitos": [], "codigo_departamento": 51010000.0, "codigo_disciplina": 5101015, "horas": 60.0}, {"semestre": 6.0, "pos_requisitos": [], "disciplina": "Eletromagnetismo", "creditos": 4.0, "tipo": "Obrigat\u00f3ria", "pre_requisitos": [5101106, 5101139], "codigo_departamento": 51010000.0, "codigo_disciplina": 5101140, "horas": 60.0}, {"semestre": 6.0, "pos_requisitos": [5101157], "disciplina": "F\u00edsica Moderna II", "creditos": 4.0, "tipo": "Obrigat\u00f3ria", "pre_requisitos": [5101110], "codigo_departamento": 51010000.0, "codigo_disciplina": 5101141, "horas": 60.0}, {"semestre": 7.0, "pos_requisitos": [], "disciplina": "L\u00edngua Brasileira de Sinais", "creditos": 4.0, "tipo": "Obrigat\u00f3ria", "pre_requisitos": [], "codigo_departamento": 51010000.0, "codigo_disciplina": 5101148, "horas": 60.0}, {"semestre": 7.0, "pos_requisitos": [], "disciplina": "Mec\u00e2nica Qu\u00e2ntica", "creditos": 4.0, "tipo": "Obrigat\u00f3ria", "pre_requisitos": [5101139, 5101141], "codigo_departamento": 51010000.0, "codigo_disciplina": 5101157, "horas": 60.0}, {"semestre": 7.0, "pos_requisitos": [], "disciplina": "Laborat\u00f3rio de F\u00edsica Moderna", "creditos": 2.0, "tipo": "Obrigat\u00f3ria", "pre_requisitos": [5101110], "codigo_departamento": 51010000.0, "codigo_disciplina": 5101158, "horas": 30.0}, {"semestre": 7.0, "pos_requisitos": [], "disciplina": "Hist\u00f3ria e Filosofia da F\u00edsica", "creditos": 2.0, "tipo": "Obrigat\u00f3ria", "pre_requisitos": [5101110], "codigo_departamento": 51010000.0, "codigo_disciplina": 5101159, "horas": 30.0}, {"semestre": 7.0, "pos_requisitos": [], "disciplina": "Est\u00e1gio Curricular Supervisionado II", "creditos": 9.0, "tipo": "Obrigat\u00f3ria", "pre_requisitos": [5101111, 5101112], "codigo_departamento": 51010000.0, "codigo_disciplina": 5101161, "horas": 135.0}, {"semestre": 8.0, "pos_requisitos": [], "disciplina": "Atividades Acad\u00eamico - Cient\u00edfico - Culturais", "creditos": 14.0, "tipo": "Complementar", "pre_requisitos": [], "codigo_departamento": 51010000.0, "codigo_disciplina": 5101163, "horas": 210.0}, {"semestre": 8.0, "pos_requisitos": [], "disciplina": "Est\u00e1gio Curricular Supervisionado III", "creditos": 9.0, "tipo": "Obrigat\u00f3ria", "pre_requisitos": [5101111, 5101112], "codigo_departamento": 51010000.0, "codigo_disciplina": 5101172, "horas": 135.0}, {"semestre": 8.0, "pos_requisitos": [], "disciplina": "Trabalho de Conclus\u00e3o de Curso", "creditos": 4.0, "tipo": "Obrigat\u00f3ria", "pre_requisitos": [5101095], "codigo_departamento": 51010000.0, "codigo_disciplina": 5101173, "horas": 60.0}]