[{"semestre": 1.0, "pos_requisitos": [], "disciplina": "T\u00f3picos de Hist\u00f3ria e Ensino da F\u00edsica", "creditos": 4.0, "tipo": "Obrigat\u00f3ria", "pre_requisitos": [], "codigo_departamento": 11080000.0, "codigo_disciplina": 1108102, "horas": 60.0}, {"semestre": 1.0, "pos_requisitos": [1107004], "disciplina": "Qu\u00edmica Geral", "creditos": 4.0, "tipo": "Obrigat\u00f3ria", "pre_requisitos": [], "codigo_departamento": 11070000.0, "codigo_disciplina": 1107232, "horas": 60.0}, {"semestre": 1.0, "pos_requisitos": [1109131, 1108081], "disciplina": "C\u00e1lculo Diferencial e Integral I", "creditos": 4.0, "tipo": "Obrigat\u00f3ria", "pre_requisitos": [], "codigo_departamento": 11090000.0, "codigo_disciplina": 1109126, "horas": 60.0}, {"semestre": 1.0, "pos_requisitos": [1109049, 1108081], "disciplina": "\u00c1lgebra Vetorial e Geometria Anal\u00edtica", "creditos": 4.0, "tipo": "Obrigat\u00f3ria", "pre_requisitos": [], "codigo_departamento": 11090000.0, "codigo_disciplina": 1109035, "horas": 60.0}, {"semestre": 1.0, "pos_requisitos": [1108023, 1108081], "disciplina": "F\u00edsica Geral I", "creditos": 4.0, "tipo": "Obrigat\u00f3ria", "pre_requisitos": [], "codigo_departamento": 11080000.0, "codigo_disciplina": 1108030, "horas": 60.0}, {"semestre": 1.0, "pos_requisitos": [], "disciplina": "Introdu\u00e7\u00e3o \u00e0 Ci\u00eancia da Computa\u00e7\u00e3o", "creditos": 4.0, "tipo": "Obrigat\u00f3ria", "pre_requisitos": [], "codigo_departamento": 14110000.0, "codigo_disciplina": 1411001, "horas": 60.0}, {"semestre": 2.0, "pos_requisitos": [], "disciplina": "Prat. de Ens. da F\u00edsica na Educ. Basica", "creditos": 4.0, "tipo": "Obrigat\u00f3ria", "pre_requisitos": [], "codigo_departamento": 11080000.0, "codigo_disciplina": 1108103, "horas": 60.0}, {"semestre": 2.0, "pos_requisitos": [1109128, 1109010, 1108100], "disciplina": "C\u00e1lculo Diferencial e Integral II", "creditos": 4.0, "tipo": "Obrigat\u00f3ria", "pre_requisitos": [1109126], "codigo_departamento": 11090000.0, "codigo_disciplina": 1109131, "horas": 60.0}, {"semestre": 2.0, "pos_requisitos": [1108101, 1108104], "disciplina": "F\u00edsica Experimental I", "creditos": 4.0, "tipo": "Obrigat\u00f3ria", "pre_requisitos": [1108030], "codigo_departamento": 11080000.0, "codigo_disciplina": 1108023, "horas": 60.0}, {"semestre": 2.0, "pos_requisitos": [], "disciplina": "\u00c1lgebra Linear I", "creditos": 4.0, "tipo": "Obrigat\u00f3ria", "pre_requisitos": [1109035], "codigo_departamento": 11090000.0, "codigo_disciplina": 1109049, "horas": 60.0}, {"semestre": 2.0, "pos_requisitos": [], "disciplina": "Pol\u00edtica Educacional no Brasil", "creditos": 4.0, "tipo": "Obrigat\u00f3ria", "pre_requisitos": [], "codigo_departamento": 13040000.0, "codigo_disciplina": 1304293, "horas": 60.0}, {"semestre": 2.0, "pos_requisitos": [1108100, 1108104, 1108038, 1108056], "disciplina": "F\u00edsica Geral II", "creditos": 4.0, "tipo": "Obrigat\u00f3ria", "pre_requisitos": [1109035, 1109126, 1108030], "codigo_departamento": 11080000.0, "codigo_disciplina": 1108081, "horas": 60.0}, {"semestre": 3.0, "pos_requisitos": [1108105], "disciplina": "F\u00edsica Geral III", "creditos": 4.0, "tipo": "Obrigat\u00f3ria", "pre_requisitos": [1108081, 1109131], "codigo_departamento": 11080000.0, "codigo_disciplina": 1108100, "horas": 60.0}, {"semestre": 3.0, "pos_requisitos": [1108055], "disciplina": "F\u00edsica Experimental II", "creditos": 4.0, "tipo": "Obrigat\u00f3ria", "pre_requisitos": [1108023], "codigo_departamento": 11080000.0, "codigo_disciplina": 1108101, "horas": 60.0}, {"semestre": 3.0, "pos_requisitos": [], "disciplina": "Projeto Educacional a", "creditos": 4.0, "tipo": "Obrigat\u00f3ria", "pre_requisitos": [1108081, 1108023], "codigo_departamento": 11080000.0, "codigo_disciplina": 1108104, "horas": 60.0}, {"semestre": 3.0, "pos_requisitos": [1109134, 1108105, 1108038, 1108056], "disciplina": "C\u00e1lculo Diferencial e Integral III", "creditos": 4.0, "tipo": "Obrigat\u00f3ria", "pre_requisitos": [1109131], "codigo_departamento": 11090000.0, "codigo_disciplina": 1109128, "horas": 60.0}, {"semestre": 3.0, "pos_requisitos": [], "disciplina": "Psicologia Educacional", "creditos": 4.0, "tipo": "Obrigat\u00f3ria", "pre_requisitos": [], "codigo_departamento": 13040000.0, "codigo_disciplina": 1304295, "horas": 60.0}, {"semestre": 3.0, "pos_requisitos": [1108038], "disciplina": "Equacoes Diferenciais Lineares", "creditos": 4.0, "tipo": "Obrigat\u00f3ria", "pre_requisitos": [1109131], "codigo_departamento": 11090000.0, "codigo_disciplina": 1109010, "horas": 60.0}, {"semestre": 4.0, "pos_requisitos": [1108040, 1108107, 1108112], "disciplina": "F\u00edsica Geral IV", "creditos": 4.0, "tipo": "Obrigat\u00f3ria", "pre_requisitos": [1108100, 1109128], "codigo_departamento": 11080000.0, "codigo_disciplina": 1108105, "horas": 60.0}, {"semestre": 4.0, "pos_requisitos": [], "disciplina": "Instrumenta\u00e7\u00e3o para o Ensino da F\u00edsica a", "creditos": 4.0, "tipo": "Obrigat\u00f3ria", "pre_requisitos": [], "codigo_departamento": 11080000.0, "codigo_disciplina": 1108106, "horas": 60.0}, {"semestre": 4.0, "pos_requisitos": [], "disciplina": "Qu\u00edmica Org\u00e2nica I", "creditos": 4.0, "tipo": "Obrigat\u00f3ria", "pre_requisitos": [1107232], "codigo_departamento": 11070000.0, "codigo_disciplina": 1107004, "horas": 60.0}, {"semestre": 4.0, "pos_requisitos": [1108110], "disciplina": "Did\u00e1tica", "creditos": 4.0, "tipo": "Obrigat\u00f3ria", "pre_requisitos": [], "codigo_departamento": 13040000.0, "codigo_disciplina": 1304004, "horas": 60.0}, {"semestre": 4.0, "pos_requisitos": [1108108], "disciplina": "Mec\u00e2nica Cl\u00e1ssica I", "creditos": 4.0, "tipo": "Obrigat\u00f3ria", "pre_requisitos": [1108081, 1109010, 1109128], "codigo_departamento": 11080000.0, "codigo_disciplina": 1108038, "horas": 60.0}, {"semestre": 4.0, "pos_requisitos": [1108040, 1108108], "disciplina": "C\u00e1lculo Avancado", "creditos": 4.0, "tipo": "Obrigat\u00f3ria", "pre_requisitos": [1109128], "codigo_departamento": 11090000.0, "codigo_disciplina": 1109134, "horas": 60.0}, {"semestre": 5.0, "pos_requisitos": [], "disciplina": "F\u00edsica Matem\u00e1tica I", "creditos": 4.0, "tipo": "Obrigat\u00f3ria", "pre_requisitos": [1108038, 1109134], "codigo_departamento": 11080000.0, "codigo_disciplina": 1108108, "horas": 60.0}, {"semestre": 5.0, "pos_requisitos": [1108111], "disciplina": "M\u00e9todologia e Pr\u00e1t do Ensino de F\u00edsica", "creditos": 4.0, "tipo": "Obrigat\u00f3ria", "pre_requisitos": [1304004], "codigo_departamento": 11080000.0, "codigo_disciplina": 1108110, "horas": 60.0}, {"semestre": 5.0, "pos_requisitos": [1108114], "disciplina": "F\u00edsica Moderna", "creditos": 4.0, "tipo": "Obrigat\u00f3ria", "pre_requisitos": [1108105], "codigo_departamento": 11080000.0, "codigo_disciplina": 1108107, "horas": 60.0}, {"semestre": 5.0, "pos_requisitos": [], "disciplina": "Eletromagnetismo I", "creditos": 4.0, "tipo": "Obrigat\u00f3ria", "pre_requisitos": [1109134, 1108105], "codigo_departamento": 11080000.0, "codigo_disciplina": 1108040, "horas": 60.0}, {"semestre": 5.0, "pos_requisitos": [], "disciplina": "Laborat\u00f3rio de F\u00edsica Moderna", "creditos": 4.0, "tipo": "Obrigat\u00f3ria", "pre_requisitos": [1108101], "codigo_departamento": 11080000.0, "codigo_disciplina": 1108055, "horas": 60.0}, {"semestre": 6.0, "pos_requisitos": [1108113], "disciplina": "Est\u00e1gio Superv. em Ensino da F\u00edsica I", "creditos": 8.0, "tipo": "Complementar", "pre_requisitos": [1108110], "codigo_departamento": 11080000.0, "codigo_disciplina": 1108111, "horas": 120.0}, {"semestre": 6.0, "pos_requisitos": [], "disciplina": "Mec\u00e2nica Qu\u00e2ntica I", "creditos": 4.0, "tipo": "Obrigat\u00f3ria", "pre_requisitos": [1108105], "codigo_departamento": 11080000.0, "codigo_disciplina": 1108112, "horas": 60.0}, {"semestre": 6.0, "pos_requisitos": [], "disciplina": "\u00d3tica F\u00edsica", "creditos": 4.0, "tipo": "Obrigat\u00f3ria", "pre_requisitos": [], "codigo_departamento": 11080000.0, "codigo_disciplina": 1108050, "horas": 60.0}, {"semestre": 6.0, "pos_requisitos": [], "disciplina": "Termodinamica", "creditos": 4.0, "tipo": "Obrigat\u00f3ria", "pre_requisitos": [1108081, 1109128], "codigo_departamento": 11080000.0, "codigo_disciplina": 1108056, "horas": 60.0}, {"semestre": 7.0, "pos_requisitos": [], "disciplina": "Est\u00e1gio Superv. em Ensino da F\u00edsica II", "creditos": 9.0, "tipo": "Complementar", "pre_requisitos": [1108111], "codigo_departamento": 11080000.0, "codigo_disciplina": 1108113, "horas": 135.0}, {"semestre": 7.0, "pos_requisitos": [], "disciplina": "Projeto Educacional B", "creditos": 4.0, "tipo": "Obrigat\u00f3ria", "pre_requisitos": [1108107], "codigo_departamento": 11080000.0, "codigo_disciplina": 1108114, "horas": 60.0}, {"semestre": 7.0, "pos_requisitos": [], "disciplina": "Instrumenta\u00e7\u00e3o para o Ensino da F\u00edsica B", "creditos": 4.0, "tipo": "Obrigat\u00f3ria", "pre_requisitos": [], "codigo_departamento": 11080000.0, "codigo_disciplina": 1108115, "horas": 60.0}]