[{"semestre": null, "pos_requisitos": [], "disciplina": "F\u00edsica Ambiental", "creditos": 4.0, "tipo": "Complementar", "pre_requisitos": [2102294, 2102324], "codigo_departamento": 21020000.0, "codigo_disciplina": 2102354, "horas": 60.0}, {"semestre": 1.0, "pos_requisitos": [2103227], "disciplina": "Psicologia da Educa\u00e7\u00e3o", "creditos": 4.0, "tipo": "Obrigat\u00f3ria", "pre_requisitos": [], "codigo_departamento": 21030000.0, "codigo_disciplina": 2103265, "horas": 60.0}, {"semestre": 1.0, "pos_requisitos": [], "disciplina": "Pol\u00edtica Educacional", "creditos": 4.0, "tipo": "Obrigat\u00f3ria", "pre_requisitos": [], "codigo_departamento": 21030000.0, "codigo_disciplina": 2103266, "horas": 60.0}, {"semestre": 1.0, "pos_requisitos": [2102260], "disciplina": "Geometria Anal\u00edtica e \u00c1lgebra Linear", "creditos": 4.0, "tipo": "Obrigat\u00f3ria", "pre_requisitos": [], "codigo_departamento": 21020000.0, "codigo_disciplina": 2102241, "horas": 60.0}, {"semestre": 1.0, "pos_requisitos": [2102266], "disciplina": "Int a Prat do Ens da Fis na Educ Basica", "creditos": 4.0, "tipo": "Obrigat\u00f3ria", "pre_requisitos": [], "codigo_departamento": 21020000.0, "codigo_disciplina": 2102242, "horas": 60.0}, {"semestre": 1.0, "pos_requisitos": [2102274], "disciplina": "Qu\u00edmica Geral I", "creditos": 4.0, "tipo": "Obrigat\u00f3ria", "pre_requisitos": [], "codigo_departamento": 21020000.0, "codigo_disciplina": 2102247, "horas": 60.0}, {"semestre": 2.0, "pos_requisitos": [2102265, 2102266, 2102296, 2102275], "disciplina": "Did\u00e1tica", "creditos": 4.0, "tipo": "Obrigat\u00f3ria", "pre_requisitos": [2103265], "codigo_departamento": 21030000.0, "codigo_disciplina": 2103227, "horas": 60.0}, {"semestre": 2.0, "pos_requisitos": [], "disciplina": "Educa\u00e7\u00e3o Etnicorracial e Diversidade", "creditos": 4.0, "tipo": "Obrigat\u00f3ria", "pre_requisitos": [], "codigo_departamento": 21030000.0, "codigo_disciplina": 2103267, "horas": 60.0}, {"semestre": 2.0, "pos_requisitos": [2102263, 2102264], "disciplina": "Calc Dif e Integ das Func de Uma Variave", "creditos": 4.0, "tipo": "Obrigat\u00f3ria", "pre_requisitos": [2102241], "codigo_departamento": 21020000.0, "codigo_disciplina": 2102260, "horas": 60.0}, {"semestre": 2.0, "pos_requisitos": [], "disciplina": "Semin de Hist e Filosof das C. Naturais", "creditos": 4.0, "tipo": "Obrigat\u00f3ria", "pre_requisitos": [], "codigo_departamento": 21020000.0, "codigo_disciplina": 2102261, "horas": 60.0}, {"semestre": 2.0, "pos_requisitos": [], "disciplina": "Ecologia Geral", "creditos": 4.0, "tipo": "Obrigat\u00f3ria", "pre_requisitos": [], "codigo_departamento": 21020000.0, "codigo_disciplina": 2102262, "horas": 60.0}, {"semestre": 3.0, "pos_requisitos": [2102280], "disciplina": "Calc Dif e Integ das Func de Varias Vari", "creditos": 4.0, "tipo": "Obrigat\u00f3ria", "pre_requisitos": [2102260], "codigo_departamento": 21020000.0, "codigo_disciplina": 2102263, "horas": 60.0}, {"semestre": 3.0, "pos_requisitos": [2102281, 2102279, 2102282, 2102294], "disciplina": "Fundamentos da Mec\u00e2nica Cl\u00e1ssica I", "creditos": 4.0, "tipo": "Obrigat\u00f3ria", "pre_requisitos": [2102260], "codigo_departamento": 21020000.0, "codigo_disciplina": 2102264, "horas": 60.0}, {"semestre": 3.0, "pos_requisitos": [], "disciplina": "Inform e Ens das Cienc Nat na Educ Basic", "creditos": 4.0, "tipo": "Obrigat\u00f3ria", "pre_requisitos": [2103227], "codigo_departamento": 21020000.0, "codigo_disciplina": 2102265, "horas": 60.0}, {"semestre": 3.0, "pos_requisitos": [2102293], "disciplina": "Pr\u00e1t. Ens. F\u00edsica no Ens. Fundamental", "creditos": 4.0, "tipo": "Obrigat\u00f3ria", "pre_requisitos": [2103227, 2102242], "codigo_departamento": 21020000.0, "codigo_disciplina": 2102266, "horas": 60.0}, {"semestre": 4.0, "pos_requisitos": [2102295, 2102324], "disciplina": "Fundamentos da Mec\u00e2nica Cl\u00e1ssica II", "creditos": 4.0, "tipo": "Obrigat\u00f3ria", "pre_requisitos": [2102264], "codigo_departamento": 21020000.0, "codigo_disciplina": 2102279, "horas": 60.0}, {"semestre": 4.0, "pos_requisitos": [2102295, 2102340], "disciplina": "Equacoes Diferenciais", "creditos": 4.0, "tipo": "Obrigat\u00f3ria", "pre_requisitos": [2102263], "codigo_departamento": 21020000.0, "codigo_disciplina": 2102280, "horas": 60.0}, {"semestre": 4.0, "pos_requisitos": [], "disciplina": "F\u00edsica Experimental I", "creditos": 4.0, "tipo": "Obrigat\u00f3ria", "pre_requisitos": [2102264], "codigo_departamento": 21020000.0, "codigo_disciplina": 2102281, "horas": 60.0}, {"semestre": 4.0, "pos_requisitos": [2102296], "disciplina": "Inst. P/ o Ens. da F\u00edsica na Ed. B\u00e1sica", "creditos": 4.0, "tipo": "Obrigat\u00f3ria", "pre_requisitos": [2102264], "codigo_departamento": 21020000.0, "codigo_disciplina": 2102282, "horas": 60.0}, {"semestre": 4.0, "pos_requisitos": [], "disciplina": "Semin\u00e1rio de Pesquisa em Ens. da F\u00edsica", "creditos": 4.0, "tipo": "Obrigat\u00f3ria", "pre_requisitos": [], "codigo_departamento": 21020000.0, "codigo_disciplina": 2102283, "horas": 60.0}, {"semestre": 5.0, "pos_requisitos": [2102339], "disciplina": "Est\u00e1gio Supervisionado I", "creditos": 7.0, "tipo": "Complementar", "pre_requisitos": [2102266], "codigo_departamento": 21020000.0, "codigo_disciplina": 2102293, "horas": 105.0}, {"semestre": 5.0, "pos_requisitos": [2102323, 2102326, 2102354], "disciplina": "Fundamentos da Temodinamica e da Optica", "creditos": 4.0, "tipo": "Obrigat\u00f3ria", "pre_requisitos": [2102264], "codigo_departamento": 21020000.0, "codigo_disciplina": 2102294, "horas": 60.0}, {"semestre": 5.0, "pos_requisitos": [], "disciplina": "Mec\u00e2nica Geral", "creditos": 4.0, "tipo": "Obrigat\u00f3ria", "pre_requisitos": [2102280, 2102279], "codigo_departamento": 21020000.0, "codigo_disciplina": 2102295, "horas": 60.0}, {"semestre": 5.0, "pos_requisitos": [2102325], "disciplina": "Pr\u00e1tica do Ens da F\u00edsica no Ens M\u00e9dio I", "creditos": 4.0, "tipo": "Obrigat\u00f3ria", "pre_requisitos": [2103227, 2102282], "codigo_departamento": 21020000.0, "codigo_disciplina": 2102296, "horas": 60.0}, {"semestre": 6.0, "pos_requisitos": [], "disciplina": "F\u00edsica Experimental II", "creditos": 4.0, "tipo": "Obrigat\u00f3ria", "pre_requisitos": [2102294], "codigo_departamento": 21020000.0, "codigo_disciplina": 2102323, "horas": 60.0}, {"semestre": 6.0, "pos_requisitos": [2102340, 2102352, 2102354], "disciplina": "Fundamentos do Eletromagnetismo", "creditos": 4.0, "tipo": "Obrigat\u00f3ria", "pre_requisitos": [2102279], "codigo_departamento": 21020000.0, "codigo_disciplina": 2102324, "horas": 60.0}, {"semestre": 6.0, "pos_requisitos": [], "disciplina": "Pr\u00e1tica do Ens da F\u00edsica no Ens M\u00e9dio II", "creditos": 4.0, "tipo": "Obrigat\u00f3ria", "pre_requisitos": [2102296], "codigo_departamento": 21020000.0, "codigo_disciplina": 2102325, "horas": 60.0}, {"semestre": 6.0, "pos_requisitos": [], "disciplina": "Termodinamica", "creditos": 4.0, "tipo": "Obrigat\u00f3ria", "pre_requisitos": [2102294], "codigo_departamento": 21020000.0, "codigo_disciplina": 2102326, "horas": 60.0}, {"semestre": 7.0, "pos_requisitos": [], "disciplina": "Ens da Fis P/ Jovens e Adult na Educ Bas", "creditos": 4.0, "tipo": "Complementar", "pre_requisitos": [2103227], "codigo_departamento": 21020000.0, "codigo_disciplina": 2102275, "horas": 60.0}, {"semestre": 7.0, "pos_requisitos": [2102361], "disciplina": "Est\u00e1gio Supervisionado II", "creditos": 6.0, "tipo": "Complementar", "pre_requisitos": [2102293], "codigo_departamento": 21020000.0, "codigo_disciplina": 2102339, "horas": 90.0}, {"semestre": 7.0, "pos_requisitos": [2102362], "disciplina": "Eletromagnetismo", "creditos": 4.0, "tipo": "Obrigat\u00f3ria", "pre_requisitos": [2102280, 2102324], "codigo_departamento": 21020000.0, "codigo_disciplina": 2102340, "horas": 60.0}, {"semestre": 7.0, "pos_requisitos": [], "disciplina": "L\u00edngua Brasileira de Sinais", "creditos": 4.0, "tipo": "Obrigat\u00f3ria", "pre_requisitos": [], "codigo_departamento": 21040000.0, "codigo_disciplina": 2104012, "horas": 60.0}, {"semestre": 8.0, "pos_requisitos": [], "disciplina": "Fundamentos da Qu\u00edmica Org\u00e2nica", "creditos": 4.0, "tipo": "Obrigat\u00f3ria", "pre_requisitos": [2102247], "codigo_departamento": 21020000.0, "codigo_disciplina": 2102274, "horas": 60.0}, {"semestre": 8.0, "pos_requisitos": [], "disciplina": "F\u00edsica Moderna e Contemporanea I", "creditos": 4.0, "tipo": "Obrigat\u00f3ria", "pre_requisitos": [2102324], "codigo_departamento": 21020000.0, "codigo_disciplina": 2102352, "horas": 60.0}, {"semestre": 8.0, "pos_requisitos": [], "disciplina": "Est\u00e1gio Supervisionado III", "creditos": 7.0, "tipo": "Complementar", "pre_requisitos": [2102339], "codigo_departamento": 21020000.0, "codigo_disciplina": 2102361, "horas": 105.0}, {"semestre": 8.0, "pos_requisitos": [], "disciplina": "Optica", "creditos": 4.0, "tipo": "Obrigat\u00f3ria", "pre_requisitos": [2102340], "codigo_departamento": 21020000.0, "codigo_disciplina": 2102362, "horas": 60.0}]