[{"semestre": null, "pos_requisitos": [], "disciplina": "Enade/Concluinte", "creditos": null, "tipo": "Complementar", "pre_requisitos": [], "codigo_departamento": 13050000.0, "codigo_disciplina": 1305253, "horas": null}, {"semestre": null, "pos_requisitos": [], "disciplina": "Ativ Comp de Nat Acad - Cient - Culturais", "creditos": 14.0, "tipo": "Complementar", "pre_requisitos": [], "codigo_departamento": 21010000.0, "codigo_disciplina": 2101035, "horas": 210.0}, {"semestre": null, "pos_requisitos": [], "disciplina": "Enade/Ingressante", "creditos": null, "tipo": "Complementar", "pre_requisitos": [], "codigo_departamento": 13050000.0, "codigo_disciplina": 1305254, "horas": null}, {"semestre": 1.0, "pos_requisitos": [], "disciplina": "Introdu\u00e7\u00e3o a Sociologia", "creditos": 4.0, "tipo": "Obrigat\u00f3ria", "pre_requisitos": [], "codigo_departamento": 21010000.0, "codigo_disciplina": 2101000, "horas": 60.0}, {"semestre": 1.0, "pos_requisitos": [], "disciplina": "Introdu\u00e7\u00e3o \u00e0 Filosofia", "creditos": 4.0, "tipo": "Obrigat\u00f3ria", "pre_requisitos": [], "codigo_departamento": 21010000.0, "codigo_disciplina": 2101001, "horas": 60.0}, {"semestre": 1.0, "pos_requisitos": [2101027], "disciplina": "Evolucao do Pensamento Geografico", "creditos": 4.0, "tipo": "Obrigat\u00f3ria", "pre_requisitos": [], "codigo_departamento": 21010000.0, "codigo_disciplina": 2101005, "horas": 60.0}, {"semestre": 1.0, "pos_requisitos": [2101029], "disciplina": "M\u00e9todologia Cient\u00edfica", "creditos": 4.0, "tipo": "Obrigat\u00f3ria", "pre_requisitos": [], "codigo_departamento": 21010000.0, "codigo_disciplina": 2101023, "horas": 60.0}, {"semestre": 1.0, "pos_requisitos": [], "disciplina": "L\u00edngua Portuguesa", "creditos": 4.0, "tipo": "Obrigat\u00f3ria", "pre_requisitos": [], "codigo_departamento": 21040000.0, "codigo_disciplina": 2104005, "horas": 60.0}, {"semestre": 2.0, "pos_requisitos": [], "disciplina": "Educa\u00e7\u00e3o Ambiental", "creditos": 3.0, "tipo": "Obrigat\u00f3ria", "pre_requisitos": [], "codigo_departamento": 21010000.0, "codigo_disciplina": 2101003, "horas": 45.0}, {"semestre": 2.0, "pos_requisitos": [2101010, 2101014, 2101025, 2101015, 2101017], "disciplina": "Climatologia", "creditos": 4.0, "tipo": "Obrigat\u00f3ria", "pre_requisitos": [], "codigo_departamento": 21010000.0, "codigo_disciplina": 2101006, "horas": 60.0}, {"semestre": 2.0, "pos_requisitos": [2101010, 2101014, 2101025, 2101015, 2101017], "disciplina": "Geologia Geral", "creditos": 5.0, "tipo": "Obrigat\u00f3ria", "pre_requisitos": [], "codigo_departamento": 21010000.0, "codigo_disciplina": 2101009, "horas": 75.0}, {"semestre": 2.0, "pos_requisitos": [2101024, 2101022], "disciplina": "Cartografia Geral", "creditos": 4.0, "tipo": "Obrigat\u00f3ria", "pre_requisitos": [], "codigo_departamento": 21010000.0, "codigo_disciplina": 2101021, "horas": 60.0}, {"semestre": 2.0, "pos_requisitos": [], "disciplina": "L\u00edngua Estrangeira", "creditos": 4.0, "tipo": "Obrigat\u00f3ria", "pre_requisitos": [], "codigo_departamento": 21040000.0, "codigo_disciplina": 2104004, "horas": 60.0}, {"semestre": 3.0, "pos_requisitos": [2101012, 2101026], "disciplina": "Geografia Economica", "creditos": 4.0, "tipo": "Obrigat\u00f3ria", "pre_requisitos": [], "codigo_departamento": 21010000.0, "codigo_disciplina": 2101007, "horas": 60.0}, {"semestre": 3.0, "pos_requisitos": [2101026], "disciplina": "Geografia da Populacao", "creditos": 4.0, "tipo": "Obrigat\u00f3ria", "pre_requisitos": [], "codigo_departamento": 21010000.0, "codigo_disciplina": 2101008, "horas": 60.0}, {"semestre": 3.0, "pos_requisitos": [2101025, 2101015, 2101017], "disciplina": "Geomorfologia", "creditos": 5.0, "tipo": "Obrigat\u00f3ria", "pre_requisitos": [2101009, 2101006], "codigo_departamento": 21010000.0, "codigo_disciplina": 2101010, "horas": 75.0}, {"semestre": 3.0, "pos_requisitos": [], "disciplina": "Pr\u00e1tica de Ensino em Cartografia", "creditos": 6.0, "tipo": "Obrigat\u00f3ria", "pre_requisitos": [2101021], "codigo_departamento": 21010000.0, "codigo_disciplina": 2101024, "horas": 90.0}, {"semestre": 4.0, "pos_requisitos": [2101026], "disciplina": "Geografia Urbana", "creditos": 4.0, "tipo": "Obrigat\u00f3ria", "pre_requisitos": [], "codigo_departamento": 21010000.0, "codigo_disciplina": 2101011, "horas": 60.0}, {"semestre": 4.0, "pos_requisitos": [], "disciplina": "Geografia da Paraiba", "creditos": 4.0, "tipo": "Obrigat\u00f3ria", "pre_requisitos": [], "codigo_departamento": 21010000.0, "codigo_disciplina": 2101019, "horas": 60.0}, {"semestre": 4.0, "pos_requisitos": [2101031, 2101032, 2101033], "disciplina": "Psicologia da Educa\u00e7\u00e3o", "creditos": 4.0, "tipo": "Obrigat\u00f3ria", "pre_requisitos": [], "codigo_departamento": 21030000.0, "codigo_disciplina": 2103215, "horas": 60.0}, {"semestre": 4.0, "pos_requisitos": [2101031, 2101032, 2101033], "disciplina": "Did\u00e1tica", "creditos": 6.0, "tipo": "Obrigat\u00f3ria", "pre_requisitos": [], "codigo_departamento": 21030000.0, "codigo_disciplina": 2103002, "horas": 90.0}, {"semestre": 5.0, "pos_requisitos": [2101026], "disciplina": "Geografia Agraria", "creditos": 4.0, "tipo": "Obrigat\u00f3ria", "pre_requisitos": [2101007], "codigo_departamento": 21010000.0, "codigo_disciplina": 2101012, "horas": 60.0}, {"semestre": 5.0, "pos_requisitos": [], "disciplina": "Pedologia", "creditos": 4.0, "tipo": "Obrigat\u00f3ria", "pre_requisitos": [2101009, 2101006], "codigo_departamento": 21010000.0, "codigo_disciplina": 2101014, "horas": 60.0}, {"semestre": 5.0, "pos_requisitos": [], "disciplina": "Pr\u00e1tica de Ensino em Geografia F\u00edsica", "creditos": 8.0, "tipo": "Obrigat\u00f3ria", "pre_requisitos": [2101006, 2101010, 2101009], "codigo_departamento": 21010000.0, "codigo_disciplina": 2101025, "horas": 120.0}, {"semestre": 5.0, "pos_requisitos": [2101030], "disciplina": "Estrutura e Funcionamento do Ens Basico", "creditos": 4.0, "tipo": "Obrigat\u00f3ria", "pre_requisitos": [], "codigo_departamento": 21030000.0, "codigo_disciplina": 2103217, "horas": 60.0}, {"semestre": 6.0, "pos_requisitos": [], "disciplina": "Biogeografia", "creditos": 4.0, "tipo": "Obrigat\u00f3ria", "pre_requisitos": [], "codigo_departamento": 21010000.0, "codigo_disciplina": 2101013, "horas": 60.0}, {"semestre": 6.0, "pos_requisitos": [2101028], "disciplina": "Geografia F\u00edsica do Brasil", "creditos": 4.0, "tipo": "Obrigat\u00f3ria", "pre_requisitos": [2101009, 2101006, 2101010], "codigo_departamento": 21010000.0, "codigo_disciplina": 2101015, "horas": 60.0}, {"semestre": 6.0, "pos_requisitos": [2101028], "disciplina": "Geografia Regional do Brasil", "creditos": 4.0, "tipo": "Obrigat\u00f3ria", "pre_requisitos": [], "codigo_departamento": 21010000.0, "codigo_disciplina": 2101016, "horas": 60.0}, {"semestre": 6.0, "pos_requisitos": [2101031], "disciplina": "Estag Curricular Superv em Geografia I", "creditos": 5.0, "tipo": "Complementar", "pre_requisitos": [2103217], "codigo_departamento": 21010000.0, "codigo_disciplina": 2101030, "horas": 75.0}, {"semestre": 7.0, "pos_requisitos": [], "disciplina": "Geohidrologia", "creditos": 4.0, "tipo": "Obrigat\u00f3ria", "pre_requisitos": [2101010, 2101006, 2101009], "codigo_departamento": 21010000.0, "codigo_disciplina": 2101017, "horas": 60.0}, {"semestre": 7.0, "pos_requisitos": [], "disciplina": "Pr\u00e1tica de Ensino em Geografia Humana", "creditos": 8.0, "tipo": "Obrigat\u00f3ria", "pre_requisitos": [2101011, 2101008, 2101012, 2101007], "codigo_departamento": 21010000.0, "codigo_disciplina": 2101026, "horas": 120.0}, {"semestre": 7.0, "pos_requisitos": [2101032], "disciplina": "Estag Curricular Superv em Geografia II", "creditos": 8.0, "tipo": "Complementar", "pre_requisitos": [2101030, 2103215, 2103002], "codigo_departamento": 21010000.0, "codigo_disciplina": 2101031, "horas": 120.0}, {"semestre": 8.0, "pos_requisitos": [2101029], "disciplina": "Teoria e M\u00e9todo da Geografia", "creditos": 4.0, "tipo": "Obrigat\u00f3ria", "pre_requisitos": [2101005], "codigo_departamento": 21010000.0, "codigo_disciplina": 2101027, "horas": 60.0}, {"semestre": 8.0, "pos_requisitos": [], "disciplina": "Prat de Ens em Geog Regional do Brasil", "creditos": 5.0, "tipo": "Obrigat\u00f3ria", "pre_requisitos": [2101015, 2101016], "codigo_departamento": 21010000.0, "codigo_disciplina": 2101028, "horas": 75.0}, {"semestre": 8.0, "pos_requisitos": [2101033], "disciplina": "Estag Curricular Superv em Geografia III", "creditos": 6.0, "tipo": "Complementar", "pre_requisitos": [2101031, 2103215, 2103002], "codigo_departamento": 21010000.0, "codigo_disciplina": 2101032, "horas": 90.0}, {"semestre": 8.0, "pos_requisitos": [], "disciplina": "Psic do Des e da Aprend na Adolescencia", "creditos": 4.0, "tipo": "Obrigat\u00f3ria", "pre_requisitos": [], "codigo_departamento": 21030000.0, "codigo_disciplina": 2103216, "horas": 60.0}, {"semestre": 9.0, "pos_requisitos": [], "disciplina": "Geografia do Espaco Mundial", "creditos": 4.0, "tipo": "Obrigat\u00f3ria", "pre_requisitos": [], "codigo_departamento": 21010000.0, "codigo_disciplina": 2101018, "horas": 60.0}, {"semestre": 9.0, "pos_requisitos": [], "disciplina": "Estag Curricular Superv em Geografia IV", "creditos": 8.0, "tipo": "Complementar", "pre_requisitos": [2101032, 2103215, 2103002], "codigo_departamento": 21010000.0, "codigo_disciplina": 2101033, "horas": 120.0}, {"semestre": 9.0, "pos_requisitos": [2104007], "disciplina": "L\u00edngua Brasileira de Sinais I - Libras I", "creditos": 2.0, "tipo": "Obrigat\u00f3ria", "pre_requisitos": [], "codigo_departamento": 21040000.0, "codigo_disciplina": 2104006, "horas": 30.0}, {"semestre": 9.0, "pos_requisitos": [2101034], "disciplina": "Projeto de Pesquisa", "creditos": 4.0, "tipo": "Obrigat\u00f3ria", "pre_requisitos": [2101023, 2101027], "codigo_departamento": 21010000.0, "codigo_disciplina": 2101029, "horas": 60.0}, {"semestre": 10.0, "pos_requisitos": [], "disciplina": "Geografia do Turismo", "creditos": 4.0, "tipo": "Obrigat\u00f3ria", "pre_requisitos": [], "codigo_departamento": 21010000.0, "codigo_disciplina": 2101020, "horas": 60.0}, {"semestre": 10.0, "pos_requisitos": [], "disciplina": "Introdu\u00e7\u00e3o ao Geoprocessamento", "creditos": 4.0, "tipo": "Obrigat\u00f3ria", "pre_requisitos": [2101021], "codigo_departamento": 21010000.0, "codigo_disciplina": 2101022, "horas": 60.0}, {"semestre": 10.0, "pos_requisitos": [], "disciplina": "Trabalho de Conclus\u00e3o de Curso", "creditos": 4.0, "tipo": "Complementar", "pre_requisitos": [2101029], "codigo_departamento": 21010000.0, "codigo_disciplina": 2101034, "horas": 60.0}, {"semestre": 10.0, "pos_requisitos": [], "disciplina": "L\u00edngua Brasileira de Sinais II - Libras II", "creditos": 2.0, "tipo": "Obrigat\u00f3ria", "pre_requisitos": [2104006], "codigo_departamento": 21040000.0, "codigo_disciplina": 2104007, "horas": 30.0}]