[{"semestre": 1.0, "pos_requisitos": [], "disciplina": "L\u00edngua Portuguesa", "creditos": 4.0, "tipo": "Obrigat\u00f3ria", "pre_requisitos": [], "codigo_departamento": 13070000.0, "codigo_disciplina": 1307169, "horas": 60.0}, {"semestre": 1.0, "pos_requisitos": [], "disciplina": "Introdu\u00e7\u00e3o a Sociologia", "creditos": 4.0, "tipo": "Obrigat\u00f3ria", "pre_requisitos": [], "codigo_departamento": 13050000.0, "codigo_disciplina": 1305027, "horas": 60.0}, {"semestre": 1.0, "pos_requisitos": [1308005], "disciplina": "Hist\u00f3ria do Pensamento Geogr\u00e1fico", "creditos": 4.0, "tipo": "Obrigat\u00f3ria", "pre_requisitos": [], "codigo_departamento": 13080000.0, "codigo_disciplina": 1308002, "horas": 60.0}, {"semestre": 1.0, "pos_requisitos": [1308010], "disciplina": "Fundamentos para Estudo em Geologia", "creditos": 4.0, "tipo": "Obrigat\u00f3ria", "pre_requisitos": [], "codigo_departamento": 13080000.0, "codigo_disciplina": 1308003, "horas": 60.0}, {"semestre": 1.0, "pos_requisitos": [], "disciplina": "Met. do Trab. Cient: as Normas da Prod. Text", "creditos": 4.0, "tipo": "Obrigat\u00f3ria", "pre_requisitos": [], "codigo_departamento": 13080000.0, "codigo_disciplina": 1308004, "horas": 60.0}, {"semestre": 2.0, "pos_requisitos": [], "disciplina": "Teoria e M\u00e9todos em Geografia", "creditos": 4.0, "tipo": "Obrigat\u00f3ria", "pre_requisitos": [1308002], "codigo_departamento": 13080000.0, "codigo_disciplina": 1308005, "horas": 60.0}, {"semestre": 2.0, "pos_requisitos": [1308011], "disciplina": "Fundamentos para Estudo em Geomorfologia", "creditos": 4.0, "tipo": "Obrigat\u00f3ria", "pre_requisitos": [], "codigo_departamento": 13080000.0, "codigo_disciplina": 1308006, "horas": 60.0}, {"semestre": 2.0, "pos_requisitos": [1308036], "disciplina": "Cartografia e Estudos Correlatos", "creditos": 4.0, "tipo": "Obrigat\u00f3ria", "pre_requisitos": [], "codigo_departamento": 13080000.0, "codigo_disciplina": 1308007, "horas": 60.0}, {"semestre": 2.0, "pos_requisitos": [], "disciplina": "Elementos e Dinamicas Demograficas", "creditos": 4.0, "tipo": "Obrigat\u00f3ria", "pre_requisitos": [], "codigo_departamento": 13080000.0, "codigo_disciplina": 1308008, "horas": 60.0}, {"semestre": 2.0, "pos_requisitos": [], "disciplina": "Leitura e Prod. de Textos em Geografia", "creditos": 4.0, "tipo": "Obrigat\u00f3ria", "pre_requisitos": [], "codigo_departamento": 13080000.0, "codigo_disciplina": 1308024, "horas": 60.0}, {"semestre": 3.0, "pos_requisitos": [], "disciplina": "Estudo de Campo", "creditos": 4.0, "tipo": "Obrigat\u00f3ria", "pre_requisitos": [], "codigo_departamento": 13080000.0, "codigo_disciplina": 1308009, "horas": 60.0}, {"semestre": 3.0, "pos_requisitos": [1308017], "disciplina": "Fundamentos para Estudo em Climatologia", "creditos": 4.0, "tipo": "Obrigat\u00f3ria", "pre_requisitos": [1308003], "codigo_departamento": 13080000.0, "codigo_disciplina": 1308010, "horas": 60.0}, {"semestre": 3.0, "pos_requisitos": [], "disciplina": "Fundamentos para Estudo em Pedologia", "creditos": 4.0, "tipo": "Obrigat\u00f3ria", "pre_requisitos": [1308006], "codigo_departamento": 13080000.0, "codigo_disciplina": 1308011, "horas": 60.0}, {"semestre": 3.0, "pos_requisitos": [], "disciplina": "Fundamentos para Estudo em Geog Agraria", "creditos": 4.0, "tipo": "Obrigat\u00f3ria", "pre_requisitos": [], "codigo_departamento": 13080000.0, "codigo_disciplina": 1308012, "horas": 60.0}, {"semestre": 3.0, "pos_requisitos": [], "disciplina": "Fundamentos para Estudo em Geog Urbana", "creditos": 4.0, "tipo": "Obrigat\u00f3ria", "pre_requisitos": [], "codigo_departamento": 13080000.0, "codigo_disciplina": 1308013, "horas": 60.0}, {"semestre": 4.0, "pos_requisitos": [], "disciplina": "Geografia Economica", "creditos": 4.0, "tipo": "Obrigat\u00f3ria", "pre_requisitos": [], "codigo_departamento": 13080000.0, "codigo_disciplina": 1308001, "horas": 60.0}, {"semestre": 4.0, "pos_requisitos": [], "disciplina": "Geografia Pol\u00edtica", "creditos": 4.0, "tipo": "Obrigat\u00f3ria", "pre_requisitos": [], "codigo_departamento": 13080000.0, "codigo_disciplina": 1308015, "horas": 60.0}, {"semestre": 4.0, "pos_requisitos": [], "disciplina": "Forma\u00e7\u00e3o Territorial do Brasil", "creditos": 4.0, "tipo": "Obrigat\u00f3ria", "pre_requisitos": [], "codigo_departamento": 13080000.0, "codigo_disciplina": 1308016, "horas": 60.0}, {"semestre": 4.0, "pos_requisitos": [], "disciplina": "Fundamentos para Estudo em Biogeografia", "creditos": 4.0, "tipo": "Obrigat\u00f3ria", "pre_requisitos": [1308010], "codigo_departamento": 13080000.0, "codigo_disciplina": 1308017, "horas": 60.0}, {"semestre": 4.0, "pos_requisitos": [1308020], "disciplina": "Regiao e Regionalizacao", "creditos": 4.0, "tipo": "Obrigat\u00f3ria", "pre_requisitos": [], "codigo_departamento": 13080000.0, "codigo_disciplina": 1308018, "horas": 60.0}, {"semestre": 5.0, "pos_requisitos": [], "disciplina": "Pol\u00edtica Educacional no Brasil", "creditos": 4.0, "tipo": "Obrigat\u00f3ria", "pre_requisitos": [], "codigo_departamento": 13040000.0, "codigo_disciplina": 1304293, "horas": 60.0}, {"semestre": 5.0, "pos_requisitos": [1308021], "disciplina": "Est\u00e1gio Curricular Supervisionado I", "creditos": 7.0, "tipo": "Complementar", "pre_requisitos": [], "codigo_departamento": 13080000.0, "codigo_disciplina": 1308019, "horas": 105.0}, {"semestre": 5.0, "pos_requisitos": [1308014], "disciplina": "Geografia Regional do Brasil", "creditos": 4.0, "tipo": "Obrigat\u00f3ria", "pre_requisitos": [1308018], "codigo_departamento": 13080000.0, "codigo_disciplina": 1308020, "horas": 60.0}, {"semestre": 5.0, "pos_requisitos": [1308037], "disciplina": "Pr\u00e1tica de Ensino em Geografia", "creditos": 4.0, "tipo": "Obrigat\u00f3ria", "pre_requisitos": [], "codigo_departamento": 13080000.0, "codigo_disciplina": 1308023, "horas": 60.0}, {"semestre": 6.0, "pos_requisitos": [], "disciplina": "Did\u00e1tica", "creditos": 4.0, "tipo": "Obrigat\u00f3ria", "pre_requisitos": [], "codigo_departamento": 13040000.0, "codigo_disciplina": 1304004, "horas": 60.0}, {"semestre": 6.0, "pos_requisitos": [], "disciplina": "Psicologia Educacional", "creditos": 4.0, "tipo": "Obrigat\u00f3ria", "pre_requisitos": [], "codigo_departamento": 13040000.0, "codigo_disciplina": 1304295, "horas": 60.0}, {"semestre": 6.0, "pos_requisitos": [], "disciplina": "Geografia da Paraiba", "creditos": 4.0, "tipo": "Obrigat\u00f3ria", "pre_requisitos": [1308020], "codigo_departamento": 13080000.0, "codigo_disciplina": 1308014, "horas": 60.0}, {"semestre": 6.0, "pos_requisitos": [1308031], "disciplina": "Est\u00e1gio Curricular Supervisionado II", "creditos": 7.0, "tipo": "Complementar", "pre_requisitos": [1308019], "codigo_departamento": 13080000.0, "codigo_disciplina": 1308021, "horas": 105.0}, {"semestre": 7.0, "pos_requisitos": [], "disciplina": "Inform\u00e1tica Apl. ao Ensino de Geografia", "creditos": 4.0, "tipo": "Obrigat\u00f3ria", "pre_requisitos": [], "codigo_departamento": 13080000.0, "codigo_disciplina": 1308032, "horas": 60.0}, {"semestre": 7.0, "pos_requisitos": [], "disciplina": "Geografia dos Recursos Hidricos", "creditos": 4.0, "tipo": "Obrigat\u00f3ria", "pre_requisitos": [], "codigo_departamento": 13080000.0, "codigo_disciplina": 1308033, "horas": 60.0}, {"semestre": 7.0, "pos_requisitos": [1308042], "disciplina": "Projeto de Pesquisa", "creditos": 4.0, "tipo": "Obrigat\u00f3ria", "pre_requisitos": [], "codigo_departamento": 13080000.0, "codigo_disciplina": 1308025, "horas": 60.0}, {"semestre": 7.0, "pos_requisitos": [1308034], "disciplina": "Est\u00e1gio Curricular Supervisionado III", "creditos": 7.0, "tipo": "Complementar", "pre_requisitos": [1308021], "codigo_departamento": 13080000.0, "codigo_disciplina": 1308031, "horas": 105.0}, {"semestre": 8.0, "pos_requisitos": [], "disciplina": "Est\u00e1gio Curricular Supervisionado IV", "creditos": 6.0, "tipo": "Complementar", "pre_requisitos": [1308031], "codigo_departamento": 13080000.0, "codigo_disciplina": 1308034, "horas": 90.0}, {"semestre": 8.0, "pos_requisitos": [], "disciplina": "Geografia Regional do Mundo", "creditos": 4.0, "tipo": "Obrigat\u00f3ria", "pre_requisitos": [], "codigo_departamento": 13080000.0, "codigo_disciplina": 1308035, "horas": 60.0}, {"semestre": 8.0, "pos_requisitos": [], "disciplina": "Sensoriamento Remoto e Geoprocessamento", "creditos": 4.0, "tipo": "Obrigat\u00f3ria", "pre_requisitos": [1308007], "codigo_departamento": 13080000.0, "codigo_disciplina": 1308036, "horas": 60.0}, {"semestre": 8.0, "pos_requisitos": [], "disciplina": "M\u00e9todologia do Ensino em Geografia", "creditos": 4.0, "tipo": "Obrigat\u00f3ria", "pre_requisitos": [1308023], "codigo_departamento": 13080000.0, "codigo_disciplina": 1308037, "horas": 60.0}, {"semestre": 8.0, "pos_requisitos": [], "disciplina": "Geografia Cultural", "creditos": 4.0, "tipo": "Obrigat\u00f3ria", "pre_requisitos": [], "codigo_departamento": 13080000.0, "codigo_disciplina": 1308022, "horas": 60.0}, {"semestre": 9.0, "pos_requisitos": [], "disciplina": "Trabalho de Conclus\u00e3o de Curso", "creditos": 4.0, "tipo": "Complementar", "pre_requisitos": [1308025], "codigo_departamento": 13080000.0, "codigo_disciplina": 1308042, "horas": 60.0}, {"semestre": 9.0, "pos_requisitos": [], "disciplina": "Atividades Acad\u00eamico - Cient\u00edfico - Culturais", "creditos": 14.0, "tipo": "Complementar", "pre_requisitos": [], "codigo_departamento": 13080000.0, "codigo_disciplina": 1308044, "horas": 210.0}, {"semestre": 9.0, "pos_requisitos": [], "disciplina": "Prod. e Inst. de Rec. Didat. em Geografia", "creditos": 4.0, "tipo": "Obrigat\u00f3ria", "pre_requisitos": [], "codigo_departamento": 13080000.0, "codigo_disciplina": 1308030, "horas": 60.0}]