[{"semestre": null, "pos_requisitos": [], "disciplina": "Franc\u00eas", "creditos": null, "tipo": "Complementar", "pre_requisitos": [], "codigo_departamento": 13070000.0, "codigo_disciplina": 1307009, "horas": null}, {"semestre": null, "pos_requisitos": [], "disciplina": "Ingl\u00eas", "creditos": null, "tipo": "Complementar", "pre_requisitos": [], "codigo_departamento": 13070000.0, "codigo_disciplina": 1307011, "horas": null}, {"semestre": null, "pos_requisitos": [], "disciplina": "Geografia Humana", "creditos": null, "tipo": "Complementar", "pre_requisitos": [], "codigo_departamento": 13080000.0, "codigo_disciplina": 1308046, "horas": null}, {"semestre": null, "pos_requisitos": [], "disciplina": "Estrutura Func Ens I - II Graus", "creditos": null, "tipo": "Complementar", "pre_requisitos": [], "codigo_departamento": 13040000.0, "codigo_disciplina": 1304087, "horas": null}, {"semestre": null, "pos_requisitos": [], "disciplina": "L\u00edngua Portuguesa", "creditos": null, "tipo": "Complementar", "pre_requisitos": [], "codigo_departamento": 13070000.0, "codigo_disciplina": 1307045, "horas": null}, {"semestre": null, "pos_requisitos": [], "disciplina": "Met. do Ens. de Hist. no I e Iig", "creditos": null, "tipo": "Complementar", "pre_requisitos": [], "codigo_departamento": 13060000.0, "codigo_disciplina": 1306023, "horas": null}, {"semestre": null, "pos_requisitos": [], "disciplina": "Prat Ens Hist na Esc I e II G", "creditos": null, "tipo": "Complementar", "pre_requisitos": [1304063], "codigo_departamento": 13060000.0, "codigo_disciplina": 1306038, "horas": null}, {"semestre": null, "pos_requisitos": [], "disciplina": "Teh (As Capturas do Voo das Emo\u00e7 na Pesq)", "creditos": null, "tipo": "Complementar", "pre_requisitos": [], "codigo_departamento": 13060000.0, "codigo_disciplina": 1306297, "horas": null}, {"semestre": null, "pos_requisitos": [], "disciplina": "Teh (Hist\u00f3ria das Religi\u00f5es no Brasil)", "creditos": null, "tipo": "Complementar", "pre_requisitos": [], "codigo_departamento": 13060000.0, "codigo_disciplina": 1306302, "horas": null}, {"semestre": null, "pos_requisitos": [], "disciplina": "Teh (O Nasc. Contracultura Eua)", "creditos": null, "tipo": "Complementar", "pre_requisitos": [], "codigo_departamento": 13060000.0, "codigo_disciplina": 1306051, "horas": null}, {"semestre": null, "pos_requisitos": [], "disciplina": "Teh (A Esc Numa P. Comparativa)", "creditos": null, "tipo": "Complementar", "pre_requisitos": [], "codigo_departamento": 13060000.0, "codigo_disciplina": 1306054, "horas": null}, {"semestre": null, "pos_requisitos": [], "disciplina": "Teh (Int. ao Est. da Inform\u00e1tica)", "creditos": null, "tipo": "Complementar", "pre_requisitos": [], "codigo_departamento": 13060000.0, "codigo_disciplina": 1306055, "horas": null}, {"semestre": null, "pos_requisitos": [], "disciplina": "Teh (Modernidade Brasileira - Anos 50)", "creditos": null, "tipo": "Complementar", "pre_requisitos": [], "codigo_departamento": 13060000.0, "codigo_disciplina": 1306058, "horas": null}, {"semestre": null, "pos_requisitos": [], "disciplina": "Teh (Teoria e Met. no Ens. de Hist\u00f3ria)", "creditos": null, "tipo": "Complementar", "pre_requisitos": [], "codigo_departamento": 13060000.0, "codigo_disciplina": 1306059, "horas": null}, {"semestre": null, "pos_requisitos": [], "disciplina": "Teh (O Imaginario da Cidade Moderna)", "creditos": null, "tipo": "Complementar", "pre_requisitos": [], "codigo_departamento": 13060000.0, "codigo_disciplina": 1306061, "horas": null}, {"semestre": null, "pos_requisitos": [], "disciplina": "Teh (Curriculo, Historico e Ensino)", "creditos": null, "tipo": "Complementar", "pre_requisitos": [], "codigo_departamento": 13060000.0, "codigo_disciplina": 1306062, "horas": null}, {"semestre": null, "pos_requisitos": [], "disciplina": "Teh (Complementacao da Prat. de Ensino)", "creditos": null, "tipo": "Complementar", "pre_requisitos": [], "codigo_departamento": 13060000.0, "codigo_disciplina": 1306064, "horas": null}, {"semestre": null, "pos_requisitos": [], "disciplina": "Teh (Hist. Social e Hist. Cultural)", "creditos": null, "tipo": "Complementar", "pre_requisitos": [], "codigo_departamento": 13060000.0, "codigo_disciplina": 1306066, "horas": null}, {"semestre": null, "pos_requisitos": [], "disciplina": "Teh (Hist\u00f3ria da \u00c1frica)", "creditos": null, "tipo": "Complementar", "pre_requisitos": [], "codigo_departamento": 13060000.0, "codigo_disciplina": 1306075, "horas": null}, {"semestre": 1.0, "pos_requisitos": [], "disciplina": "Pr\u00e9 - Hist\u00f3ria", "creditos": 4.0, "tipo": "Obrigat\u00f3ria", "pre_requisitos": [], "codigo_departamento": 13060000.0, "codigo_disciplina": 1306001, "horas": 60.0}, {"semestre": 1.0, "pos_requisitos": [1306004], "disciplina": "Hist\u00f3ria Antiga Oriental", "creditos": 4.0, "tipo": "Obrigat\u00f3ria", "pre_requisitos": [], "codigo_departamento": 13060000.0, "codigo_disciplina": 1306002, "horas": 60.0}, {"semestre": 1.0, "pos_requisitos": [1306005], "disciplina": "Hist\u00f3ria Antiga Ocidental", "creditos": 4.0, "tipo": "Obrigat\u00f3ria", "pre_requisitos": [], "codigo_departamento": 13060000.0, "codigo_disciplina": 1306003, "horas": 60.0}, {"semestre": 1.0, "pos_requisitos": [1306019, 1306020], "disciplina": "Introdu\u00e7\u00e3o ao Estudo da Hist\u00f3ria", "creditos": 4.0, "tipo": "Obrigat\u00f3ria", "pre_requisitos": [], "codigo_departamento": 13060000.0, "codigo_disciplina": 1306018, "horas": 60.0}, {"semestre": 1.0, "pos_requisitos": [], "disciplina": "Teoria da Hist\u00f3ria", "creditos": 4.0, "tipo": "Obrigat\u00f3ria", "pre_requisitos": [1306018], "codigo_departamento": 13060000.0, "codigo_disciplina": 1306019, "horas": 60.0}, {"semestre": 2.0, "pos_requisitos": [], "disciplina": "Introdu\u00e7\u00e3o a Economia Pol\u00edtica", "creditos": 4.0, "tipo": "Complementar", "pre_requisitos": [], "codigo_departamento": 13030000.0, "codigo_disciplina": 1303036, "horas": 60.0}, {"semestre": 3.0, "pos_requisitos": [1306008], "disciplina": "Hist\u00f3ria Moderna Ocidental", "creditos": 4.0, "tipo": "Obrigat\u00f3ria", "pre_requisitos": [1306005], "codigo_departamento": 13060000.0, "codigo_disciplina": 1306007, "horas": 60.0}, {"semestre": 3.0, "pos_requisitos": [1306006], "disciplina": "Hist\u00f3ria Medieval Oriental", "creditos": 4.0, "tipo": "Obrigat\u00f3ria", "pre_requisitos": [1306002], "codigo_departamento": 13060000.0, "codigo_disciplina": 1306004, "horas": 60.0}, {"semestre": 3.0, "pos_requisitos": [1306007, 1306025], "disciplina": "Hist\u00f3ria Medieval Ocidental", "creditos": 4.0, "tipo": "Obrigat\u00f3ria", "pre_requisitos": [1306003], "codigo_departamento": 13060000.0, "codigo_disciplina": 1306005, "horas": 60.0}, {"semestre": 3.0, "pos_requisitos": [], "disciplina": "Hist\u00f3ria Moderna Oriental", "creditos": 4.0, "tipo": "Obrigat\u00f3ria", "pre_requisitos": [1306004], "codigo_departamento": 13060000.0, "codigo_disciplina": 1306006, "horas": 60.0}, {"semestre": 3.0, "pos_requisitos": [1306028], "disciplina": "Hist\u00f3ria Econ\u00f4mica Geral", "creditos": 4.0, "tipo": "Obrigat\u00f3ria", "pre_requisitos": [], "codigo_departamento": 13060000.0, "codigo_disciplina": 1306027, "horas": 60.0}, {"semestre": 4.0, "pos_requisitos": [1306012, 1306024], "disciplina": "Hist\u00f3ria do Brasil I", "creditos": 4.0, "tipo": "Obrigat\u00f3ria", "pre_requisitos": [], "codigo_departamento": 13060000.0, "codigo_disciplina": 1306011, "horas": 60.0}, {"semestre": 4.0, "pos_requisitos": [1306016], "disciplina": "Hist\u00f3ria da Am\u00e9rica I", "creditos": 4.0, "tipo": "Obrigat\u00f3ria", "pre_requisitos": [], "codigo_departamento": 13060000.0, "codigo_disciplina": 1306015, "horas": 60.0}, {"semestre": 4.0, "pos_requisitos": [], "disciplina": "Hist\u00f3ria Econ\u00f4mica do Brasil", "creditos": 4.0, "tipo": "Obrigat\u00f3ria", "pre_requisitos": [1306027], "codigo_departamento": 13060000.0, "codigo_disciplina": 1306028, "horas": 60.0}, {"semestre": 4.0, "pos_requisitos": [], "disciplina": "Civiliza\u00e7\u00e3o Ib\u00e9rica", "creditos": 4.0, "tipo": "Obrigat\u00f3ria", "pre_requisitos": [], "codigo_departamento": 13060000.0, "codigo_disciplina": 1306036, "horas": 60.0}, {"semestre": 5.0, "pos_requisitos": [1306009], "disciplina": "Hist\u00f3ria Contempor\u00e2nea I", "creditos": 4.0, "tipo": "Obrigat\u00f3ria", "pre_requisitos": [1306007], "codigo_departamento": 13060000.0, "codigo_disciplina": 1306008, "horas": 60.0}, {"semestre": 5.0, "pos_requisitos": [1306013], "disciplina": "Hist\u00f3ria do Brasil II", "creditos": 4.0, "tipo": "Obrigat\u00f3ria", "pre_requisitos": [1306011], "codigo_departamento": 13060000.0, "codigo_disciplina": 1306012, "horas": 60.0}, {"semestre": 5.0, "pos_requisitos": [1306017], "disciplina": "Hist\u00f3ria da Am\u00e9rica II", "creditos": 4.0, "tipo": "Obrigat\u00f3ria", "pre_requisitos": [1306015], "codigo_departamento": 13060000.0, "codigo_disciplina": 1306016, "horas": 60.0}, {"semestre": 5.0, "pos_requisitos": [1306026], "disciplina": "Hist\u00f3ria da Para\u00edba I", "creditos": 4.0, "tipo": "Obrigat\u00f3ria", "pre_requisitos": [1306005], "codigo_departamento": 13060000.0, "codigo_disciplina": 1306025, "horas": 60.0}, {"semestre": 5.0, "pos_requisitos": [1306030], "disciplina": "Hist do Pens Pol e Soc Geral", "creditos": 4.0, "tipo": "Complementar", "pre_requisitos": [], "codigo_departamento": 13060000.0, "codigo_disciplina": 1306029, "horas": 60.0}, {"semestre": 5.0, "pos_requisitos": [], "disciplina": "Psicologia Educac/Adolescencia", "creditos": 4.0, "tipo": "Complementar", "pre_requisitos": [], "codigo_departamento": 13040000.0, "codigo_disciplina": 1304058, "horas": 60.0}, {"semestre": 6.0, "pos_requisitos": [1306010], "disciplina": "Hist\u00f3ria Contempor\u00e2nea II", "creditos": 4.0, "tipo": "Obrigat\u00f3ria", "pre_requisitos": [1306008], "codigo_departamento": 13060000.0, "codigo_disciplina": 1306009, "horas": 60.0}, {"semestre": 6.0, "pos_requisitos": [], "disciplina": "Hist\u00f3ria Contempor\u00e2nea III", "creditos": 4.0, "tipo": "Obrigat\u00f3ria", "pre_requisitos": [1306009], "codigo_departamento": 13060000.0, "codigo_disciplina": 1306010, "horas": 60.0}, {"semestre": 6.0, "pos_requisitos": [1306014], "disciplina": "Hist\u00f3ria do Brasil III", "creditos": 4.0, "tipo": "Obrigat\u00f3ria", "pre_requisitos": [1306012], "codigo_departamento": 13060000.0, "codigo_disciplina": 1306013, "horas": 60.0}, {"semestre": 6.0, "pos_requisitos": [], "disciplina": "Hist\u00f3ria da Am\u00e9rica III", "creditos": 4.0, "tipo": "Obrigat\u00f3ria", "pre_requisitos": [1306016], "codigo_departamento": 13060000.0, "codigo_disciplina": 1306017, "horas": 60.0}, {"semestre": 6.0, "pos_requisitos": [], "disciplina": "Hist\u00f3ria da Para\u00edba II", "creditos": 4.0, "tipo": "Obrigat\u00f3ria", "pre_requisitos": [1306025], "codigo_departamento": 13060000.0, "codigo_disciplina": 1306026, "horas": 60.0}, {"semestre": 6.0, "pos_requisitos": [], "disciplina": "Hist do Pens Pol e Soc Brasil", "creditos": 4.0, "tipo": "Complementar", "pre_requisitos": [1306029], "codigo_departamento": 13060000.0, "codigo_disciplina": 1306030, "horas": 60.0}, {"semestre": 6.0, "pos_requisitos": [], "disciplina": "Psic Educacional/Aprendizagem", "creditos": 4.0, "tipo": "Complementar", "pre_requisitos": [], "codigo_departamento": 13040000.0, "codigo_disciplina": 1304019, "horas": 60.0}, {"semestre": 7.0, "pos_requisitos": [], "disciplina": "Hist\u00f3ria do Brasil IV", "creditos": 4.0, "tipo": "Obrigat\u00f3ria", "pre_requisitos": [1306013], "codigo_departamento": 13060000.0, "codigo_disciplina": 1306014, "horas": 60.0}, {"semestre": 7.0, "pos_requisitos": [], "disciplina": "Historiografia Brasileira", "creditos": 4.0, "tipo": "Complementar", "pre_requisitos": [1306018], "codigo_departamento": 13060000.0, "codigo_disciplina": 1306020, "horas": 60.0}, {"semestre": 7.0, "pos_requisitos": [], "disciplina": "Hist\u00f3ria do Nordeste", "creditos": 4.0, "tipo": "Obrigat\u00f3ria", "pre_requisitos": [1306011], "codigo_departamento": 13060000.0, "codigo_disciplina": 1306024, "horas": 60.0}, {"semestre": 7.0, "pos_requisitos": [1306038], "disciplina": "Did\u00e1tica", "creditos": 4.0, "tipo": "Complementar", "pre_requisitos": [], "codigo_departamento": 13040000.0, "codigo_disciplina": 1304063, "horas": 60.0}]