[{"semestre": null, "pos_requisitos": [], "disciplina": "Estrutura Func Ens I - II Graus", "creditos": null, "tipo": "Complementar", "pre_requisitos": [], "codigo_departamento": 19030000.0, "codigo_disciplina": 1903054, "horas": null}, {"semestre": null, "pos_requisitos": [], "disciplina": "Libras", "creditos": null, "tipo": "Complementar", "pre_requisitos": [], "codigo_departamento": 19030000.0, "codigo_disciplina": 1903059, "horas": null}, {"semestre": null, "pos_requisitos": [], "disciplina": "Met. do Ens. de Hist. no I e Iig", "creditos": null, "tipo": "Complementar", "pre_requisitos": [], "codigo_departamento": 19030000.0, "codigo_disciplina": 1903070, "horas": null}, {"semestre": null, "pos_requisitos": [], "disciplina": "Prat Ens Hist na Esc I e II G", "creditos": null, "tipo": "Complementar", "pre_requisitos": [], "codigo_departamento": 19030000.0, "codigo_disciplina": 1903073, "horas": null}, {"semestre": null, "pos_requisitos": [], "disciplina": "Teh (O Nasc. Contracultura Eua)", "creditos": null, "tipo": "Complementar", "pre_requisitos": [], "codigo_departamento": 19030000.0, "codigo_disciplina": 1903076, "horas": null}, {"semestre": null, "pos_requisitos": [], "disciplina": "Teh (A Esc Numa P. Comparativa)", "creditos": null, "tipo": "Complementar", "pre_requisitos": [], "codigo_departamento": 19030000.0, "codigo_disciplina": 1903077, "horas": null}, {"semestre": null, "pos_requisitos": [], "disciplina": "Teh (Int. ao Est. da Inform\u00e1tica)", "creditos": null, "tipo": "Complementar", "pre_requisitos": [], "codigo_departamento": 19030000.0, "codigo_disciplina": 1903078, "horas": null}, {"semestre": null, "pos_requisitos": [], "disciplina": "Teh (Modernidade Brasileira - Anos 50)", "creditos": null, "tipo": "Complementar", "pre_requisitos": [], "codigo_departamento": 19030000.0, "codigo_disciplina": 1903079, "horas": null}, {"semestre": null, "pos_requisitos": [], "disciplina": "Teh (Teoria e Met. no Ens. de Hist\u00f3ria)", "creditos": null, "tipo": "Complementar", "pre_requisitos": [], "codigo_departamento": 19030000.0, "codigo_disciplina": 1903080, "horas": null}, {"semestre": null, "pos_requisitos": [], "disciplina": "Teh (O Imaginario da Cidade Moderna)", "creditos": null, "tipo": "Complementar", "pre_requisitos": [], "codigo_departamento": 19030000.0, "codigo_disciplina": 1903081, "horas": null}, {"semestre": null, "pos_requisitos": [], "disciplina": "Teh (Curriculo, Historico e Ensino)", "creditos": null, "tipo": "Complementar", "pre_requisitos": [], "codigo_departamento": 19030000.0, "codigo_disciplina": 1903082, "horas": null}, {"semestre": null, "pos_requisitos": [], "disciplina": "Teh (Complementacao da Prat. de Ensino)", "creditos": null, "tipo": "Complementar", "pre_requisitos": [], "codigo_departamento": 19030000.0, "codigo_disciplina": 1903083, "horas": null}, {"semestre": null, "pos_requisitos": [], "disciplina": "Teh (Hist. Social e Hist. Cultural)", "creditos": null, "tipo": "Complementar", "pre_requisitos": [], "codigo_departamento": 19030000.0, "codigo_disciplina": 1903084, "horas": null}, {"semestre": null, "pos_requisitos": [], "disciplina": "Teh (Hist\u00f3ria da \u00c1frica)", "creditos": null, "tipo": "Complementar", "pre_requisitos": [], "codigo_departamento": 19030000.0, "codigo_disciplina": 1903085, "horas": null}, {"semestre": null, "pos_requisitos": [], "disciplina": "Teh (As Capturas do Voo das Emo\u00e7 na Pesq)", "creditos": null, "tipo": "Complementar", "pre_requisitos": [], "codigo_departamento": 19030000.0, "codigo_disciplina": 1903086, "horas": null}, {"semestre": null, "pos_requisitos": [], "disciplina": "Teh (Hist\u00f3ria das Religi\u00f5es no Brasil)", "creditos": null, "tipo": "Complementar", "pre_requisitos": [], "codigo_departamento": 19030000.0, "codigo_disciplina": 1903087, "horas": null}, {"semestre": null, "pos_requisitos": [], "disciplina": "Franc\u00eas", "creditos": null, "tipo": "Complementar", "pre_requisitos": [], "codigo_departamento": 19030000.0, "codigo_disciplina": 1903089, "horas": null}, {"semestre": null, "pos_requisitos": [], "disciplina": "Ingl\u00eas", "creditos": null, "tipo": "Complementar", "pre_requisitos": [], "codigo_departamento": 19030000.0, "codigo_disciplina": 1903090, "horas": null}, {"semestre": null, "pos_requisitos": [], "disciplina": "L\u00edngua Portuguesa", "creditos": null, "tipo": "Complementar", "pre_requisitos": [], "codigo_departamento": 19030000.0, "codigo_disciplina": 1903091, "horas": null}, {"semestre": null, "pos_requisitos": [], "disciplina": "Geografia Humana", "creditos": null, "tipo": "Complementar", "pre_requisitos": [], "codigo_departamento": 19030000.0, "codigo_disciplina": 1903094, "horas": null}, {"semestre": 1.0, "pos_requisitos": [], "disciplina": "Pr\u00e9 - Hist\u00f3ria", "creditos": 4.0, "tipo": "Obrigat\u00f3ria", "pre_requisitos": [], "codigo_departamento": 19030000.0, "codigo_disciplina": 1903001, "horas": 60.0}, {"semestre": 1.0, "pos_requisitos": [], "disciplina": "Hist\u00f3ria Antiga Oriental", "creditos": 4.0, "tipo": "Obrigat\u00f3ria", "pre_requisitos": [], "codigo_departamento": 19030000.0, "codigo_disciplina": 1903002, "horas": 60.0}, {"semestre": 1.0, "pos_requisitos": [], "disciplina": "Hist\u00f3ria Antiga Ocidental", "creditos": 4.0, "tipo": "Obrigat\u00f3ria", "pre_requisitos": [], "codigo_departamento": 19030000.0, "codigo_disciplina": 1903003, "horas": 60.0}, {"semestre": 1.0, "pos_requisitos": [], "disciplina": "Introdu\u00e7\u00e3o ao Estudo da Hist\u00f3ria", "creditos": 4.0, "tipo": "Obrigat\u00f3ria", "pre_requisitos": [], "codigo_departamento": 19030000.0, "codigo_disciplina": 1903004, "horas": 60.0}, {"semestre": 1.0, "pos_requisitos": [], "disciplina": "Teoria da Hist\u00f3ria", "creditos": 4.0, "tipo": "Obrigat\u00f3ria", "pre_requisitos": [], "codigo_departamento": 19030000.0, "codigo_disciplina": 1903005, "horas": 60.0}, {"semestre": 2.0, "pos_requisitos": [], "disciplina": "Introdu\u00e7\u00e3o a Economia Pol\u00edtica", "creditos": 4.0, "tipo": "Complementar", "pre_requisitos": [], "codigo_departamento": 19030000.0, "codigo_disciplina": 1903006, "horas": 60.0}, {"semestre": 3.0, "pos_requisitos": [], "disciplina": "Hist\u00f3ria Medieval Oriental", "creditos": 4.0, "tipo": "Obrigat\u00f3ria", "pre_requisitos": [], "codigo_departamento": 19030000.0, "codigo_disciplina": 1903007, "horas": 60.0}, {"semestre": 3.0, "pos_requisitos": [], "disciplina": "Hist\u00f3ria Medieval Ocidental", "creditos": 4.0, "tipo": "Obrigat\u00f3ria", "pre_requisitos": [], "codigo_departamento": 19030000.0, "codigo_disciplina": 1903008, "horas": 60.0}, {"semestre": 3.0, "pos_requisitos": [], "disciplina": "Hist\u00f3ria Moderna Oriental", "creditos": 4.0, "tipo": "Obrigat\u00f3ria", "pre_requisitos": [], "codigo_departamento": 19030000.0, "codigo_disciplina": 1903009, "horas": 60.0}, {"semestre": 3.0, "pos_requisitos": [], "disciplina": "Hist\u00f3ria Moderna Ocidental", "creditos": 4.0, "tipo": "Obrigat\u00f3ria", "pre_requisitos": [], "codigo_departamento": 19030000.0, "codigo_disciplina": 1903010, "horas": 60.0}, {"semestre": 3.0, "pos_requisitos": [], "disciplina": "Hist\u00f3ria Econ\u00f4mica Geral", "creditos": 4.0, "tipo": "Obrigat\u00f3ria", "pre_requisitos": [], "codigo_departamento": 19030000.0, "codigo_disciplina": 1903011, "horas": 60.0}, {"semestre": 4.0, "pos_requisitos": [], "disciplina": "Hist\u00f3ria do Brasil I", "creditos": 4.0, "tipo": "Obrigat\u00f3ria", "pre_requisitos": [], "codigo_departamento": 19030000.0, "codigo_disciplina": 1903012, "horas": 60.0}, {"semestre": 4.0, "pos_requisitos": [], "disciplina": "Hist\u00f3ria da Am\u00e9rica I", "creditos": 4.0, "tipo": "Obrigat\u00f3ria", "pre_requisitos": [], "codigo_departamento": 19030000.0, "codigo_disciplina": 1903013, "horas": 60.0}, {"semestre": 4.0, "pos_requisitos": [], "disciplina": "Hist\u00f3ria Econ\u00f4mica do Brasil", "creditos": 4.0, "tipo": "Obrigat\u00f3ria", "pre_requisitos": [], "codigo_departamento": 19030000.0, "codigo_disciplina": 1903014, "horas": 60.0}, {"semestre": 4.0, "pos_requisitos": [], "disciplina": "Civiliza\u00e7\u00e3o Ib\u00e9rica", "creditos": 4.0, "tipo": "Obrigat\u00f3ria", "pre_requisitos": [], "codigo_departamento": 19030000.0, "codigo_disciplina": 1903015, "horas": 60.0}, {"semestre": 5.0, "pos_requisitos": [], "disciplina": "Psicologia Educac/Adolescencia", "creditos": 4.0, "tipo": "Complementar", "pre_requisitos": [], "codigo_departamento": 19030000.0, "codigo_disciplina": 1903016, "horas": 60.0}, {"semestre": 5.0, "pos_requisitos": [], "disciplina": "Hist\u00f3ria Contempor\u00e2nea I", "creditos": 4.0, "tipo": "Obrigat\u00f3ria", "pre_requisitos": [], "codigo_departamento": 19030000.0, "codigo_disciplina": 1903017, "horas": 60.0}, {"semestre": 5.0, "pos_requisitos": [], "disciplina": "Hist\u00f3ria do Brasil II", "creditos": 4.0, "tipo": "Obrigat\u00f3ria", "pre_requisitos": [], "codigo_departamento": 19030000.0, "codigo_disciplina": 1903018, "horas": 60.0}, {"semestre": 5.0, "pos_requisitos": [], "disciplina": "Hist\u00f3ria da Am\u00e9rica II", "creditos": 4.0, "tipo": "Obrigat\u00f3ria", "pre_requisitos": [], "codigo_departamento": 19030000.0, "codigo_disciplina": 1903019, "horas": 60.0}, {"semestre": 5.0, "pos_requisitos": [], "disciplina": "Hist\u00f3ria da Para\u00edba I", "creditos": 4.0, "tipo": "Obrigat\u00f3ria", "pre_requisitos": [], "codigo_departamento": 19030000.0, "codigo_disciplina": 1903020, "horas": 60.0}, {"semestre": 5.0, "pos_requisitos": [], "disciplina": "Hist do Pens Pol e Soc Geral", "creditos": 4.0, "tipo": "Complementar", "pre_requisitos": [], "codigo_departamento": 19030000.0, "codigo_disciplina": 1903021, "horas": 60.0}, {"semestre": 6.0, "pos_requisitos": [], "disciplina": "Psic Educacional/Aprendizagem", "creditos": 4.0, "tipo": "Complementar", "pre_requisitos": [], "codigo_departamento": 19030000.0, "codigo_disciplina": 1903022, "horas": 60.0}, {"semestre": 6.0, "pos_requisitos": [], "disciplina": "Hist\u00f3ria Contempor\u00e2nea II", "creditos": 4.0, "tipo": "Obrigat\u00f3ria", "pre_requisitos": [], "codigo_departamento": 19030000.0, "codigo_disciplina": 1903023, "horas": 60.0}, {"semestre": 6.0, "pos_requisitos": [], "disciplina": "Hist\u00f3ria Contempor\u00e2nea III", "creditos": 4.0, "tipo": "Obrigat\u00f3ria", "pre_requisitos": [], "codigo_departamento": 19030000.0, "codigo_disciplina": 1903024, "horas": 60.0}, {"semestre": 6.0, "pos_requisitos": [], "disciplina": "Hist\u00f3ria do Brasil III", "creditos": 4.0, "tipo": "Obrigat\u00f3ria", "pre_requisitos": [], "codigo_departamento": 19030000.0, "codigo_disciplina": 1903025, "horas": 60.0}, {"semestre": 6.0, "pos_requisitos": [], "disciplina": "Hist\u00f3ria da Am\u00e9rica III", "creditos": 4.0, "tipo": "Obrigat\u00f3ria", "pre_requisitos": [], "codigo_departamento": 19030000.0, "codigo_disciplina": 1903026, "horas": 60.0}, {"semestre": 6.0, "pos_requisitos": [], "disciplina": "Hist\u00f3ria da Para\u00edba II", "creditos": 4.0, "tipo": "Obrigat\u00f3ria", "pre_requisitos": [], "codigo_departamento": 19030000.0, "codigo_disciplina": 1903027, "horas": 60.0}, {"semestre": 6.0, "pos_requisitos": [], "disciplina": "Hist do Pens Pol e Soc Brasil", "creditos": 4.0, "tipo": "Complementar", "pre_requisitos": [], "codigo_departamento": 19030000.0, "codigo_disciplina": 1903028, "horas": 60.0}, {"semestre": 7.0, "pos_requisitos": [], "disciplina": "Did\u00e1tica", "creditos": 4.0, "tipo": "Complementar", "pre_requisitos": [], "codigo_departamento": 19030000.0, "codigo_disciplina": 1903029, "horas": 60.0}, {"semestre": 7.0, "pos_requisitos": [], "disciplina": "Hist\u00f3ria do Brasil IV", "creditos": 4.0, "tipo": "Obrigat\u00f3ria", "pre_requisitos": [], "codigo_departamento": 19030000.0, "codigo_disciplina": 1903030, "horas": 60.0}, {"semestre": 7.0, "pos_requisitos": [], "disciplina": "Historiografia Brasileira", "creditos": 4.0, "tipo": "Complementar", "pre_requisitos": [], "codigo_departamento": 19030000.0, "codigo_disciplina": 1903031, "horas": 60.0}, {"semestre": 7.0, "pos_requisitos": [], "disciplina": "Hist\u00f3ria do Nordeste", "creditos": 4.0, "tipo": "Obrigat\u00f3ria", "pre_requisitos": [], "codigo_departamento": 19030000.0, "codigo_disciplina": 1903032, "horas": 60.0}]