[{"semestre": 1.0, "pos_requisitos": [2103227], "disciplina": "Psicologia da Educa\u00e7\u00e3o", "creditos": 4.0, "tipo": "Obrigat\u00f3ria", "pre_requisitos": [], "codigo_departamento": 21030000.0, "codigo_disciplina": 2103215, "horas": 60.0}, {"semestre": 1.0, "pos_requisitos": [], "disciplina": "Pr\u00e9 - Hist\u00f3ria", "creditos": 6.0, "tipo": "Obrigat\u00f3ria", "pre_requisitos": [], "codigo_departamento": 21010000.0, "codigo_disciplina": 2101042, "horas": 90.0}, {"semestre": 1.0, "pos_requisitos": [], "disciplina": "Introdu\u00e7\u00e3o Aos Estudos Historicos", "creditos": 3.0, "tipo": "Obrigat\u00f3ria", "pre_requisitos": [], "codigo_departamento": 21010000.0, "codigo_disciplina": 2101043, "horas": 45.0}, {"semestre": 1.0, "pos_requisitos": [], "disciplina": "L\u00edngua Brasileira de Sinais", "creditos": 4.0, "tipo": "Obrigat\u00f3ria", "pre_requisitos": [], "codigo_departamento": 21040000.0, "codigo_disciplina": 2104012, "horas": 60.0}, {"semestre": 1.0, "pos_requisitos": [], "disciplina": "Fundamentos do Pensamento Sociol\u00f3gico", "creditos": 3.0, "tipo": "Complementar", "pre_requisitos": [], "codigo_departamento": 21010000.0, "codigo_disciplina": 2101074, "horas": 45.0}, {"semestre": 1.0, "pos_requisitos": [], "disciplina": "Fundamentos do Pensamento Filosofico", "creditos": 3.0, "tipo": "Complementar", "pre_requisitos": [], "codigo_departamento": 21010000.0, "codigo_disciplina": 2101075, "horas": 45.0}, {"semestre": 2.0, "pos_requisitos": [], "disciplina": "Hist\u00f3ria Antiga I", "creditos": 5.0, "tipo": "Obrigat\u00f3ria", "pre_requisitos": [], "codigo_departamento": 21010000.0, "codigo_disciplina": 2101044, "horas": 75.0}, {"semestre": 2.0, "pos_requisitos": [2101065], "disciplina": "Teoria da Hist\u00f3ria I", "creditos": 5.0, "tipo": "Obrigat\u00f3ria", "pre_requisitos": [], "codigo_departamento": 21010000.0, "codigo_disciplina": 2101062, "horas": 75.0}, {"semestre": 2.0, "pos_requisitos": [], "disciplina": "Teoria do Ensino da Hist\u00f3ria", "creditos": 4.0, "tipo": "Obrigat\u00f3ria", "pre_requisitos": [], "codigo_departamento": 21010000.0, "codigo_disciplina": 2101063, "horas": 60.0}, {"semestre": 2.0, "pos_requisitos": [], "disciplina": "M\u00e9todologia do Ensino da Hist\u00f3ria", "creditos": 5.0, "tipo": "Complementar", "pre_requisitos": [], "codigo_departamento": 21010000.0, "codigo_disciplina": 2101076, "horas": 75.0}, {"semestre": 2.0, "pos_requisitos": [2101069], "disciplina": "Did\u00e1tica", "creditos": 4.0, "tipo": "Obrigat\u00f3ria", "pre_requisitos": [2103215], "codigo_departamento": 21030000.0, "codigo_disciplina": 2103227, "horas": 60.0}, {"semestre": 3.0, "pos_requisitos": [], "disciplina": "Hist\u00f3ria Antiga II", "creditos": 4.0, "tipo": "Obrigat\u00f3ria", "pre_requisitos": [], "codigo_departamento": 21010000.0, "codigo_disciplina": 2101045, "horas": 60.0}, {"semestre": 3.0, "pos_requisitos": [], "disciplina": "Hist\u00f3ria Medieval I", "creditos": 4.0, "tipo": "Obrigat\u00f3ria", "pre_requisitos": [], "codigo_departamento": 21010000.0, "codigo_disciplina": 2101046, "horas": 60.0}, {"semestre": 3.0, "pos_requisitos": [], "disciplina": "Historiografia Brasileira I", "creditos": 4.0, "tipo": "Obrigat\u00f3ria", "pre_requisitos": [], "codigo_departamento": 21010000.0, "codigo_disciplina": 2101064, "horas": 60.0}, {"semestre": 3.0, "pos_requisitos": [2101073], "disciplina": "Projeto de Pesquisa I", "creditos": 4.0, "tipo": "Obrigat\u00f3ria", "pre_requisitos": [2101062], "codigo_departamento": 21010000.0, "codigo_disciplina": 2101065, "horas": 60.0}, {"semestre": 4.0, "pos_requisitos": [], "disciplina": "Hist\u00f3ria Medieval II", "creditos": 4.0, "tipo": "Obrigat\u00f3ria", "pre_requisitos": [], "codigo_departamento": 21010000.0, "codigo_disciplina": 2101047, "horas": 60.0}, {"semestre": 4.0, "pos_requisitos": [], "disciplina": "Hist\u00f3ria Moderna I", "creditos": 3.0, "tipo": "Obrigat\u00f3ria", "pre_requisitos": [], "codigo_departamento": 21010000.0, "codigo_disciplina": 2101048, "horas": 45.0}, {"semestre": 4.0, "pos_requisitos": [], "disciplina": "Hist\u00f3ria da Am\u00e9rica I", "creditos": 4.0, "tipo": "Obrigat\u00f3ria", "pre_requisitos": [], "codigo_departamento": 21010000.0, "codigo_disciplina": 2101050, "horas": 60.0}, {"semestre": 4.0, "pos_requisitos": [], "disciplina": "Hist\u00f3ria do Brasil I", "creditos": 5.0, "tipo": "Obrigat\u00f3ria", "pre_requisitos": [], "codigo_departamento": 21010000.0, "codigo_disciplina": 2101052, "horas": 75.0}, {"semestre": 4.0, "pos_requisitos": [2101073], "disciplina": "Projeto de Pesquisa II", "creditos": 4.0, "tipo": "Obrigat\u00f3ria", "pre_requisitos": [], "codigo_departamento": 21010000.0, "codigo_disciplina": 2101066, "horas": 60.0}, {"semestre": 5.0, "pos_requisitos": [], "disciplina": "Hist\u00f3ria Moderna II", "creditos": 4.0, "tipo": "Obrigat\u00f3ria", "pre_requisitos": [], "codigo_departamento": 21010000.0, "codigo_disciplina": 2101049, "horas": 60.0}, {"semestre": 5.0, "pos_requisitos": [], "disciplina": "Hist\u00f3ria da Am\u00e9rica II", "creditos": 4.0, "tipo": "Obrigat\u00f3ria", "pre_requisitos": [], "codigo_departamento": 21010000.0, "codigo_disciplina": 2101051, "horas": 60.0}, {"semestre": 5.0, "pos_requisitos": [], "disciplina": "Hist\u00f3ria do Brasil II", "creditos": 5.0, "tipo": "Obrigat\u00f3ria", "pre_requisitos": [], "codigo_departamento": 21010000.0, "codigo_disciplina": 2101053, "horas": 75.0}, {"semestre": 5.0, "pos_requisitos": [2101073], "disciplina": "Projeto de Pesquisa III", "creditos": 4.0, "tipo": "Obrigat\u00f3ria", "pre_requisitos": [], "codigo_departamento": 21010000.0, "codigo_disciplina": 2101067, "horas": 60.0}, {"semestre": 5.0, "pos_requisitos": [], "disciplina": "Est\u00e1gio Supervisionado I", "creditos": 6.0, "tipo": "Obrigat\u00f3ria", "pre_requisitos": [2103227], "codigo_departamento": 21010000.0, "codigo_disciplina": 2101069, "horas": 90.0}, {"semestre": 6.0, "pos_requisitos": [], "disciplina": "Hist\u00f3ria do Brasil III", "creditos": 5.0, "tipo": "Obrigat\u00f3ria", "pre_requisitos": [], "codigo_departamento": 21010000.0, "codigo_disciplina": 2101054, "horas": 75.0}, {"semestre": 6.0, "pos_requisitos": [], "disciplina": "Hist\u00f3ria Contempor\u00e2nea I", "creditos": 4.0, "tipo": "Obrigat\u00f3ria", "pre_requisitos": [], "codigo_departamento": 21010000.0, "codigo_disciplina": 2101059, "horas": 60.0}, {"semestre": 6.0, "pos_requisitos": [2101073], "disciplina": "Projeto de Pesquisa IV", "creditos": 4.0, "tipo": "Obrigat\u00f3ria", "pre_requisitos": [], "codigo_departamento": 21010000.0, "codigo_disciplina": 2101068, "horas": 60.0}, {"semestre": 6.0, "pos_requisitos": [], "disciplina": "Est\u00e1gio Supervisionado II", "creditos": 8.0, "tipo": "Obrigat\u00f3ria", "pre_requisitos": [], "codigo_departamento": 21010000.0, "codigo_disciplina": 2101070, "horas": 120.0}, {"semestre": 7.0, "pos_requisitos": [], "disciplina": "Hist\u00f3ria Contempor\u00e2nea II", "creditos": 4.0, "tipo": "Obrigat\u00f3ria", "pre_requisitos": [], "codigo_departamento": 21010000.0, "codigo_disciplina": 2101060, "horas": 60.0}, {"semestre": 7.0, "pos_requisitos": [], "disciplina": "Hist\u00f3ria do Brasil IV", "creditos": 5.0, "tipo": "Obrigat\u00f3ria", "pre_requisitos": [], "codigo_departamento": 21010000.0, "codigo_disciplina": 2101055, "horas": 75.0}, {"semestre": 7.0, "pos_requisitos": [], "disciplina": "Hist\u00f3ria da Para\u00edba I", "creditos": 3.0, "tipo": "Obrigat\u00f3ria", "pre_requisitos": [], "codigo_departamento": 21010000.0, "codigo_disciplina": 2101057, "horas": 45.0}, {"semestre": 7.0, "pos_requisitos": [], "disciplina": "Est\u00e1gio Supervisionado III", "creditos": 6.0, "tipo": "Obrigat\u00f3ria", "pre_requisitos": [], "codigo_departamento": 21010000.0, "codigo_disciplina": 2101071, "horas": 90.0}, {"semestre": 7.0, "pos_requisitos": [], "disciplina": "T\u00f3picos Especiais em Hist\u00f3ria da \u00c1frica", "creditos": 4.0, "tipo": "Complementar", "pre_requisitos": [], "codigo_departamento": 21010000.0, "codigo_disciplina": 2101077, "horas": 60.0}, {"semestre": 8.0, "pos_requisitos": [], "disciplina": "Hist\u00f3ria do Brasil V", "creditos": 5.0, "tipo": "Obrigat\u00f3ria", "pre_requisitos": [], "codigo_departamento": 21010000.0, "codigo_disciplina": 2101056, "horas": 75.0}, {"semestre": 8.0, "pos_requisitos": [], "disciplina": "Hist\u00f3ria da Para\u00edba II", "creditos": 5.0, "tipo": "Obrigat\u00f3ria", "pre_requisitos": [], "codigo_departamento": 21010000.0, "codigo_disciplina": 2101058, "horas": 75.0}, {"semestre": 8.0, "pos_requisitos": [], "disciplina": "Hist\u00f3ria Contempor\u00e2nea III", "creditos": 5.0, "tipo": "Obrigat\u00f3ria", "pre_requisitos": [], "codigo_departamento": 21010000.0, "codigo_disciplina": 2101061, "horas": 75.0}, {"semestre": 8.0, "pos_requisitos": [], "disciplina": "Est\u00e1gio Supervisionado IV", "creditos": 7.0, "tipo": "Obrigat\u00f3ria", "pre_requisitos": [], "codigo_departamento": 21010000.0, "codigo_disciplina": 2101072, "horas": 105.0}, {"semestre": 8.0, "pos_requisitos": [], "disciplina": "Trabalho de Conclus\u00e3o de Curso", "creditos": 3.0, "tipo": "Obrigat\u00f3ria", "pre_requisitos": [2101065, 2101066, 2101067, 2101068], "codigo_departamento": 21010000.0, "codigo_disciplina": 2101073, "horas": 45.0}, {"semestre": 10.0, "pos_requisitos": [], "disciplina": "Atividades Acad\u00eamico - Cient\u00edfico - Culturais", "creditos": 14.0, "tipo": "Complementar", "pre_requisitos": [], "codigo_departamento": 21010000.0, "codigo_disciplina": 2101111, "horas": 210.0}]