[{"semestre": null, "pos_requisitos": [], "disciplina": "Teorias e Pr\u00e1ticas de Traducao", "creditos": 4.0, "tipo": "Obrigat\u00f3ria", "pre_requisitos": [], "codigo_departamento": 13070000.0, "codigo_disciplina": 1307297, "horas": 60.0}, {"semestre": 1.0, "pos_requisitos": [], "disciplina": "Introdu\u00e7\u00e3o a Linguistica", "creditos": 4.0, "tipo": "Obrigat\u00f3ria", "pre_requisitos": [], "codigo_departamento": 13070000.0, "codigo_disciplina": 1307193, "horas": 60.0}, {"semestre": 1.0, "pos_requisitos": [1307256, 1307265, 1307298], "disciplina": "Teoria do Texto Poetico", "creditos": 4.0, "tipo": "Complementar", "pre_requisitos": [], "codigo_departamento": 13070000.0, "codigo_disciplina": 1307195, "horas": 60.0}, {"semestre": 1.0, "pos_requisitos": [], "disciplina": "Fundamentos da Pr\u00e1tica Educativa", "creditos": 4.0, "tipo": "Obrigat\u00f3ria", "pre_requisitos": [], "codigo_departamento": 13070000.0, "codigo_disciplina": 1307196, "horas": 60.0}, {"semestre": 1.0, "pos_requisitos": [1307203], "disciplina": "L\u00edngua Ingl\u00easa I", "creditos": 8.0, "tipo": "Obrigat\u00f3ria", "pre_requisitos": [], "codigo_departamento": 13070000.0, "codigo_disciplina": 1307197, "horas": 120.0}, {"semestre": 1.0, "pos_requisitos": [1307257, 1307264, 1307299], "disciplina": "Psicologia Educacional", "creditos": 4.0, "tipo": "Obrigat\u00f3ria", "pre_requisitos": [], "codigo_departamento": 13040000.0, "codigo_disciplina": 1304295, "horas": 60.0}, {"semestre": 2.0, "pos_requisitos": [], "disciplina": "Estudos de Oralidade e Escrita", "creditos": 4.0, "tipo": "Complementar", "pre_requisitos": [], "codigo_departamento": 13070000.0, "codigo_disciplina": 1307199, "horas": 60.0}, {"semestre": 2.0, "pos_requisitos": [1307256, 1307265], "disciplina": "Teoria da Narrativa", "creditos": 4.0, "tipo": "Complementar", "pre_requisitos": [], "codigo_departamento": 13070000.0, "codigo_disciplina": 1307201, "horas": 60.0}, {"semestre": 2.0, "pos_requisitos": [1307211, 1307214], "disciplina": "L\u00edngua Ingl\u00easa II", "creditos": 8.0, "tipo": "Obrigat\u00f3ria", "pre_requisitos": [1307197], "codigo_departamento": 13070000.0, "codigo_disciplina": 1307203, "horas": 120.0}, {"semestre": 2.0, "pos_requisitos": [], "disciplina": "Pol\u00edtica Educacional no Brasil", "creditos": 4.0, "tipo": "Obrigat\u00f3ria", "pre_requisitos": [], "codigo_departamento": 13040000.0, "codigo_disciplina": 1304293, "horas": 60.0}, {"semestre": 2.0, "pos_requisitos": [1307264, 1307299], "disciplina": "Psicologia da Adolescencia", "creditos": 4.0, "tipo": "Obrigat\u00f3ria", "pre_requisitos": [], "codigo_departamento": 13040000.0, "codigo_disciplina": 1304297, "horas": 60.0}, {"semestre": 3.0, "pos_requisitos": [1307230], "disciplina": "Estudos Linguisticos Contemporaneos", "creditos": 4.0, "tipo": "Obrigat\u00f3ria", "pre_requisitos": [], "codigo_departamento": 13070000.0, "codigo_disciplina": 1307204, "horas": 60.0}, {"semestre": 3.0, "pos_requisitos": [1307234], "disciplina": "Paradigmas de Ensino", "creditos": 5.0, "tipo": "Obrigat\u00f3ria", "pre_requisitos": [], "codigo_departamento": 13070000.0, "codigo_disciplina": 1307207, "horas": 75.0}, {"semestre": 3.0, "pos_requisitos": [1307224, 1307228, 1307230, 1307236, 1307257, 1307255], "disciplina": "L\u00edngua Ingl\u00easa III", "creditos": 4.0, "tipo": "Obrigat\u00f3ria", "pre_requisitos": [1307203], "codigo_departamento": 13070000.0, "codigo_disciplina": 1307211, "horas": 60.0}, {"semestre": 3.0, "pos_requisitos": [1307257, 1307264, 1307299], "disciplina": "Teorias e Prat de Comp Oral em Ling Ingl", "creditos": 4.0, "tipo": "Obrigat\u00f3ria", "pre_requisitos": [1307203], "codigo_departamento": 13070000.0, "codigo_disciplina": 1307214, "horas": 60.0}, {"semestre": 3.0, "pos_requisitos": [1307257], "disciplina": "Psicologia da Infancia", "creditos": 4.0, "tipo": "Obrigat\u00f3ria", "pre_requisitos": [], "codigo_departamento": 13040000.0, "codigo_disciplina": 1304299, "horas": 60.0}, {"semestre": 4.0, "pos_requisitos": [1307257, 1307264, 1307299], "disciplina": "Fon\u00e9tica e Fonologia da L\u00edngua Ingl\u00easa", "creditos": 4.0, "tipo": "Obrigat\u00f3ria", "pre_requisitos": [1307211], "codigo_departamento": 13070000.0, "codigo_disciplina": 1307224, "horas": 60.0}, {"semestre": 4.0, "pos_requisitos": [1307254, 1307256, 1307264, 1307265, 1307263, 1307278, 1307279, 1307298], "disciplina": "L\u00edngua Ingl\u00easa IV", "creditos": 4.0, "tipo": "Obrigat\u00f3ria", "pre_requisitos": [1307211], "codigo_departamento": 13070000.0, "codigo_disciplina": 1307228, "horas": 60.0}, {"semestre": 4.0, "pos_requisitos": [1307257, 1307264, 1307299], "disciplina": "Linguistica Aplic ao Ens de Ingl\u00eas - Le", "creditos": 4.0, "tipo": "Complementar", "pre_requisitos": [1307211, 1307204], "codigo_departamento": 13070000.0, "codigo_disciplina": 1307230, "horas": 60.0}, {"semestre": 4.0, "pos_requisitos": [1307257, 1307264, 1307299], "disciplina": "Planejamento e Avalia\u00e7\u00e3o", "creditos": 6.0, "tipo": "Obrigat\u00f3ria", "pre_requisitos": [1307207], "codigo_departamento": 13070000.0, "codigo_disciplina": 1307234, "horas": 90.0}, {"semestre": 4.0, "pos_requisitos": [1307257, 1307264, 1307299], "disciplina": "Teorias e Prat de Prod Oral em Ling Ingl", "creditos": 4.0, "tipo": "Obrigat\u00f3ria", "pre_requisitos": [1307211], "codigo_departamento": 13070000.0, "codigo_disciplina": 1307236, "horas": 60.0}, {"semestre": 5.0, "pos_requisitos": [1307299], "disciplina": "L\u00edngua Ingl\u00easa V", "creditos": 4.0, "tipo": "Obrigat\u00f3ria", "pre_requisitos": [1307228], "codigo_departamento": 13070000.0, "codigo_disciplina": 1307254, "horas": 60.0}, {"semestre": 5.0, "pos_requisitos": [1307264, 1307299], "disciplina": "Teorias e Prat de Leit em L\u00edngua Ingl\u00easa", "creditos": 4.0, "tipo": "Obrigat\u00f3ria", "pre_requisitos": [1307211], "codigo_departamento": 13070000.0, "codigo_disciplina": 1307255, "horas": 60.0}, {"semestre": 5.0, "pos_requisitos": [], "disciplina": "Literatura Ing Moderna e Contemporanea", "creditos": 4.0, "tipo": "Complementar", "pre_requisitos": [1307201, 1307195, 1307228], "codigo_departamento": 13070000.0, "codigo_disciplina": 1307256, "horas": 60.0}, {"semestre": 5.0, "pos_requisitos": [], "disciplina": "e de L Ing: Educ Inf e 1 e 2 C do Ens Fun", "creditos": 7.0, "tipo": "Complementar", "pre_requisitos": [1307234, 1304295, 1304299, 1307211, 1307230, 1307224, 1307214, 1307236], "codigo_departamento": 13070000.0, "codigo_disciplina": 1307257, "horas": 105.0}, {"semestre": 6.0, "pos_requisitos": [], "disciplina": "Est de Ling Ing: 3\u00bae4\u00baciclos do Ens Fund", "creditos": 7.0, "tipo": "Complementar", "pre_requisitos": [1307234, 1304295, 1304297, 1307228, 1307230, 1307224, 1307214, 1307236, 1307255], "codigo_departamento": 13070000.0, "codigo_disciplina": 1307264, "horas": 105.0}, {"semestre": 6.0, "pos_requisitos": [], "disciplina": "Lit Norte - Americana Mod e Contemporanea", "creditos": 4.0, "tipo": "Complementar", "pre_requisitos": [1307201, 1307195, 1307228], "codigo_departamento": 13070000.0, "codigo_disciplina": 1307265, "horas": 60.0}, {"semestre": 6.0, "pos_requisitos": [1307299], "disciplina": "Sintaxe da L\u00edngua Ingl\u00easa", "creditos": 4.0, "tipo": "Obrigat\u00f3ria", "pre_requisitos": [1307228], "codigo_departamento": 13070000.0, "codigo_disciplina": 1307263, "horas": 60.0}, {"semestre": 7.0, "pos_requisitos": [], "disciplina": "M\u00e9todologia da Pesquisa em Linguistica", "creditos": 4.0, "tipo": "Complementar", "pre_requisitos": [], "codigo_departamento": 13070000.0, "codigo_disciplina": 1307272, "horas": 60.0}, {"semestre": 7.0, "pos_requisitos": [], "disciplina": "M\u00e9todologia da Pesquisa em Literatura", "creditos": 4.0, "tipo": "Complementar", "pre_requisitos": [], "codigo_departamento": 13070000.0, "codigo_disciplina": 1307273, "horas": 60.0}, {"semestre": 7.0, "pos_requisitos": [], "disciplina": "M\u00e9todologia da Pesq. em Ling. Estrangeira", "creditos": 4.0, "tipo": "Complementar", "pre_requisitos": [], "codigo_departamento": 13070000.0, "codigo_disciplina": 1307277, "horas": 60.0}, {"semestre": 7.0, "pos_requisitos": [], "disciplina": "Semantica e Pragmatica da L\u00edngua Ingl\u00easa", "creditos": 4.0, "tipo": "Obrigat\u00f3ria", "pre_requisitos": [1307228], "codigo_departamento": 13070000.0, "codigo_disciplina": 1307278, "horas": 60.0}, {"semestre": 7.0, "pos_requisitos": [], "disciplina": "Teorias e Prat de Escr. em Ling. Ingl\u00easa", "creditos": 4.0, "tipo": "Obrigat\u00f3ria", "pre_requisitos": [1307228], "codigo_departamento": 13070000.0, "codigo_disciplina": 1307279, "horas": 60.0}, {"semestre": 8.0, "pos_requisitos": [], "disciplina": "Teatro Elizabetano e Poesia Romantica", "creditos": 4.0, "tipo": "Complementar", "pre_requisitos": [1307195, 1307228], "codigo_departamento": 13070000.0, "codigo_disciplina": 1307298, "horas": 60.0}, {"semestre": 8.0, "pos_requisitos": [], "disciplina": "Est de L\u00edngua Ingl\u00easa: 1\u00ba e 2\u00baanos Medio", "creditos": 7.0, "tipo": "Complementar", "pre_requisitos": [1304295, 1304297, 1307234, 1307254, 1307230, 1307224, 1307214, 1307236, 1307255, 1307263], "codigo_departamento": 13070000.0, "codigo_disciplina": 1307299, "horas": 105.0}]