[{"semestre": 1.0, "pos_requisitos": [], "disciplina": "Introdu\u00e7\u00e3o a Linguistica", "creditos": 4.0, "tipo": "Obrigat\u00f3ria", "pre_requisitos": [], "codigo_departamento": 13070000.0, "codigo_disciplina": 1307193, "horas": 60.0}, {"semestre": 1.0, "pos_requisitos": [1307249], "disciplina": "Leitura e Escrita: Teorias Socio - Cognitiv", "creditos": 4.0, "tipo": "Obrigat\u00f3ria", "pre_requisitos": [], "codigo_departamento": 13070000.0, "codigo_disciplina": 1307194, "horas": 60.0}, {"semestre": 1.0, "pos_requisitos": [1307253, 1307262, 1307284], "disciplina": "Teoria do Texto Poetico", "creditos": 4.0, "tipo": "Obrigat\u00f3ria", "pre_requisitos": [], "codigo_departamento": 13070000.0, "codigo_disciplina": 1307195, "horas": 60.0}, {"semestre": 1.0, "pos_requisitos": [], "disciplina": "Fundamentos da Pr\u00e1tica Educativa", "creditos": 4.0, "tipo": "Obrigat\u00f3ria", "pre_requisitos": [], "codigo_departamento": 13070000.0, "codigo_disciplina": 1307196, "horas": 60.0}, {"semestre": 1.0, "pos_requisitos": [1307249, 1307268, 1307262], "disciplina": "Psicologia Educacional", "creditos": 4.0, "tipo": "Obrigat\u00f3ria", "pre_requisitos": [], "codigo_departamento": 13040000.0, "codigo_disciplina": 1304295, "horas": 60.0}, {"semestre": 1.0, "pos_requisitos": [1307202], "disciplina": "L\u00edngua Francesa I", "creditos": 4.0, "tipo": "Obrigat\u00f3ria", "pre_requisitos": [], "codigo_departamento": 13070000.0, "codigo_disciplina": 1307028, "horas": 60.0}, {"semestre": 2.0, "pos_requisitos": [1307249], "disciplina": "Estudos de Oralidade e Escrita", "creditos": 4.0, "tipo": "Obrigat\u00f3ria", "pre_requisitos": [], "codigo_departamento": 13070000.0, "codigo_disciplina": 1307199, "horas": 60.0}, {"semestre": 2.0, "pos_requisitos": [1307249], "disciplina": "Leitura e Escrita: Teorias Sociointerac.", "creditos": 4.0, "tipo": "Obrigat\u00f3ria", "pre_requisitos": [], "codigo_departamento": 13070000.0, "codigo_disciplina": 1307200, "horas": 60.0}, {"semestre": 2.0, "pos_requisitos": [1307262, 1307267, 1307284, 1307309], "disciplina": "Teoria da Narrativa", "creditos": 4.0, "tipo": "Obrigat\u00f3ria", "pre_requisitos": [], "codigo_departamento": 13070000.0, "codigo_disciplina": 1307201, "horas": 60.0}, {"semestre": 2.0, "pos_requisitos": [1307209, 1307210], "disciplina": "L\u00edngua Francesa II", "creditos": 4.0, "tipo": "Obrigat\u00f3ria", "pre_requisitos": [1307028], "codigo_departamento": 13070000.0, "codigo_disciplina": 1307202, "horas": 60.0}, {"semestre": 2.0, "pos_requisitos": [], "disciplina": "Pol\u00edtica Educacional no Brasil", "creditos": 4.0, "tipo": "Obrigat\u00f3ria", "pre_requisitos": [], "codigo_departamento": 13040000.0, "codigo_disciplina": 1304293, "horas": 60.0}, {"semestre": 2.0, "pos_requisitos": [1307268, 1307262], "disciplina": "Psicologia da Adolescencia", "creditos": 4.0, "tipo": "Obrigat\u00f3ria", "pre_requisitos": [], "codigo_departamento": 13040000.0, "codigo_disciplina": 1304297, "horas": 60.0}, {"semestre": 3.0, "pos_requisitos": [1307229, 1307249], "disciplina": "Estudos Linguisticos Contemporaneos", "creditos": 4.0, "tipo": "Obrigat\u00f3ria", "pre_requisitos": [], "codigo_departamento": 13070000.0, "codigo_disciplina": 1307204, "horas": 60.0}, {"semestre": 3.0, "pos_requisitos": [], "disciplina": "Fon\u00e9tica e Fonol da L\u00edngua Portuguesa", "creditos": 4.0, "tipo": "Obrigat\u00f3ria", "pre_requisitos": [], "codigo_departamento": 13070000.0, "codigo_disciplina": 1307205, "horas": 60.0}, {"semestre": 3.0, "pos_requisitos": [1307249], "disciplina": "Morfologia do Vocabulo", "creditos": 4.0, "tipo": "Obrigat\u00f3ria", "pre_requisitos": [], "codigo_departamento": 13070000.0, "codigo_disciplina": 1307206, "horas": 60.0}, {"semestre": 3.0, "pos_requisitos": [1307234], "disciplina": "Paradigmas de Ensino", "creditos": 5.0, "tipo": "Obrigat\u00f3ria", "pre_requisitos": [], "codigo_departamento": 13070000.0, "codigo_disciplina": 1307207, "horas": 75.0}, {"semestre": 3.0, "pos_requisitos": [], "disciplina": "Poesia Bras: da Lit Col ao Pre - Modernismo", "creditos": 4.0, "tipo": "Obrigat\u00f3ria", "pre_requisitos": [], "codigo_departamento": 13070000.0, "codigo_disciplina": 1307208, "horas": 60.0}, {"semestre": 3.0, "pos_requisitos": [1307225, 1307227, 1307229], "disciplina": "L\u00edngua Francesa III", "creditos": 4.0, "tipo": "Obrigat\u00f3ria", "pre_requisitos": [1307202], "codigo_departamento": 13070000.0, "codigo_disciplina": 1307209, "horas": 60.0}, {"semestre": 4.0, "pos_requisitos": [1307249, 1307268], "disciplina": "Fon\u00e9tica e Fonologia da L\u00edngua Francesa", "creditos": 4.0, "tipo": "Obrigat\u00f3ria", "pre_requisitos": [1307209], "codigo_departamento": 13070000.0, "codigo_disciplina": 1307225, "horas": 60.0}, {"semestre": 4.0, "pos_requisitos": [1307251, 1307253, 1307250, 1307269, 1307284, 1307283, 1307307], "disciplina": "L\u00edngua Francesa IV", "creditos": 4.0, "tipo": "Obrigat\u00f3ria", "pre_requisitos": [1307209], "codigo_departamento": 13070000.0, "codigo_disciplina": 1307227, "horas": 60.0}, {"semestre": 4.0, "pos_requisitos": [1307268], "disciplina": "Linguistica Aplic ao Ens de Franc\u00eas - Le", "creditos": 4.0, "tipo": "Obrigat\u00f3ria", "pre_requisitos": [1307209, 1307204], "codigo_departamento": 13070000.0, "codigo_disciplina": 1307229, "horas": 60.0}, {"semestre": 4.0, "pos_requisitos": [1307249, 1307239], "disciplina": "Morfologia de Classes", "creditos": 4.0, "tipo": "Obrigat\u00f3ria", "pre_requisitos": [], "codigo_departamento": 13070000.0, "codigo_disciplina": 1307232, "horas": 60.0}, {"semestre": 4.0, "pos_requisitos": [1307249, 1307268, 1307262], "disciplina": "Planejamento e Avalia\u00e7\u00e3o", "creditos": 6.0, "tipo": "Obrigat\u00f3ria", "pre_requisitos": [1307207], "codigo_departamento": 13070000.0, "codigo_disciplina": 1307234, "horas": 90.0}, {"semestre": 4.0, "pos_requisitos": [1307249], "disciplina": "Sem\u00e2ntica e Pragm\u00e1tica", "creditos": 4.0, "tipo": "Obrigat\u00f3ria", "pre_requisitos": [], "codigo_departamento": 13070000.0, "codigo_disciplina": 1307235, "horas": 60.0}, {"semestre": 5.0, "pos_requisitos": [], "disciplina": "Cultura Francesa", "creditos": 4.0, "tipo": "Obrigat\u00f3ria", "pre_requisitos": [1307202], "codigo_departamento": 13070000.0, "codigo_disciplina": 1307210, "horas": 60.0}, {"semestre": 5.0, "pos_requisitos": [1307212], "disciplina": "Sintaxe Oracional", "creditos": 4.0, "tipo": "Obrigat\u00f3ria", "pre_requisitos": [1307232], "codigo_departamento": 13070000.0, "codigo_disciplina": 1307239, "horas": 60.0}, {"semestre": 5.0, "pos_requisitos": [], "disciplina": "Est\u00e1gio de L\u00edngua Port: Ensino Fundamenta", "creditos": 8.0, "tipo": "Complementar", "pre_requisitos": [1307234, 1307235, 1307204, 1307194, 1307200, 1307199, 1304295, 1307206, 1307232, 1307225], "codigo_departamento": 13070000.0, "codigo_disciplina": 1307249, "horas": 120.0}, {"semestre": 5.0, "pos_requisitos": [1307268], "disciplina": "T e P de Compr e Prod Oral em L Francesa", "creditos": 4.0, "tipo": "Obrigat\u00f3ria", "pre_requisitos": [1307227], "codigo_departamento": 13070000.0, "codigo_disciplina": 1307250, "horas": 60.0}, {"semestre": 5.0, "pos_requisitos": [1307268, 1307266], "disciplina": "L\u00edngua Francesa V", "creditos": 4.0, "tipo": "Obrigat\u00f3ria", "pre_requisitos": [1307227], "codigo_departamento": 13070000.0, "codigo_disciplina": 1307251, "horas": 60.0}, {"semestre": 5.0, "pos_requisitos": [], "disciplina": "Poesia Francesa", "creditos": 4.0, "tipo": "Obrigat\u00f3ria", "pre_requisitos": [1307227, 1307195], "codigo_departamento": 13070000.0, "codigo_disciplina": 1307253, "horas": 60.0}, {"semestre": 6.0, "pos_requisitos": [1307285], "disciplina": "L\u00edngua Francesa VI", "creditos": 4.0, "tipo": "Obrigat\u00f3ria", "pre_requisitos": [1307251], "codigo_departamento": 13070000.0, "codigo_disciplina": 1307266, "horas": 60.0}, {"semestre": 6.0, "pos_requisitos": [], "disciplina": "Narrativa Bras Moderna e Contemporanea", "creditos": 4.0, "tipo": "Obrigat\u00f3ria", "pre_requisitos": [1307201], "codigo_departamento": 13070000.0, "codigo_disciplina": 1307267, "horas": 60.0}, {"semestre": 6.0, "pos_requisitos": [], "disciplina": "Estag de Ling Franc: Inic e Intermediario", "creditos": 8.0, "tipo": "Complementar", "pre_requisitos": [1307234, 1304295, 1304297, 1307251, 1307225, 1307229, 1307250], "codigo_departamento": 13070000.0, "codigo_disciplina": 1307268, "horas": 120.0}, {"semestre": 6.0, "pos_requisitos": [1307307], "disciplina": "P L e Esc de Text N\u00e3o Acad em Ling Franc", "creditos": 4.0, "tipo": "Obrigat\u00f3ria", "pre_requisitos": [1307227], "codigo_departamento": 13070000.0, "codigo_disciplina": 1307269, "horas": 60.0}, {"semestre": 6.0, "pos_requisitos": [], "disciplina": "Sintaxe Interoracional", "creditos": 4.0, "tipo": "Obrigat\u00f3ria", "pre_requisitos": [1307239], "codigo_departamento": 13070000.0, "codigo_disciplina": 1307212, "horas": 60.0}, {"semestre": 6.0, "pos_requisitos": [], "disciplina": "Est\u00e1gio de Literatura: Ensino Fundamental", "creditos": 6.0, "tipo": "Complementar", "pre_requisitos": [1307234, 1304295, 1304297, 1307195, 1307201], "codigo_departamento": 13070000.0, "codigo_disciplina": 1307262, "horas": 90.0}, {"semestre": 7.0, "pos_requisitos": [], "disciplina": "M\u00e9todologia da Pesquisa em Linguistica", "creditos": 4.0, "tipo": "Complementar", "pre_requisitos": [], "codigo_departamento": 13070000.0, "codigo_disciplina": 1307272, "horas": 60.0}, {"semestre": 7.0, "pos_requisitos": [], "disciplina": "M\u00e9todologia da Pesquisa em Literatura", "creditos": 4.0, "tipo": "Complementar", "pre_requisitos": [], "codigo_departamento": 13070000.0, "codigo_disciplina": 1307273, "horas": 60.0}, {"semestre": 7.0, "pos_requisitos": [1307006], "disciplina": "L\u00edngua Latina", "creditos": 4.0, "tipo": "Complementar", "pre_requisitos": [], "codigo_departamento": 13070000.0, "codigo_disciplina": 1307274, "horas": 60.0}, {"semestre": 7.0, "pos_requisitos": [], "disciplina": "M\u00e9todologia da Pesq. em Ling. Estrangeira", "creditos": 4.0, "tipo": "Complementar", "pre_requisitos": [], "codigo_departamento": 13070000.0, "codigo_disciplina": 1307277, "horas": 60.0}, {"semestre": 7.0, "pos_requisitos": [1307307], "disciplina": "Prat de L e Esc de Tex Acad em Ling Fran", "creditos": 4.0, "tipo": "Obrigat\u00f3ria", "pre_requisitos": [1307227], "codigo_departamento": 13070000.0, "codigo_disciplina": 1307283, "horas": 60.0}, {"semestre": 7.0, "pos_requisitos": [], "disciplina": "Literatura Comparada Brasil/Franca", "creditos": 4.0, "tipo": "Complementar", "pre_requisitos": [1307195, 1307201, 1307227], "codigo_departamento": 13070000.0, "codigo_disciplina": 1307284, "horas": 60.0}, {"semestre": 7.0, "pos_requisitos": [], "disciplina": "L\u00edngua Francesa VII", "creditos": 4.0, "tipo": "Obrigat\u00f3ria", "pre_requisitos": [1307266], "codigo_departamento": 13070000.0, "codigo_disciplina": 1307285, "horas": 60.0}, {"semestre": 8.0, "pos_requisitos": [], "disciplina": "Teorias e Prat de Trad em Ling Francesa", "creditos": 4.0, "tipo": "Complementar", "pre_requisitos": [1307227, 1307283, 1307269], "codigo_departamento": 13070000.0, "codigo_disciplina": 1307307, "horas": 60.0}, {"semestre": 8.0, "pos_requisitos": [], "disciplina": "Narrativa Francesa", "creditos": 4.0, "tipo": "Complementar", "pre_requisitos": [1307201], "codigo_departamento": 13070000.0, "codigo_disciplina": 1307309, "horas": 60.0}, {"semestre": 8.0, "pos_requisitos": [], "disciplina": "Filologia Romanica", "creditos": 4.0, "tipo": "Complementar", "pre_requisitos": [1307274], "codigo_departamento": 13070000.0, "codigo_disciplina": 1307006, "horas": 60.0}]