[{"semestre": 1.0, "pos_requisitos": [], "disciplina": "Introdu\u00e7\u00e3o a Linguistica", "creditos": 4.0, "tipo": "Obrigat\u00f3ria", "pre_requisitos": [], "codigo_departamento": 13070000.0, "codigo_disciplina": 1307193, "horas": 60.0}, {"semestre": 1.0, "pos_requisitos": [1307222, 1307294, 1307290], "disciplina": "Teoria do Texto Poetico", "creditos": 4.0, "tipo": "Complementar", "pre_requisitos": [], "codigo_departamento": 13070000.0, "codigo_disciplina": 1307195, "horas": 60.0}, {"semestre": 1.0, "pos_requisitos": [], "disciplina": "Fundamentos da Pr\u00e1tica Educativa", "creditos": 4.0, "tipo": "Obrigat\u00f3ria", "pre_requisitos": [], "codigo_departamento": 13070000.0, "codigo_disciplina": 1307196, "horas": 60.0}, {"semestre": 1.0, "pos_requisitos": [1307219], "disciplina": "L\u00edngua Espanhola I", "creditos": 4.0, "tipo": "Obrigat\u00f3ria", "pre_requisitos": [], "codigo_departamento": 13070000.0, "codigo_disciplina": 1307198, "horas": 60.0}, {"semestre": 1.0, "pos_requisitos": [1307217, 1307287], "disciplina": "Psicologia Educacional", "creditos": 4.0, "tipo": "Obrigat\u00f3ria", "pre_requisitos": [], "codigo_departamento": 13040000.0, "codigo_disciplina": 1304295, "horas": 60.0}, {"semestre": 2.0, "pos_requisitos": [], "disciplina": "Estudos de Oralidade e Escrita", "creditos": 4.0, "tipo": "Complementar", "pre_requisitos": [], "codigo_departamento": 13070000.0, "codigo_disciplina": 1307199, "horas": 60.0}, {"semestre": 2.0, "pos_requisitos": [1307222, 1307294, 1307290], "disciplina": "Teoria da Narrativa", "creditos": 4.0, "tipo": "Complementar", "pre_requisitos": [], "codigo_departamento": 13070000.0, "codigo_disciplina": 1307201, "horas": 60.0}, {"semestre": 2.0, "pos_requisitos": [1307226, 1307238], "disciplina": "L\u00edngua Espanhola II", "creditos": 4.0, "tipo": "Obrigat\u00f3ria", "pre_requisitos": [1307198], "codigo_departamento": 13070000.0, "codigo_disciplina": 1307219, "horas": 60.0}, {"semestre": 2.0, "pos_requisitos": [], "disciplina": "Pol\u00edtica Educacional no Brasil", "creditos": 4.0, "tipo": "Obrigat\u00f3ria", "pre_requisitos": [], "codigo_departamento": 13040000.0, "codigo_disciplina": 1304293, "horas": 60.0}, {"semestre": 2.0, "pos_requisitos": [1307217, 1307287], "disciplina": "Psicologia da Adolescencia", "creditos": 4.0, "tipo": "Obrigat\u00f3ria", "pre_requisitos": [], "codigo_departamento": 13040000.0, "codigo_disciplina": 1304297, "horas": 60.0}, {"semestre": 3.0, "pos_requisitos": [], "disciplina": "Leitura e Escrita: Teorias Socio - Cognitiv", "creditos": 4.0, "tipo": "Obrigat\u00f3ria", "pre_requisitos": [], "codigo_departamento": 13070000.0, "codigo_disciplina": 1307194, "horas": 60.0}, {"semestre": 3.0, "pos_requisitos": [], "disciplina": "Estudos Linguisticos Contemporaneos", "creditos": 4.0, "tipo": "Obrigat\u00f3ria", "pre_requisitos": [], "codigo_departamento": 13070000.0, "codigo_disciplina": 1307204, "horas": 60.0}, {"semestre": 3.0, "pos_requisitos": [1307234], "disciplina": "Paradigmas de Ensino", "creditos": 5.0, "tipo": "Obrigat\u00f3ria", "pre_requisitos": [], "codigo_departamento": 13070000.0, "codigo_disciplina": 1307207, "horas": 75.0}, {"semestre": 3.0, "pos_requisitos": [1307260, 1307258, 1307259, 1307292], "disciplina": "L\u00edngua Espanhola III", "creditos": 4.0, "tipo": "Obrigat\u00f3ria", "pre_requisitos": [1307219], "codigo_departamento": 13070000.0, "codigo_disciplina": 1307226, "horas": 60.0}, {"semestre": 4.0, "pos_requisitos": [], "disciplina": "Leitura e Escrita: Teorias Sociointerac.", "creditos": 4.0, "tipo": "Obrigat\u00f3ria", "pre_requisitos": [], "codigo_departamento": 13070000.0, "codigo_disciplina": 1307200, "horas": 60.0}, {"semestre": 4.0, "pos_requisitos": [1307217, 1307287], "disciplina": "Planejamento e Avalia\u00e7\u00e3o", "creditos": 6.0, "tipo": "Obrigat\u00f3ria", "pre_requisitos": [1307207], "codigo_departamento": 13070000.0, "codigo_disciplina": 1307234, "horas": 90.0}, {"semestre": 4.0, "pos_requisitos": [1307217, 1307287], "disciplina": "Linguistica Aplic ao Ens Espanhol - Le", "creditos": 4.0, "tipo": "Complementar", "pre_requisitos": [1307219], "codigo_departamento": 13070000.0, "codigo_disciplina": 1307238, "horas": 60.0}, {"semestre": 4.0, "pos_requisitos": [1307217, 1307261, 1307218, 1307287, 1307222, 1307293, 1307294, 1307290], "disciplina": "L\u00edngua Espanhola IV", "creditos": 4.0, "tipo": "Obrigat\u00f3ria", "pre_requisitos": [1307226], "codigo_departamento": 13070000.0, "codigo_disciplina": 1307260, "horas": 60.0}, {"semestre": 5.0, "pos_requisitos": [], "disciplina": "Est de L\u00edngua Esp em Cursos Livres (Adol", "creditos": 8.0, "tipo": "Complementar", "pre_requisitos": [1304295, 1304297, 1307234, 1307260, 1307238], "codigo_departamento": 13070000.0, "codigo_disciplina": 1307217, "horas": 120.0}, {"semestre": 5.0, "pos_requisitos": [1307287], "disciplina": "T e Prat de Comp e Prod Oral em Ling Esp", "creditos": 4.0, "tipo": "Obrigat\u00f3ria", "pre_requisitos": [1307260], "codigo_departamento": 13070000.0, "codigo_disciplina": 1307218, "horas": 60.0}, {"semestre": 5.0, "pos_requisitos": [1307293], "disciplina": "Cultura Hispanica", "creditos": 4.0, "tipo": "Complementar", "pre_requisitos": [1307226], "codigo_departamento": 13070000.0, "codigo_disciplina": 1307258, "horas": 60.0}, {"semestre": 5.0, "pos_requisitos": [1307286], "disciplina": "L\u00edngua Espanhola V", "creditos": 4.0, "tipo": "Obrigat\u00f3ria", "pre_requisitos": [1307260], "codigo_departamento": 13070000.0, "codigo_disciplina": 1307261, "horas": 60.0}, {"semestre": 6.0, "pos_requisitos": [], "disciplina": "L\u00edngua Espanhola VI", "creditos": 4.0, "tipo": "Obrigat\u00f3ria", "pre_requisitos": [1307261], "codigo_departamento": 13070000.0, "codigo_disciplina": 1307286, "horas": 60.0}, {"semestre": 6.0, "pos_requisitos": [], "disciplina": "Est de Ling Esp em Cursos Livres (Adulto)", "creditos": 8.0, "tipo": "Complementar", "pre_requisitos": [1304295, 1304297, 1307234, 1307260, 1307238, 1307218], "codigo_departamento": 13070000.0, "codigo_disciplina": 1307287, "horas": 120.0}, {"semestre": 6.0, "pos_requisitos": [], "disciplina": "Literatura Espanhola: Moderna e Contempor", "creditos": 4.0, "tipo": "Complementar", "pre_requisitos": [1307201, 1307195, 1307260], "codigo_departamento": 13070000.0, "codigo_disciplina": 1307222, "horas": 60.0}, {"semestre": 6.0, "pos_requisitos": [], "disciplina": "Prat de L e Esc de Text Nao Aca em L Esp", "creditos": 4.0, "tipo": "Obrigat\u00f3ria", "pre_requisitos": [1307226], "codigo_departamento": 13070000.0, "codigo_disciplina": 1307259, "horas": 60.0}, {"semestre": 7.0, "pos_requisitos": [], "disciplina": "Origem e Form da Lit Hispano - Americana", "creditos": 4.0, "tipo": "Complementar", "pre_requisitos": [1307260, 1307201, 1307195], "codigo_departamento": 13070000.0, "codigo_disciplina": 1307290, "horas": 60.0}, {"semestre": 7.0, "pos_requisitos": [], "disciplina": "Variacao e Mudanca na L\u00edngua Espanhola", "creditos": 4.0, "tipo": "Obrigat\u00f3ria", "pre_requisitos": [], "codigo_departamento": 13070000.0, "codigo_disciplina": 1307291, "horas": 60.0}, {"semestre": 7.0, "pos_requisitos": [], "disciplina": "P de L e Esc de Text Acad em L Espanhola", "creditos": 4.0, "tipo": "Obrigat\u00f3ria", "pre_requisitos": [1307226], "codigo_departamento": 13070000.0, "codigo_disciplina": 1307292, "horas": 60.0}, {"semestre": 7.0, "pos_requisitos": [], "disciplina": "Espanhol Historico", "creditos": 4.0, "tipo": "Obrigat\u00f3ria", "pre_requisitos": [1307260, 1307258], "codigo_departamento": 13070000.0, "codigo_disciplina": 1307293, "horas": 60.0}, {"semestre": 7.0, "pos_requisitos": [], "disciplina": "Lit Espanhola: das Origens ao Barroco", "creditos": 4.0, "tipo": "Complementar", "pre_requisitos": [1307260, 1307201, 1307195], "codigo_departamento": 13070000.0, "codigo_disciplina": 1307294, "horas": 60.0}]