[{"semestre": 1.0, "pos_requisitos": [], "disciplina": "Introdu\u00e7\u00e3o a Linguistica", "creditos": 4.0, "tipo": "Obrigat\u00f3ria", "pre_requisitos": [], "codigo_departamento": 13070000.0, "codigo_disciplina": 1307193, "horas": 60.0}, {"semestre": 1.0, "pos_requisitos": [1307249, 1307296], "disciplina": "Leitura e Escrita: Teorias Socio - Cognitiv", "creditos": 4.0, "tipo": "Obrigat\u00f3ria", "pre_requisitos": [], "codigo_departamento": 13070000.0, "codigo_disciplina": 1307194, "horas": 60.0}, {"semestre": 1.0, "pos_requisitos": [1307208, 1307240, 1307262, 1307275], "disciplina": "Teoria do Texto Poetico", "creditos": 4.0, "tipo": "Obrigat\u00f3ria", "pre_requisitos": [], "codigo_departamento": 13070000.0, "codigo_disciplina": 1307195, "horas": 60.0}, {"semestre": 1.0, "pos_requisitos": [], "disciplina": "Fundamentos da Pr\u00e1tica Educativa", "creditos": 4.0, "tipo": "Obrigat\u00f3ria", "pre_requisitos": [], "codigo_departamento": 13070000.0, "codigo_disciplina": 1307196, "horas": 60.0}, {"semestre": 1.0, "pos_requisitos": [1307249, 1307262, 1307296], "disciplina": "Psicologia Educacional", "creditos": 4.0, "tipo": "Obrigat\u00f3ria", "pre_requisitos": [], "codigo_departamento": 13040000.0, "codigo_disciplina": 1304295, "horas": 60.0}, {"semestre": 2.0, "pos_requisitos": [1307249], "disciplina": "Estudos de Oralidade e Escrita", "creditos": 4.0, "tipo": "Complementar", "pre_requisitos": [], "codigo_departamento": 13070000.0, "codigo_disciplina": 1307199, "horas": 60.0}, {"semestre": 2.0, "pos_requisitos": [1307249, 1307296], "disciplina": "Leitura e Escrita: Teorias Sociointerac.", "creditos": 4.0, "tipo": "Obrigat\u00f3ria", "pre_requisitos": [], "codigo_departamento": 13070000.0, "codigo_disciplina": 1307200, "horas": 60.0}, {"semestre": 2.0, "pos_requisitos": [1307233, 1307262, 1307252, 1307295], "disciplina": "Teoria da Narrativa", "creditos": 4.0, "tipo": "Obrigat\u00f3ria", "pre_requisitos": [], "codigo_departamento": 13070000.0, "codigo_disciplina": 1307201, "horas": 60.0}, {"semestre": 2.0, "pos_requisitos": [], "disciplina": "Pol\u00edtica Educacional no Brasil", "creditos": 4.0, "tipo": "Obrigat\u00f3ria", "pre_requisitos": [], "codigo_departamento": 13040000.0, "codigo_disciplina": 1304293, "horas": 60.0}, {"semestre": 2.0, "pos_requisitos": [1307262, 1307296], "disciplina": "Psicologia da Adolescencia", "creditos": 4.0, "tipo": "Obrigat\u00f3ria", "pre_requisitos": [], "codigo_departamento": 13040000.0, "codigo_disciplina": 1304297, "horas": 60.0}, {"semestre": 3.0, "pos_requisitos": [1307249, 1307296], "disciplina": "Estudos Linguisticos Contemporaneos", "creditos": 4.0, "tipo": "Obrigat\u00f3ria", "pre_requisitos": [], "codigo_departamento": 13070000.0, "codigo_disciplina": 1307204, "horas": 60.0}, {"semestre": 3.0, "pos_requisitos": [1307249], "disciplina": "Fon\u00e9tica e Fonol da L\u00edngua Portuguesa", "creditos": 4.0, "tipo": "Obrigat\u00f3ria", "pre_requisitos": [], "codigo_departamento": 13070000.0, "codigo_disciplina": 1307205, "horas": 60.0}, {"semestre": 3.0, "pos_requisitos": [1307249], "disciplina": "Morfologia do Vocabulo", "creditos": 4.0, "tipo": "Obrigat\u00f3ria", "pre_requisitos": [], "codigo_departamento": 13070000.0, "codigo_disciplina": 1307206, "horas": 60.0}, {"semestre": 3.0, "pos_requisitos": [1307234], "disciplina": "Paradigmas de Ensino", "creditos": 5.0, "tipo": "Obrigat\u00f3ria", "pre_requisitos": [], "codigo_departamento": 13070000.0, "codigo_disciplina": 1307207, "horas": 75.0}, {"semestre": 3.0, "pos_requisitos": [], "disciplina": "Poesia Bras: da Lit Col ao Pre - Modernismo", "creditos": 4.0, "tipo": "Obrigat\u00f3ria", "pre_requisitos": [1307195], "codigo_departamento": 13070000.0, "codigo_disciplina": 1307208, "horas": 60.0}, {"semestre": 4.0, "pos_requisitos": [1307262], "disciplina": "Literatura Infanto - Juvenil", "creditos": 4.0, "tipo": "Obrigat\u00f3ria", "pre_requisitos": [], "codigo_departamento": 13070000.0, "codigo_disciplina": 1307231, "horas": 60.0}, {"semestre": 4.0, "pos_requisitos": [1307249, 1307239], "disciplina": "Morfologia de Classes", "creditos": 4.0, "tipo": "Obrigat\u00f3ria", "pre_requisitos": [], "codigo_departamento": 13070000.0, "codigo_disciplina": 1307232, "horas": 60.0}, {"semestre": 4.0, "pos_requisitos": [], "disciplina": "Narrativa Bras: da Lit Col ao Pre - Modern", "creditos": 4.0, "tipo": "Obrigat\u00f3ria", "pre_requisitos": [1307201], "codigo_departamento": 13070000.0, "codigo_disciplina": 1307233, "horas": 60.0}, {"semestre": 4.0, "pos_requisitos": [1307249, 1307262, 1307296], "disciplina": "Planejamento e Avalia\u00e7\u00e3o", "creditos": 6.0, "tipo": "Obrigat\u00f3ria", "pre_requisitos": [1307207], "codigo_departamento": 13070000.0, "codigo_disciplina": 1307234, "horas": 90.0}, {"semestre": 4.0, "pos_requisitos": [1307249, 1307296], "disciplina": "Sem\u00e2ntica e Pragm\u00e1tica", "creditos": 4.0, "tipo": "Obrigat\u00f3ria", "pre_requisitos": [], "codigo_departamento": 13070000.0, "codigo_disciplina": 1307235, "horas": 60.0}, {"semestre": 5.0, "pos_requisitos": [1307212], "disciplina": "Sintaxe Oracional", "creditos": 4.0, "tipo": "Obrigat\u00f3ria", "pre_requisitos": [1307232], "codigo_departamento": 13070000.0, "codigo_disciplina": 1307239, "horas": 60.0}, {"semestre": 5.0, "pos_requisitos": [], "disciplina": "Poesia Brasileira Moderna", "creditos": 4.0, "tipo": "Obrigat\u00f3ria", "pre_requisitos": [1307195], "codigo_departamento": 13070000.0, "codigo_disciplina": 1307240, "horas": 60.0}, {"semestre": 5.0, "pos_requisitos": [], "disciplina": "Est\u00e1gio de L\u00edngua Port: Ensino Fundamenta", "creditos": 8.0, "tipo": "Complementar", "pre_requisitos": [1307234, 1307235, 1307204, 1307194, 1307200, 1307199, 1304295, 1307206, 1307232, 1307205], "codigo_departamento": 13070000.0, "codigo_disciplina": 1307249, "horas": 120.0}, {"semestre": 6.0, "pos_requisitos": [1307296], "disciplina": "Sintaxe Interoracional", "creditos": 4.0, "tipo": "Obrigat\u00f3ria", "pre_requisitos": [1307239], "codigo_departamento": 13070000.0, "codigo_disciplina": 1307212, "horas": 60.0}, {"semestre": 6.0, "pos_requisitos": [], "disciplina": "Narrativa Brasileira Moderna", "creditos": 4.0, "tipo": "Obrigat\u00f3ria", "pre_requisitos": [1307201], "codigo_departamento": 13070000.0, "codigo_disciplina": 1307252, "horas": 60.0}, {"semestre": 6.0, "pos_requisitos": [], "disciplina": "Est\u00e1gio de Literatura: Ensino Fundamental", "creditos": 6.0, "tipo": "Complementar", "pre_requisitos": [1307234, 1304295, 1304297, 1307195, 1307201, 1307231], "codigo_departamento": 13070000.0, "codigo_disciplina": 1307262, "horas": 90.0}, {"semestre": 7.0, "pos_requisitos": [], "disciplina": "M\u00e9todologia da Pesquisa em Linguistica", "creditos": 4.0, "tipo": "Complementar", "pre_requisitos": [], "codigo_departamento": 13070000.0, "codigo_disciplina": 1307272, "horas": 60.0}, {"semestre": 7.0, "pos_requisitos": [], "disciplina": "M\u00e9todologia da Pesquisa em Literatura", "creditos": 4.0, "tipo": "Complementar", "pre_requisitos": [], "codigo_departamento": 13070000.0, "codigo_disciplina": 1307273, "horas": 60.0}, {"semestre": 7.0, "pos_requisitos": [1307006], "disciplina": "L\u00edngua Latina", "creditos": 4.0, "tipo": "Complementar", "pre_requisitos": [], "codigo_departamento": 13070000.0, "codigo_disciplina": 1307274, "horas": 60.0}, {"semestre": 7.0, "pos_requisitos": [], "disciplina": "Poesia Portuguesa Lirica e Epica", "creditos": 4.0, "tipo": "Complementar", "pre_requisitos": [1307195], "codigo_departamento": 13070000.0, "codigo_disciplina": 1307275, "horas": 60.0}, {"semestre": 7.0, "pos_requisitos": [], "disciplina": "Cr\u00edtica Literaria", "creditos": 4.0, "tipo": "Complementar", "pre_requisitos": [], "codigo_departamento": 13070000.0, "codigo_disciplina": 1307276, "horas": 60.0}, {"semestre": 8.0, "pos_requisitos": [], "disciplina": "Narrativa Port: da Era Med ao Neo - Realism", "creditos": 4.0, "tipo": "Complementar", "pre_requisitos": [1307201], "codigo_departamento": 13070000.0, "codigo_disciplina": 1307295, "horas": 60.0}, {"semestre": 8.0, "pos_requisitos": [], "disciplina": "Est\u00e1gio de L\u00edngua Port: Ensino Medio", "creditos": 8.0, "tipo": "Complementar", "pre_requisitos": [1307234, 1307235, 1307204, 1307194, 1307200, 1304295, 1304297, 1307212], "codigo_departamento": 13070000.0, "codigo_disciplina": 1307296, "horas": 120.0}, {"semestre": 8.0, "pos_requisitos": [], "disciplina": "Filologia Romanica", "creditos": 4.0, "tipo": "Complementar", "pre_requisitos": [1307274], "codigo_departamento": 13070000.0, "codigo_disciplina": 1307006, "horas": 60.0}]