[{"semestre": null, "pos_requisitos": [], "disciplina": "Atividades Acad\u00eamico - Cient\u00edfico - Culturais", "creditos": 4.0, "tipo": "Complementar", "pre_requisitos": [], "codigo_departamento": 21040000.0, "codigo_disciplina": 2104076, "horas": 210.0}, {"semestre": 1.0, "pos_requisitos": [], "disciplina": "Fundamentos do Pensamento Filosofico", "creditos": 4.0, "tipo": "Obrigat\u00f3ria", "pre_requisitos": [], "codigo_departamento": 21010000.0, "codigo_disciplina": 2101105, "horas": 60.0}, {"semestre": 1.0, "pos_requisitos": [], "disciplina": "Fundamentos do Pensamento Sociol\u00f3gico", "creditos": 4.0, "tipo": "Obrigat\u00f3ria", "pre_requisitos": [], "codigo_departamento": 21010000.0, "codigo_disciplina": 2101106, "horas": 60.0}, {"semestre": 1.0, "pos_requisitos": [2104019], "disciplina": "L\u00edngua Ingl\u00easa I", "creditos": 4.0, "tipo": "Obrigat\u00f3ria", "pre_requisitos": [], "codigo_departamento": 21040000.0, "codigo_disciplina": 2104013, "horas": 60.0}, {"semestre": 1.0, "pos_requisitos": [2104020], "disciplina": "Linguistica I", "creditos": 4.0, "tipo": "Obrigat\u00f3ria", "pre_requisitos": [], "codigo_departamento": 21040000.0, "codigo_disciplina": 2104014, "horas": 60.0}, {"semestre": 1.0, "pos_requisitos": [2104021], "disciplina": "Teoria da Literatura I", "creditos": 4.0, "tipo": "Obrigat\u00f3ria", "pre_requisitos": [], "codigo_departamento": 21040000.0, "codigo_disciplina": 2104015, "horas": 60.0}, {"semestre": 1.0, "pos_requisitos": [], "disciplina": "Texto e Discurso", "creditos": 4.0, "tipo": "Obrigat\u00f3ria", "pre_requisitos": [], "codigo_departamento": 21040000.0, "codigo_disciplina": 2104016, "horas": 60.0}, {"semestre": 2.0, "pos_requisitos": [], "disciplina": "L\u00edngua Portuguesa", "creditos": 4.0, "tipo": "Obrigat\u00f3ria", "pre_requisitos": [], "codigo_departamento": 21040000.0, "codigo_disciplina": 2104017, "horas": 60.0}, {"semestre": 2.0, "pos_requisitos": [2104032], "disciplina": "L\u00edngua Ingl\u00easa II", "creditos": 4.0, "tipo": "Obrigat\u00f3ria", "pre_requisitos": [2104013], "codigo_departamento": 21040000.0, "codigo_disciplina": 2104019, "horas": 60.0}, {"semestre": 2.0, "pos_requisitos": [], "disciplina": "Linguistica II", "creditos": 4.0, "tipo": "Obrigat\u00f3ria", "pre_requisitos": [2104014], "codigo_departamento": 21040000.0, "codigo_disciplina": 2104020, "horas": 60.0}, {"semestre": 2.0, "pos_requisitos": [], "disciplina": "Teoria da Literatura II", "creditos": 4.0, "tipo": "Obrigat\u00f3ria", "pre_requisitos": [2104015], "codigo_departamento": 21040000.0, "codigo_disciplina": 2104021, "horas": 60.0}, {"semestre": 2.0, "pos_requisitos": [2104036], "disciplina": "Leit e Prod de Textos em Ling Ingl\u00easa I", "creditos": 4.0, "tipo": "Obrigat\u00f3ria", "pre_requisitos": [], "codigo_departamento": 21040000.0, "codigo_disciplina": 2104022, "horas": 60.0}, {"semestre": 2.0, "pos_requisitos": [], "disciplina": "Organizacao e Prat da Pesq Cientifica", "creditos": 4.0, "tipo": "Obrigat\u00f3ria", "pre_requisitos": [], "codigo_departamento": 21040000.0, "codigo_disciplina": 2104023, "horas": 60.0}, {"semestre": 3.0, "pos_requisitos": [], "disciplina": "Fon\u00e9tica da L\u00edngua Ingl\u00easa", "creditos": 4.0, "tipo": "Obrigat\u00f3ria", "pre_requisitos": [], "codigo_departamento": 21040000.0, "codigo_disciplina": 2104033, "horas": 60.0}, {"semestre": 3.0, "pos_requisitos": [2104041], "disciplina": "L\u00edngua Ingl\u00easa III", "creditos": 4.0, "tipo": "Obrigat\u00f3ria", "pre_requisitos": [2104019], "codigo_departamento": 21040000.0, "codigo_disciplina": 2104032, "horas": 60.0}, {"semestre": 3.0, "pos_requisitos": [], "disciplina": "Psicologia da Educa\u00e7\u00e3o", "creditos": 4.0, "tipo": "Obrigat\u00f3ria", "pre_requisitos": [], "codigo_departamento": 21030000.0, "codigo_disciplina": 2103265, "horas": 60.0}, {"semestre": 3.0, "pos_requisitos": [], "disciplina": "Literatura Ingl\u00easa: Poesia", "creditos": 4.0, "tipo": "Obrigat\u00f3ria", "pre_requisitos": [], "codigo_departamento": 21040000.0, "codigo_disciplina": 2104034, "horas": 60.0}, {"semestre": 3.0, "pos_requisitos": [], "disciplina": "Literatura Norte - Americana: Poesia", "creditos": 4.0, "tipo": "Obrigat\u00f3ria", "pre_requisitos": [], "codigo_departamento": 21040000.0, "codigo_disciplina": 2104035, "horas": 60.0}, {"semestre": 3.0, "pos_requisitos": [], "disciplina": "Leit e Prod de Textos em Ling Ingl\u00easa II", "creditos": 4.0, "tipo": "Obrigat\u00f3ria", "pre_requisitos": [2104022], "codigo_departamento": 21040000.0, "codigo_disciplina": 2104036, "horas": 60.0}, {"semestre": 4.0, "pos_requisitos": [], "disciplina": "Did\u00e1tica", "creditos": 4.0, "tipo": "Obrigat\u00f3ria", "pre_requisitos": [], "codigo_departamento": 21030000.0, "codigo_disciplina": 2103227, "horas": 60.0}, {"semestre": 4.0, "pos_requisitos": [], "disciplina": "L\u00edngua Brasileira de Sinais", "creditos": 4.0, "tipo": "Obrigat\u00f3ria", "pre_requisitos": [], "codigo_departamento": 21040000.0, "codigo_disciplina": 2104012, "horas": 60.0}, {"semestre": 4.0, "pos_requisitos": [2104046], "disciplina": "L\u00edngua Ingl\u00easa IV", "creditos": 4.0, "tipo": "Obrigat\u00f3ria", "pre_requisitos": [2104032], "codigo_departamento": 21040000.0, "codigo_disciplina": 2104041, "horas": 60.0}, {"semestre": 4.0, "pos_requisitos": [], "disciplina": "Literatura Ingl\u00easa: Drama", "creditos": 4.0, "tipo": "Obrigat\u00f3ria", "pre_requisitos": [], "codigo_departamento": 21040000.0, "codigo_disciplina": 2104042, "horas": 60.0}, {"semestre": 4.0, "pos_requisitos": [2104048], "disciplina": "Linguistica Aplic ao Ens da Ling Ing I", "creditos": 4.0, "tipo": "Obrigat\u00f3ria", "pre_requisitos": [], "codigo_departamento": 21040000.0, "codigo_disciplina": 2104043, "horas": 60.0}, {"semestre": 4.0, "pos_requisitos": [], "disciplina": "Literatura Norte - Americana: Drama", "creditos": 4.0, "tipo": "Obrigat\u00f3ria", "pre_requisitos": [], "codigo_departamento": 21040000.0, "codigo_disciplina": 2104044, "horas": 60.0}, {"semestre": 5.0, "pos_requisitos": [2104061], "disciplina": "L\u00edngua Ingl\u00easa V", "creditos": 4.0, "tipo": "Obrigat\u00f3ria", "pre_requisitos": [2104041], "codigo_departamento": 21040000.0, "codigo_disciplina": 2104046, "horas": 60.0}, {"semestre": 5.0, "pos_requisitos": [], "disciplina": "Literatura Ingl\u00easa: Narrativa", "creditos": 4.0, "tipo": "Obrigat\u00f3ria", "pre_requisitos": [], "codigo_departamento": 21040000.0, "codigo_disciplina": 2104047, "horas": 60.0}, {"semestre": 5.0, "pos_requisitos": [], "disciplina": "Linguist Aplic ao Ens de Ling Ingl\u00easa II", "creditos": 4.0, "tipo": "Obrigat\u00f3ria", "pre_requisitos": [2104043], "codigo_departamento": 21040000.0, "codigo_disciplina": 2104048, "horas": 60.0}, {"semestre": 5.0, "pos_requisitos": [], "disciplina": "Literatura Norte - Americana: Narrativa", "creditos": 4.0, "tipo": "Obrigat\u00f3ria", "pre_requisitos": [], "codigo_departamento": 21040000.0, "codigo_disciplina": 2104049, "horas": 60.0}, {"semestre": 5.0, "pos_requisitos": [], "disciplina": "Est Curricular Superv I: L\u00edngua Ingl\u00easa", "creditos": 5.0, "tipo": "Complementar", "pre_requisitos": [], "codigo_departamento": 21040000.0, "codigo_disciplina": 2104050, "horas": 75.0}, {"semestre": 6.0, "pos_requisitos": [], "disciplina": "Est Curricular Superv Ii: L\u00edngua Ingl\u00easa", "creditos": 6.0, "tipo": "Complementar", "pre_requisitos": [], "codigo_departamento": 21040000.0, "codigo_disciplina": 2104060, "horas": 90.0}, {"semestre": 6.0, "pos_requisitos": [2104070], "disciplina": "L\u00edngua Ingl\u00easa VI", "creditos": 4.0, "tipo": "Obrigat\u00f3ria", "pre_requisitos": [2104046], "codigo_departamento": 21040000.0, "codigo_disciplina": 2104061, "horas": 60.0}, {"semestre": 6.0, "pos_requisitos": [2104069], "disciplina": "Estudos da Traducao I", "creditos": 4.0, "tipo": "Obrigat\u00f3ria", "pre_requisitos": [], "codigo_departamento": 21040000.0, "codigo_disciplina": 2104062, "horas": 60.0}, {"semestre": 6.0, "pos_requisitos": [], "disciplina": "Literatura Comparada", "creditos": 4.0, "tipo": "Obrigat\u00f3ria", "pre_requisitos": [], "codigo_departamento": 21040000.0, "codigo_disciplina": 2104063, "horas": 60.0}, {"semestre": 7.0, "pos_requisitos": [], "disciplina": "Est Curricular Superv Iii: L\u00edngua Ingl\u00easa", "creditos": 8.0, "tipo": "Complementar", "pre_requisitos": [], "codigo_departamento": 21040000.0, "codigo_disciplina": 2104068, "horas": 120.0}, {"semestre": 7.0, "pos_requisitos": [], "disciplina": "Estudos da Traducao II", "creditos": 4.0, "tipo": "Obrigat\u00f3ria", "pre_requisitos": [2104062], "codigo_departamento": 21040000.0, "codigo_disciplina": 2104069, "horas": 60.0}, {"semestre": 7.0, "pos_requisitos": [], "disciplina": "L\u00edngua Ingl\u00easa VII", "creditos": 4.0, "tipo": "Obrigat\u00f3ria", "pre_requisitos": [2104061], "codigo_departamento": 21040000.0, "codigo_disciplina": 2104070, "horas": 60.0}, {"semestre": 7.0, "pos_requisitos": [], "disciplina": "Introdu\u00e7\u00e3o a Novas Midias", "creditos": 2.0, "tipo": "Obrigat\u00f3ria", "pre_requisitos": [], "codigo_departamento": 21030000.0, "codigo_disciplina": 2103269, "horas": 30.0}, {"semestre": 8.0, "pos_requisitos": [], "disciplina": "Est\u00e1gio Curricular Supervisionado IV", "creditos": 8.0, "tipo": "Complementar", "pre_requisitos": [], "codigo_departamento": 21040000.0, "codigo_disciplina": 2104074, "horas": 120.0}, {"semestre": 8.0, "pos_requisitos": [], "disciplina": "Trabalho de Conclus\u00e3o de Curso", "creditos": 4.0, "tipo": "Complementar", "pre_requisitos": [], "codigo_departamento": 21040000.0, "codigo_disciplina": 2104075, "horas": 60.0}]