[{"semestre": 1.0, "pos_requisitos": [], "disciplina": "L\u00edngua Ingl\u00easa Instrumental", "creditos": 4.0, "tipo": "Obrigat\u00f3ria", "pre_requisitos": [], "codigo_departamento": 21040000.0, "codigo_disciplina": 2104001, "horas": 60.0}, {"semestre": 1.0, "pos_requisitos": [2104020], "disciplina": "Linguistica I", "creditos": 4.0, "tipo": "Obrigat\u00f3ria", "pre_requisitos": [], "codigo_departamento": 21040000.0, "codigo_disciplina": 2104014, "horas": 60.0}, {"semestre": 1.0, "pos_requisitos": [], "disciplina": "Teoria da Literatura I", "creditos": 4.0, "tipo": "Obrigat\u00f3ria", "pre_requisitos": [], "codigo_departamento": 21040000.0, "codigo_disciplina": 2104015, "horas": 60.0}, {"semestre": 1.0, "pos_requisitos": [], "disciplina": "Texto e Discurso", "creditos": 4.0, "tipo": "Obrigat\u00f3ria", "pre_requisitos": [], "codigo_departamento": 21040000.0, "codigo_disciplina": 2104016, "horas": 60.0}, {"semestre": 1.0, "pos_requisitos": [], "disciplina": "Fundamentos do Pensamento Filosofico", "creditos": 4.0, "tipo": "Obrigat\u00f3ria", "pre_requisitos": [], "codigo_departamento": 21010000.0, "codigo_disciplina": 2101105, "horas": 60.0}, {"semestre": 2.0, "pos_requisitos": [2104052], "disciplina": "Linguistica II", "creditos": 4.0, "tipo": "Obrigat\u00f3ria", "pre_requisitos": [2104014], "codigo_departamento": 21040000.0, "codigo_disciplina": 2104020, "horas": 60.0}, {"semestre": 2.0, "pos_requisitos": [], "disciplina": "Teoria da Literatura II", "creditos": 4.0, "tipo": "Obrigat\u00f3ria", "pre_requisitos": [], "codigo_departamento": 21040000.0, "codigo_disciplina": 2104021, "horas": 60.0}, {"semestre": 2.0, "pos_requisitos": [], "disciplina": "Organizacao e Prat da Pesq Cientifica", "creditos": 4.0, "tipo": "Obrigat\u00f3ria", "pre_requisitos": [], "codigo_departamento": 21040000.0, "codigo_disciplina": 2104023, "horas": 60.0}, {"semestre": 2.0, "pos_requisitos": [], "disciplina": "Fonet e Fonologia da L\u00edngua Portuguesa", "creditos": 4.0, "tipo": "Obrigat\u00f3ria", "pre_requisitos": [], "codigo_departamento": 21040000.0, "codigo_disciplina": 2104024, "horas": 60.0}, {"semestre": 2.0, "pos_requisitos": [], "disciplina": "Fundamentos do Pensamento Sociol\u00f3gico", "creditos": 4.0, "tipo": "Obrigat\u00f3ria", "pre_requisitos": [], "codigo_departamento": 21010000.0, "codigo_disciplina": 2101106, "horas": 60.0}, {"semestre": 3.0, "pos_requisitos": [2104030], "disciplina": "Literatura Portuguesa I", "creditos": 4.0, "tipo": "Obrigat\u00f3ria", "pre_requisitos": [], "codigo_departamento": 21040000.0, "codigo_disciplina": 2104025, "horas": 60.0}, {"semestre": 3.0, "pos_requisitos": [2104031], "disciplina": "L\u00edngua Latina I", "creditos": 4.0, "tipo": "Obrigat\u00f3ria", "pre_requisitos": [], "codigo_departamento": 21040000.0, "codigo_disciplina": 2104026, "horas": 60.0}, {"semestre": 3.0, "pos_requisitos": [2104037], "disciplina": "Morfologia da L\u00edngua Portuguesa", "creditos": 4.0, "tipo": "Obrigat\u00f3ria", "pre_requisitos": [], "codigo_departamento": 21040000.0, "codigo_disciplina": 2104027, "horas": 60.0}, {"semestre": 3.0, "pos_requisitos": [2104038], "disciplina": "Leitura e Produ\u00e7\u00e3o de Generos I", "creditos": 4.0, "tipo": "Obrigat\u00f3ria", "pre_requisitos": [], "codigo_departamento": 21040000.0, "codigo_disciplina": 2104028, "horas": 60.0}, {"semestre": 3.0, "pos_requisitos": [], "disciplina": "Psicologia da Educa\u00e7\u00e3o", "creditos": 4.0, "tipo": "Obrigat\u00f3ria", "pre_requisitos": [], "codigo_departamento": 21030000.0, "codigo_disciplina": 2103265, "horas": 60.0}, {"semestre": 4.0, "pos_requisitos": [2104039], "disciplina": "Literatura Brasileira I", "creditos": 4.0, "tipo": "Obrigat\u00f3ria", "pre_requisitos": [], "codigo_departamento": 21040000.0, "codigo_disciplina": 2104029, "horas": 60.0}, {"semestre": 4.0, "pos_requisitos": [2104040], "disciplina": "Literatura Portuguesa II", "creditos": 4.0, "tipo": "Obrigat\u00f3ria", "pre_requisitos": [2104025], "codigo_departamento": 21040000.0, "codigo_disciplina": 2104030, "horas": 60.0}, {"semestre": 4.0, "pos_requisitos": [], "disciplina": "L\u00edngua Latina II", "creditos": 4.0, "tipo": "Obrigat\u00f3ria", "pre_requisitos": [2104026], "codigo_departamento": 21040000.0, "codigo_disciplina": 2104031, "horas": 60.0}, {"semestre": 4.0, "pos_requisitos": [2104055], "disciplina": "Morfossintaxe da L\u00edngua Portuguesa", "creditos": 4.0, "tipo": "Obrigat\u00f3ria", "pre_requisitos": [2104027], "codigo_departamento": 21040000.0, "codigo_disciplina": 2104037, "horas": 60.0}, {"semestre": 4.0, "pos_requisitos": [], "disciplina": "Leitura e Produ\u00e7\u00e3o de Generos II", "creditos": 4.0, "tipo": "Obrigat\u00f3ria", "pre_requisitos": [2104028], "codigo_departamento": 21040000.0, "codigo_disciplina": 2104038, "horas": 60.0}, {"semestre": 5.0, "pos_requisitos": [], "disciplina": "L\u00edngua Brasileira de Sinais", "creditos": 4.0, "tipo": "Obrigat\u00f3ria", "pre_requisitos": [], "codigo_departamento": 21040000.0, "codigo_disciplina": 2104012, "horas": 60.0}, {"semestre": 5.0, "pos_requisitos": [2104053, 2104058], "disciplina": "Literatura Brasileira II", "creditos": 4.0, "tipo": "Obrigat\u00f3ria", "pre_requisitos": [2104029], "codigo_departamento": 21040000.0, "codigo_disciplina": 2104039, "horas": 60.0}, {"semestre": 5.0, "pos_requisitos": [], "disciplina": "Literatura Portuguesa III", "creditos": 4.0, "tipo": "Obrigat\u00f3ria", "pre_requisitos": [2104030], "codigo_departamento": 21040000.0, "codigo_disciplina": 2104040, "horas": 60.0}, {"semestre": 5.0, "pos_requisitos": [], "disciplina": "Lingui Aplic ao Ens de L\u00edngua Portuguesa", "creditos": 4.0, "tipo": "Obrigat\u00f3ria", "pre_requisitos": [2104020], "codigo_departamento": 21040000.0, "codigo_disciplina": 2104052, "horas": 60.0}, {"semestre": 5.0, "pos_requisitos": [2104056], "disciplina": "Sintaxe da L\u00edngua Portuguesa I", "creditos": 4.0, "tipo": "Obrigat\u00f3ria", "pre_requisitos": [2104037], "codigo_departamento": 21040000.0, "codigo_disciplina": 2104055, "horas": 60.0}, {"semestre": 6.0, "pos_requisitos": [], "disciplina": "Did\u00e1tica", "creditos": 4.0, "tipo": "Obrigat\u00f3ria", "pre_requisitos": [], "codigo_departamento": 21030000.0, "codigo_disciplina": 2103227, "horas": 60.0}, {"semestre": 6.0, "pos_requisitos": [], "disciplina": "Est\u00e1gio Curricular Supervisionado I", "creditos": 5.0, "tipo": "Complementar", "pre_requisitos": [], "codigo_departamento": 21040000.0, "codigo_disciplina": 2104051, "horas": 75.0}, {"semestre": 6.0, "pos_requisitos": [], "disciplina": "Literatura Brasileira III", "creditos": 4.0, "tipo": "Obrigat\u00f3ria", "pre_requisitos": [2104039], "codigo_departamento": 21040000.0, "codigo_disciplina": 2104053, "horas": 60.0}, {"semestre": 6.0, "pos_requisitos": [], "disciplina": "Sintaxe da L\u00edngua Portuguesa II", "creditos": 4.0, "tipo": "Obrigat\u00f3ria", "pre_requisitos": [2104055], "codigo_departamento": 21040000.0, "codigo_disciplina": 2104056, "horas": 60.0}, {"semestre": 7.0, "pos_requisitos": [], "disciplina": "Historia da L\u00edngua Portuguesa", "creditos": 4.0, "tipo": "Obrigat\u00f3ria", "pre_requisitos": [], "codigo_departamento": 21040000.0, "codigo_disciplina": 2104072, "horas": 60.0}, {"semestre": 7.0, "pos_requisitos": [], "disciplina": "Literatura Classica", "creditos": 4.0, "tipo": "Obrigat\u00f3ria", "pre_requisitos": [], "codigo_departamento": 21040000.0, "codigo_disciplina": 2104054, "horas": 60.0}, {"semestre": 7.0, "pos_requisitos": [], "disciplina": "Est\u00e1gio Curricular Supervisionado II", "creditos": 6.0, "tipo": "Complementar", "pre_requisitos": [], "codigo_departamento": 21040000.0, "codigo_disciplina": 2104057, "horas": 90.0}, {"semestre": 7.0, "pos_requisitos": [], "disciplina": "Literatura Brasileira IV", "creditos": 4.0, "tipo": "Obrigat\u00f3ria", "pre_requisitos": [2104039], "codigo_departamento": 21040000.0, "codigo_disciplina": 2104058, "horas": 60.0}, {"semestre": 8.0, "pos_requisitos": [], "disciplina": "Introdu\u00e7\u00e3o a Novas Midias", "creditos": 4.0, "tipo": "Obrigat\u00f3ria", "pre_requisitos": [], "codigo_departamento": 21030000.0, "codigo_disciplina": 2103269, "horas": 60.0}]