[{"semestre": 1.0, "pos_requisitos": [], "disciplina": "L\u00edngua Portuguesa", "creditos": 4.0, "tipo": "Obrigat\u00f3ria", "pre_requisitos": [], "codigo_departamento": 21040000.0, "codigo_disciplina": 2104017, "horas": 60.0}, {"semestre": 1.0, "pos_requisitos": [2103227, 2102273, 2102291], "disciplina": "Psicologia da Educa\u00e7\u00e3o", "creditos": 4.0, "tipo": "Obrigat\u00f3ria", "pre_requisitos": [], "codigo_departamento": 21030000.0, "codigo_disciplina": 2103265, "horas": 60.0}, {"semestre": 1.0, "pos_requisitos": [], "disciplina": "Matem\u00e1tica para o Ensino M\u00e9dio", "creditos": 4.0, "tipo": "Obrigat\u00f3ria", "pre_requisitos": [], "codigo_departamento": 21020000.0, "codigo_disciplina": 2102243, "horas": 60.0}, {"semestre": 1.0, "pos_requisitos": [], "disciplina": "Trigonometria e Numeros Complexos", "creditos": 4.0, "tipo": "Obrigat\u00f3ria", "pre_requisitos": [], "codigo_departamento": 21020000.0, "codigo_disciplina": 2102244, "horas": 60.0}, {"semestre": 1.0, "pos_requisitos": [2102288, 2102342], "disciplina": "L\u00f3gica Aplicada \u00e0 Matem\u00e1tica", "creditos": 4.0, "tipo": "Obrigat\u00f3ria", "pre_requisitos": [], "codigo_departamento": 21020000.0, "codigo_disciplina": 2102245, "horas": 60.0}, {"semestre": 1.0, "pos_requisitos": [], "disciplina": "Inform\u00e1tica no Ensino de Matem\u00e1tica", "creditos": 4.0, "tipo": "Obrigat\u00f3ria", "pre_requisitos": [], "codigo_departamento": 21020000.0, "codigo_disciplina": 2102251, "horas": 60.0}, {"semestre": 2.0, "pos_requisitos": [], "disciplina": "Desenho Geometrico I", "creditos": 3.0, "tipo": "Obrigat\u00f3ria", "pre_requisitos": [], "codigo_departamento": 21020000.0, "codigo_disciplina": 2102058, "horas": 45.0}, {"semestre": 2.0, "pos_requisitos": [2102290, 2102312], "disciplina": "Did\u00e1tica", "creditos": 4.0, "tipo": "Obrigat\u00f3ria", "pre_requisitos": [2103265], "codigo_departamento": 21030000.0, "codigo_disciplina": 2103227, "horas": 60.0}, {"semestre": 2.0, "pos_requisitos": [], "disciplina": "Educa\u00e7\u00e3o Etnicorracial e Diversidade", "creditos": 4.0, "tipo": "Obrigat\u00f3ria", "pre_requisitos": [], "codigo_departamento": 21030000.0, "codigo_disciplina": 2103267, "horas": 60.0}, {"semestre": 2.0, "pos_requisitos": [2102269, 2102264, 2102342], "disciplina": "C\u00e1lculo Diferencial e Integral I", "creditos": 4.0, "tipo": "Obrigat\u00f3ria", "pre_requisitos": [], "codigo_departamento": 21020000.0, "codigo_disciplina": 2102252, "horas": 60.0}, {"semestre": 2.0, "pos_requisitos": [2102272], "disciplina": "Geometria Euclidiana Plana", "creditos": 4.0, "tipo": "Obrigat\u00f3ria", "pre_requisitos": [], "codigo_departamento": 21020000.0, "codigo_disciplina": 2102253, "horas": 60.0}, {"semestre": 2.0, "pos_requisitos": [2102284], "disciplina": "\u00c1lgebra Vetorial e Geometria Anal\u00edtica", "creditos": 4.0, "tipo": "Obrigat\u00f3ria", "pre_requisitos": [], "codigo_departamento": 21020000.0, "codigo_disciplina": 2102254, "horas": 60.0}, {"semestre": 3.0, "pos_requisitos": [], "disciplina": "Geometria Euclidiana Espacial", "creditos": 4.0, "tipo": "Obrigat\u00f3ria", "pre_requisitos": [2102253], "codigo_departamento": 21020000.0, "codigo_disciplina": 2102272, "horas": 60.0}, {"semestre": 3.0, "pos_requisitos": [2102290], "disciplina": "M\u00e9todologia do Ensino de Matem\u00e1tica I", "creditos": 4.0, "tipo": "Obrigat\u00f3ria", "pre_requisitos": [2103265], "codigo_departamento": 21020000.0, "codigo_disciplina": 2102273, "horas": 60.0}, {"semestre": 3.0, "pos_requisitos": [2102290, 2102312], "disciplina": "Inst. P/ Ens. de Matem\u00e1tica", "creditos": 4.0, "tipo": "Obrigat\u00f3ria", "pre_requisitos": [], "codigo_departamento": 21020000.0, "codigo_disciplina": 2102098, "horas": 60.0}, {"semestre": 3.0, "pos_requisitos": [], "disciplina": "Pol\u00edtica Educacional", "creditos": 4.0, "tipo": "Obrigat\u00f3ria", "pre_requisitos": [], "codigo_departamento": 21030000.0, "codigo_disciplina": 2103266, "horas": 60.0}, {"semestre": 3.0, "pos_requisitos": [], "disciplina": "Introdu\u00e7\u00e3o \u00e0 Ci\u00eancia da Computa\u00e7\u00e3o", "creditos": 4.0, "tipo": "Obrigat\u00f3ria", "pre_requisitos": [], "codigo_departamento": 21020000.0, "codigo_disciplina": 2102246, "horas": 60.0}, {"semestre": 3.0, "pos_requisitos": [2102284, 2102316, 2102343], "disciplina": "C\u00e1lculo Diferencial e Integral II", "creditos": 4.0, "tipo": "Obrigat\u00f3ria", "pre_requisitos": [2102252], "codigo_departamento": 21020000.0, "codigo_disciplina": 2102269, "horas": 60.0}, {"semestre": 4.0, "pos_requisitos": [], "disciplina": "C\u00e1lculo Diferencial e Integral III", "creditos": 4.0, "tipo": "Obrigat\u00f3ria", "pre_requisitos": [2102269, 2102254], "codigo_departamento": 21020000.0, "codigo_disciplina": 2102284, "horas": 60.0}, {"semestre": 4.0, "pos_requisitos": [2102311], "disciplina": "Introdu\u00e7\u00e3o a Teoria dos Numeros", "creditos": 4.0, "tipo": "Obrigat\u00f3ria", "pre_requisitos": [2102245], "codigo_departamento": 21020000.0, "codigo_disciplina": 2102288, "horas": 60.0}, {"semestre": 4.0, "pos_requisitos": [], "disciplina": "Introdu\u00e7\u00e3o \u00e0 Hist\u00f3ria da Matem\u00e1tica", "creditos": 4.0, "tipo": "Obrigat\u00f3ria", "pre_requisitos": [], "codigo_departamento": 21020000.0, "codigo_disciplina": 2102289, "horas": 60.0}, {"semestre": 4.0, "pos_requisitos": [2102313], "disciplina": "Prat de Ens de Matema no Ens Fundamental", "creditos": 4.0, "tipo": "Obrigat\u00f3ria", "pre_requisitos": [2103227, 2102098, 2102273], "codigo_departamento": 21020000.0, "codigo_disciplina": 2102290, "horas": 60.0}, {"semestre": 4.0, "pos_requisitos": [2102312], "disciplina": "M\u00e9todologia do Ensino de Matem\u00e1tica II", "creditos": 4.0, "tipo": "Obrigat\u00f3ria", "pre_requisitos": [2103265], "codigo_departamento": 21020000.0, "codigo_disciplina": 2102291, "horas": 60.0}, {"semestre": 4.0, "pos_requisitos": [], "disciplina": "Matem\u00e1tica Financeira", "creditos": 3.0, "tipo": "Obrigat\u00f3ria", "pre_requisitos": [], "codigo_departamento": 21020000.0, "codigo_disciplina": 2102292, "horas": 45.0}, {"semestre": 5.0, "pos_requisitos": [], "disciplina": "\u00c1lgebra Linear", "creditos": 4.0, "tipo": "Obrigat\u00f3ria", "pre_requisitos": [], "codigo_departamento": 21020000.0, "codigo_disciplina": 2102310, "horas": 60.0}, {"semestre": 5.0, "pos_requisitos": [], "disciplina": "Estruturas Alg\u00e9bricas", "creditos": 4.0, "tipo": "Obrigat\u00f3ria", "pre_requisitos": [2102288], "codigo_departamento": 21020000.0, "codigo_disciplina": 2102311, "horas": 60.0}, {"semestre": 5.0, "pos_requisitos": [2102341], "disciplina": "Prat Ens Mat no Ens Med e de Jov e Adult", "creditos": 4.0, "tipo": "Obrigat\u00f3ria", "pre_requisitos": [2103227, 2102098, 2102291], "codigo_departamento": 21020000.0, "codigo_disciplina": 2102312, "horas": 60.0}, {"semestre": 5.0, "pos_requisitos": [2102317], "disciplina": "Est\u00e1gio Curricular Supervisionado I", "creditos": 6.0, "tipo": "Complementar", "pre_requisitos": [2102290], "codigo_departamento": 21020000.0, "codigo_disciplina": 2102313, "horas": 90.0}, {"semestre": 5.0, "pos_requisitos": [], "disciplina": "Filosofia da Educa\u00e7\u00e3o Matem\u00e1tica", "creditos": 4.0, "tipo": "Obrigat\u00f3ria", "pre_requisitos": [], "codigo_departamento": 21020000.0, "codigo_disciplina": 2102314, "horas": 60.0}, {"semestre": 6.0, "pos_requisitos": [], "disciplina": "Equacoes Diferenciais Aplicadas", "creditos": 4.0, "tipo": "Obrigat\u00f3ria", "pre_requisitos": [2102269], "codigo_departamento": 21020000.0, "codigo_disciplina": 2102316, "horas": 60.0}, {"semestre": 6.0, "pos_requisitos": [2102341], "disciplina": "Est\u00e1gio Curricular Supervisionado II", "creditos": 7.0, "tipo": "Complementar", "pre_requisitos": [2102313], "codigo_departamento": 21020000.0, "codigo_disciplina": 2102317, "horas": 105.0}, {"semestre": 6.0, "pos_requisitos": [], "disciplina": "L\u00edngua Ingl\u00easa Instrumental", "creditos": 4.0, "tipo": "Obrigat\u00f3ria", "pre_requisitos": [], "codigo_departamento": 21040000.0, "codigo_disciplina": 2104001, "horas": 60.0}, {"semestre": 6.0, "pos_requisitos": [], "disciplina": "Ecologia Geral", "creditos": 4.0, "tipo": "Obrigat\u00f3ria", "pre_requisitos": [], "codigo_departamento": 21020000.0, "codigo_disciplina": 2102262, "horas": 60.0}, {"semestre": 6.0, "pos_requisitos": [2102279], "disciplina": "Fundamentos da Mec\u00e2nica Cl\u00e1ssica I", "creditos": 4.0, "tipo": "Obrigat\u00f3ria", "pre_requisitos": [2102252], "codigo_departamento": 21020000.0, "codigo_disciplina": 2102264, "horas": 60.0}, {"semestre": 7.0, "pos_requisitos": [], "disciplina": "Fundamentos da Mec\u00e2nica Cl\u00e1ssica II", "creditos": 4.0, "tipo": "Obrigat\u00f3ria", "pre_requisitos": [2102264], "codigo_departamento": 21020000.0, "codigo_disciplina": 2102279, "horas": 60.0}, {"semestre": 7.0, "pos_requisitos": [2102358], "disciplina": "Est\u00e1gio Curricular Supervisionado III", "creditos": 7.0, "tipo": "Complementar", "pre_requisitos": [2102312, 2102317], "codigo_departamento": 21020000.0, "codigo_disciplina": 2102341, "horas": 105.0}, {"semestre": 7.0, "pos_requisitos": [], "disciplina": "An\u00e1lise Matem\u00e1tica I", "creditos": 4.0, "tipo": "Obrigat\u00f3ria", "pre_requisitos": [2102245, 2102252], "codigo_departamento": 21020000.0, "codigo_disciplina": 2102342, "horas": 60.0}, {"semestre": 7.0, "pos_requisitos": [], "disciplina": "Probabilidade e Estatistica", "creditos": 4.0, "tipo": "Obrigat\u00f3ria", "pre_requisitos": [2102269], "codigo_departamento": 21020000.0, "codigo_disciplina": 2102343, "horas": 60.0}, {"semestre": 8.0, "pos_requisitos": [], "disciplina": "L\u00edngua Brasileira de Sinais", "creditos": 4.0, "tipo": "Obrigat\u00f3ria", "pre_requisitos": [], "codigo_departamento": 21040000.0, "codigo_disciplina": 2104012, "horas": 60.0}, {"semestre": 8.0, "pos_requisitos": [], "disciplina": "Est\u00e1gio Curricular Supervisionado IV", "creditos": 7.0, "tipo": "Complementar", "pre_requisitos": [2102341], "codigo_departamento": 21020000.0, "codigo_disciplina": 2102358, "horas": 105.0}]