[{"semestre": null, "pos_requisitos": [], "disciplina": "Atividades Academico - Cientif. - Culturais", "creditos": 14.0, "tipo": "Complementar", "pre_requisitos": [], "codigo_departamento": 19010000.0, "codigo_disciplina": 1901058, "horas": 210.0}, {"semestre": null, "pos_requisitos": [], "disciplina": "Enade/Concluinte", "creditos": null, "tipo": "Complementar", "pre_requisitos": [], "codigo_departamento": 19010000.0, "codigo_disciplina": 1901062, "horas": null}, {"semestre": null, "pos_requisitos": [], "disciplina": "Enade/Ingressante", "creditos": null, "tipo": "Complementar", "pre_requisitos": [], "codigo_departamento": 19010000.0, "codigo_disciplina": 1901063, "horas": null}, {"semestre": null, "pos_requisitos": [], "disciplina": "An\u00e1lise I", "creditos": null, "tipo": "Obrigat\u00f3ria", "pre_requisitos": [], "codigo_departamento": 19010000.0, "codigo_disciplina": 1901048, "horas": null}, {"semestre": 1.0, "pos_requisitos": [], "disciplina": "\u00c1lgebra Vetorial e Geometria Anal\u00edtica", "creditos": 4.0, "tipo": "Obrigat\u00f3ria", "pre_requisitos": [], "codigo_departamento": 19010000.0, "codigo_disciplina": 1901001, "horas": 60.0}, {"semestre": 1.0, "pos_requisitos": [], "disciplina": "\u00c1lgebra Linear I", "creditos": 4.0, "tipo": "Obrigat\u00f3ria", "pre_requisitos": [], "codigo_departamento": 19010000.0, "codigo_disciplina": 1901002, "horas": 60.0}, {"semestre": 1.0, "pos_requisitos": [], "disciplina": "L\u00f3gica Aplicada \u00e0 Matem\u00e1tica", "creditos": 4.0, "tipo": "Obrigat\u00f3ria", "pre_requisitos": [], "codigo_departamento": 19010000.0, "codigo_disciplina": 1901003, "horas": 60.0}, {"semestre": 1.0, "pos_requisitos": [], "disciplina": "Matem P/ o Ens Medio I: Uma Abord Cr\u00edtica", "creditos": 4.0, "tipo": "Obrigat\u00f3ria", "pre_requisitos": [], "codigo_departamento": 19010000.0, "codigo_disciplina": 1901004, "horas": 60.0}, {"semestre": 1.0, "pos_requisitos": [], "disciplina": "Psic Educacional/Aprendizagem", "creditos": 4.0, "tipo": "Obrigat\u00f3ria", "pre_requisitos": [], "codigo_departamento": 19010000.0, "codigo_disciplina": 1901005, "horas": 60.0}, {"semestre": 1.0, "pos_requisitos": [], "disciplina": "Leitura e Prod de Textos Academicos I", "creditos": 4.0, "tipo": "Obrigat\u00f3ria", "pre_requisitos": [], "codigo_departamento": 19010000.0, "codigo_disciplina": 1901006, "horas": 60.0}, {"semestre": 1.0, "pos_requisitos": [], "disciplina": "Introdu\u00e7\u00e3o \u00e0 Ci\u00eancia da Computa\u00e7\u00e3o", "creditos": 4.0, "tipo": "Obrigat\u00f3ria", "pre_requisitos": [], "codigo_departamento": 19010000.0, "codigo_disciplina": 1901007, "horas": 60.0}, {"semestre": 2.0, "pos_requisitos": [], "disciplina": "C\u00e1lculo Diferencial e Integral I", "creditos": 4.0, "tipo": "Obrigat\u00f3ria", "pre_requisitos": [], "codigo_departamento": 19010000.0, "codigo_disciplina": 1901008, "horas": 60.0}, {"semestre": 2.0, "pos_requisitos": [], "disciplina": "Express\u00e3o Grafica", "creditos": 4.0, "tipo": "Obrigat\u00f3ria", "pre_requisitos": [], "codigo_departamento": 19010000.0, "codigo_disciplina": 1901009, "horas": 60.0}, {"semestre": 2.0, "pos_requisitos": [], "disciplina": "Did\u00e1tica", "creditos": 4.0, "tipo": "Obrigat\u00f3ria", "pre_requisitos": [], "codigo_departamento": 19010000.0, "codigo_disciplina": 1901010, "horas": 60.0}, {"semestre": 2.0, "pos_requisitos": [], "disciplina": "M\u00e9todologia do Ensino da Matem\u00e1tica I", "creditos": 4.0, "tipo": "Obrigat\u00f3ria", "pre_requisitos": [], "codigo_departamento": 19010000.0, "codigo_disciplina": 1901011, "horas": 60.0}, {"semestre": 2.0, "pos_requisitos": [], "disciplina": "Libras", "creditos": 4.0, "tipo": "Obrigat\u00f3ria", "pre_requisitos": [], "codigo_departamento": 19010000.0, "codigo_disciplina": 1901012, "horas": 60.0}, {"semestre": 3.0, "pos_requisitos": [], "disciplina": "C\u00e1lculo Diferencial e Integral II", "creditos": 4.0, "tipo": "Obrigat\u00f3ria", "pre_requisitos": [], "codigo_departamento": 19010000.0, "codigo_disciplina": 1901013, "horas": 60.0}, {"semestre": 3.0, "pos_requisitos": [], "disciplina": "Fundamentos da Geom Euclidiana Plana", "creditos": 4.0, "tipo": "Obrigat\u00f3ria", "pre_requisitos": [], "codigo_departamento": 19010000.0, "codigo_disciplina": 1901014, "horas": 60.0}, {"semestre": 3.0, "pos_requisitos": [], "disciplina": "Fundamentos de Matem\u00e1tica", "creditos": 4.0, "tipo": "Obrigat\u00f3ria", "pre_requisitos": [], "codigo_departamento": 19010000.0, "codigo_disciplina": 1901015, "horas": 60.0}, {"semestre": 3.0, "pos_requisitos": [], "disciplina": "o Computador Como Instrumento de Ensino", "creditos": 4.0, "tipo": "Obrigat\u00f3ria", "pre_requisitos": [], "codigo_departamento": 19010000.0, "codigo_disciplina": 1901017, "horas": 60.0}, {"semestre": 3.0, "pos_requisitos": [], "disciplina": "M\u00e9todologia do Ensino da Matem\u00e1tica II", "creditos": 4.0, "tipo": "Obrigat\u00f3ria", "pre_requisitos": [], "codigo_departamento": 19010000.0, "codigo_disciplina": 1901028, "horas": 60.0}, {"semestre": 4.0, "pos_requisitos": [], "disciplina": "F\u00edsica Geral I", "creditos": 4.0, "tipo": "Obrigat\u00f3ria", "pre_requisitos": [], "codigo_departamento": 19010000.0, "codigo_disciplina": 1901029, "horas": 60.0}, {"semestre": 4.0, "pos_requisitos": [], "disciplina": "Equacoes Diferenciais Lineares", "creditos": 4.0, "tipo": "Obrigat\u00f3ria", "pre_requisitos": [], "codigo_departamento": 19010000.0, "codigo_disciplina": 1901030, "horas": 60.0}, {"semestre": 4.0, "pos_requisitos": [], "disciplina": "C\u00e1lculo Diferencial e Integral III", "creditos": 4.0, "tipo": "Obrigat\u00f3ria", "pre_requisitos": [], "codigo_departamento": 19010000.0, "codigo_disciplina": 1901031, "horas": 60.0}, {"semestre": 4.0, "pos_requisitos": [], "disciplina": "Laborat\u00f3rio de Ensino de Matem\u00e1tica", "creditos": 4.0, "tipo": "Obrigat\u00f3ria", "pre_requisitos": [], "codigo_departamento": 19010000.0, "codigo_disciplina": 1901032, "horas": 60.0}, {"semestre": 4.0, "pos_requisitos": [], "disciplina": "Pr\u00e1tica de Ensino de Matem\u00e1tica I", "creditos": 4.0, "tipo": "Obrigat\u00f3ria", "pre_requisitos": [], "codigo_departamento": 19010000.0, "codigo_disciplina": 1901033, "horas": 60.0}, {"semestre": 4.0, "pos_requisitos": [], "disciplina": "Leitura e Prod de Textos Academicos II", "creditos": 4.0, "tipo": "Obrigat\u00f3ria", "pre_requisitos": [], "codigo_departamento": 19010000.0, "codigo_disciplina": 1901034, "horas": 60.0}, {"semestre": 5.0, "pos_requisitos": [], "disciplina": "F\u00edsica Experimental I", "creditos": 4.0, "tipo": "Obrigat\u00f3ria", "pre_requisitos": [], "codigo_departamento": 19010000.0, "codigo_disciplina": 1901035, "horas": 60.0}, {"semestre": 5.0, "pos_requisitos": [], "disciplina": "F\u00edsica Geral II", "creditos": 4.0, "tipo": "Obrigat\u00f3ria", "pre_requisitos": [], "codigo_departamento": 19010000.0, "codigo_disciplina": 1901036, "horas": 60.0}, {"semestre": 5.0, "pos_requisitos": [], "disciplina": "Estruturas Alg\u00e9bricas", "creditos": 4.0, "tipo": "Obrigat\u00f3ria", "pre_requisitos": [], "codigo_departamento": 19010000.0, "codigo_disciplina": 1901037, "horas": 60.0}, {"semestre": 5.0, "pos_requisitos": [], "disciplina": "Pr\u00e1tica de Ensino de Matem\u00e1tica II", "creditos": 4.0, "tipo": "Obrigat\u00f3ria", "pre_requisitos": [], "codigo_departamento": 19010000.0, "codigo_disciplina": 1901038, "horas": 60.0}, {"semestre": 5.0, "pos_requisitos": [], "disciplina": "Introdu\u00e7\u00e3o a Probabilidade", "creditos": 4.0, "tipo": "Obrigat\u00f3ria", "pre_requisitos": [], "codigo_departamento": 19010000.0, "codigo_disciplina": 1901039, "horas": 60.0}, {"semestre": 6.0, "pos_requisitos": [], "disciplina": "Introdu\u00e7\u00e3o \u00e0 Hist\u00f3ria da Matem\u00e1tica", "creditos": 4.0, "tipo": "Obrigat\u00f3ria", "pre_requisitos": [], "codigo_departamento": 19010000.0, "codigo_disciplina": 1901040, "horas": 60.0}, {"semestre": 6.0, "pos_requisitos": [], "disciplina": "Pr\u00e1tica de Ensino de Matem\u00e1tica III", "creditos": 4.0, "tipo": "Obrigat\u00f3ria", "pre_requisitos": [], "codigo_departamento": 19010000.0, "codigo_disciplina": 1901041, "horas": 60.0}, {"semestre": 6.0, "pos_requisitos": [], "disciplina": "Est\u00e1gio Supervisionado I", "creditos": 7.0, "tipo": "Complementar", "pre_requisitos": [], "codigo_departamento": 19010000.0, "codigo_disciplina": 1901042, "horas": 105.0}, {"semestre": 6.0, "pos_requisitos": [], "disciplina": "Introdu\u00e7\u00e3o a Estatistica", "creditos": 4.0, "tipo": "Obrigat\u00f3ria", "pre_requisitos": [], "codigo_departamento": 19010000.0, "codigo_disciplina": 1901043, "horas": 60.0}, {"semestre": 7.0, "pos_requisitos": [], "disciplina": "An\u00e1lise Matem\u00e1tica para Licenciatura", "creditos": 4.0, "tipo": "Obrigat\u00f3ria", "pre_requisitos": [], "codigo_departamento": 19010000.0, "codigo_disciplina": 1901044, "horas": 60.0}, {"semestre": 7.0, "pos_requisitos": [], "disciplina": "Pr\u00e1tica de Ensino de Matem\u00e1tica IV", "creditos": 4.0, "tipo": "Obrigat\u00f3ria", "pre_requisitos": [], "codigo_departamento": 19010000.0, "codigo_disciplina": 1901045, "horas": 60.0}, {"semestre": 7.0, "pos_requisitos": [], "disciplina": "Est\u00e1gio Supervisionado II", "creditos": 7.0, "tipo": "Complementar", "pre_requisitos": [], "codigo_departamento": 19010000.0, "codigo_disciplina": 1901046, "horas": 105.0}, {"semestre": 8.0, "pos_requisitos": [], "disciplina": "Est\u00e1gio Supervisionado III", "creditos": 13.0, "tipo": "Complementar", "pre_requisitos": [], "codigo_departamento": 19010000.0, "codigo_disciplina": 1901047, "horas": 195.0}]