[{"semestre": null, "pos_requisitos": [], "disciplina": "An\u00e1lise I", "creditos": null, "tipo": "Obrigat\u00f3ria", "pre_requisitos": [1109128, 1109137], "codigo_departamento": 11090000.0, "codigo_disciplina": 1109021, "horas": null}, {"semestre": null, "pos_requisitos": [], "disciplina": "Enade/Concluinte", "creditos": null, "tipo": "Complementar", "pre_requisitos": [], "codigo_departamento": 13050000.0, "codigo_disciplina": 1305253, "horas": null}, {"semestre": null, "pos_requisitos": [], "disciplina": "Enade/Ingressante", "creditos": null, "tipo": "Complementar", "pre_requisitos": [], "codigo_departamento": 13050000.0, "codigo_disciplina": 1305254, "horas": null}, {"semestre": null, "pos_requisitos": [], "disciplina": "Atividades Academico - Cientif. - Culturais", "creditos": 14.0, "tipo": "Complementar", "pre_requisitos": [], "codigo_departamento": 11090000.0, "codigo_disciplina": 1109174, "horas": 210.0}, {"semestre": 1.0, "pos_requisitos": [1109137], "disciplina": "L\u00f3gica Aplicada \u00e0 Matem\u00e1tica", "creditos": 4.0, "tipo": "Obrigat\u00f3ria", "pre_requisitos": [], "codigo_departamento": 11090000.0, "codigo_disciplina": 1109139, "horas": 60.0}, {"semestre": 1.0, "pos_requisitos": [1307176], "disciplina": "Leitura e Prod de Textos Academicos I", "creditos": 4.0, "tipo": "Obrigat\u00f3ria", "pre_requisitos": [], "codigo_departamento": 13070000.0, "codigo_disciplina": 1307175, "horas": 60.0}, {"semestre": 1.0, "pos_requisitos": [], "disciplina": "Matem P/ o Ens Medio I: Uma Abord Cr\u00edtica", "creditos": 4.0, "tipo": "Obrigat\u00f3ria", "pre_requisitos": [], "codigo_departamento": 11090000.0, "codigo_disciplina": 1109161, "horas": 60.0}, {"semestre": 1.0, "pos_requisitos": [1109049, 1109128, 1108081], "disciplina": "\u00c1lgebra Vetorial e Geometria Anal\u00edtica", "creditos": 4.0, "tipo": "Obrigat\u00f3ria", "pre_requisitos": [], "codigo_departamento": 11090000.0, "codigo_disciplina": 1109035, "horas": 60.0}, {"semestre": 1.0, "pos_requisitos": [1109167], "disciplina": "Introdu\u00e7\u00e3o \u00e0 Ci\u00eancia da Computa\u00e7\u00e3o", "creditos": 4.0, "tipo": "Obrigat\u00f3ria", "pre_requisitos": [], "codigo_departamento": 14110000.0, "codigo_disciplina": 1411001, "horas": 60.0}, {"semestre": 1.0, "pos_requisitos": [1304063], "disciplina": "Psic Educacional/Aprendizagem", "creditos": 4.0, "tipo": "Obrigat\u00f3ria", "pre_requisitos": [], "codigo_departamento": 13040000.0, "codigo_disciplina": 1304019, "horas": 60.0}, {"semestre": 1.0, "pos_requisitos": [1109010, 1114129], "disciplina": "\u00c1lgebra Linear I", "creditos": 4.0, "tipo": "Obrigat\u00f3ria", "pre_requisitos": [1109035], "codigo_departamento": 11090000.0, "codigo_disciplina": 1109049, "horas": 60.0}, {"semestre": 2.0, "pos_requisitos": [1109131, 1108081], "disciplina": "C\u00e1lculo Diferencial e Integral I", "creditos": 4.0, "tipo": "Obrigat\u00f3ria", "pre_requisitos": [], "codigo_departamento": 11090000.0, "codigo_disciplina": 1109126, "horas": 60.0}, {"semestre": 2.0, "pos_requisitos": [1304206], "disciplina": "M\u00e9todologia do Ensino da Matem\u00e1tica I", "creditos": 4.0, "tipo": "Obrigat\u00f3ria", "pre_requisitos": [], "codigo_departamento": 13040000.0, "codigo_disciplina": 1304205, "horas": 60.0}, {"semestre": 2.0, "pos_requisitos": [1109136], "disciplina": "Express\u00e3o Grafica", "creditos": 4.0, "tipo": "Obrigat\u00f3ria", "pre_requisitos": [], "codigo_departamento": 11130000.0, "codigo_disciplina": 1113019, "horas": 60.0}, {"semestre": 2.0, "pos_requisitos": [1109165, 1109169], "disciplina": "Did\u00e1tica", "creditos": 4.0, "tipo": "Obrigat\u00f3ria", "pre_requisitos": [1304019], "codigo_departamento": 13040000.0, "codigo_disciplina": 1304063, "horas": 60.0}, {"semestre": 3.0, "pos_requisitos": [1109128, 1109010, 1114129], "disciplina": "C\u00e1lculo Diferencial e Integral II", "creditos": 4.0, "tipo": "Obrigat\u00f3ria", "pre_requisitos": [1109126], "codigo_departamento": 11090000.0, "codigo_disciplina": 1109131, "horas": 60.0}, {"semestre": 3.0, "pos_requisitos": [], "disciplina": "M\u00e9todologia do Ensino da Matem\u00e1tica II", "creditos": 4.0, "tipo": "Obrigat\u00f3ria", "pre_requisitos": [1304205], "codigo_departamento": 13040000.0, "codigo_disciplina": 1304206, "horas": 60.0}, {"semestre": 3.0, "pos_requisitos": [1109164], "disciplina": "Fundamentos da Geom Euclidiana Plana", "creditos": 4.0, "tipo": "Obrigat\u00f3ria", "pre_requisitos": [1113019], "codigo_departamento": 11090000.0, "codigo_disciplina": 1109136, "horas": 60.0}, {"semestre": 3.0, "pos_requisitos": [1109135, 1109043, 1109166, 1109021], "disciplina": "Fundamentos de Matem\u00e1tica", "creditos": 4.0, "tipo": "Obrigat\u00f3ria", "pre_requisitos": [1109139], "codigo_departamento": 11090000.0, "codigo_disciplina": 1109137, "horas": 60.0}, {"semestre": 3.0, "pos_requisitos": [], "disciplina": "o Computador Como Instrumento de Ensino", "creditos": 4.0, "tipo": "Obrigat\u00f3ria", "pre_requisitos": [1411001], "codigo_departamento": 11090000.0, "codigo_disciplina": 1109167, "horas": 60.0}, {"semestre": 4.0, "pos_requisitos": [1109043, 1109166, 1109021], "disciplina": "C\u00e1lculo Diferencial e Integral III", "creditos": 4.0, "tipo": "Obrigat\u00f3ria", "pre_requisitos": [1109131, 1109035], "codigo_departamento": 11090000.0, "codigo_disciplina": 1109128, "horas": 60.0}, {"semestre": 4.0, "pos_requisitos": [], "disciplina": "Equacoes Diferenciais Lineares", "creditos": 4.0, "tipo": "Obrigat\u00f3ria", "pre_requisitos": [1109131, 1109049], "codigo_departamento": 11090000.0, "codigo_disciplina": 1109010, "horas": 60.0}, {"semestre": 4.0, "pos_requisitos": [], "disciplina": "Leitura e Prod de Textos Academicos II", "creditos": 4.0, "tipo": "Obrigat\u00f3ria", "pre_requisitos": [1307175], "codigo_departamento": 13070000.0, "codigo_disciplina": 1307176, "horas": 60.0}, {"semestre": 4.0, "pos_requisitos": [], "disciplina": "Laborat\u00f3rio de Ensino de Matem\u00e1tica", "creditos": 4.0, "tipo": "Obrigat\u00f3ria", "pre_requisitos": [1109136], "codigo_departamento": 11090000.0, "codigo_disciplina": 1109164, "horas": 60.0}, {"semestre": 4.0, "pos_requisitos": [1109168], "disciplina": "Pr\u00e1tica de Ensino de Matem\u00e1tica I", "creditos": 4.0, "tipo": "Obrigat\u00f3ria", "pre_requisitos": [1304063], "codigo_departamento": 11090000.0, "codigo_disciplina": 1109165, "horas": 60.0}, {"semestre": 4.0, "pos_requisitos": [1108023, 1108081], "disciplina": "F\u00edsica Geral I", "creditos": 4.0, "tipo": "Obrigat\u00f3ria", "pre_requisitos": [], "codigo_departamento": 11080000.0, "codigo_disciplina": 1108030, "horas": 60.0}, {"semestre": 5.0, "pos_requisitos": [], "disciplina": "Estruturas Alg\u00e9bricas", "creditos": 4.0, "tipo": "Obrigat\u00f3ria", "pre_requisitos": [1109137], "codigo_departamento": 11090000.0, "codigo_disciplina": 1109135, "horas": 60.0}, {"semestre": 5.0, "pos_requisitos": [1109171, 1109172], "disciplina": "Pr\u00e1tica de Ensino de Matem\u00e1tica II", "creditos": 4.0, "tipo": "Obrigat\u00f3ria", "pre_requisitos": [1109165], "codigo_departamento": 11090000.0, "codigo_disciplina": 1109168, "horas": 60.0}, {"semestre": 5.0, "pos_requisitos": [], "disciplina": "F\u00edsica Experimental I", "creditos": 4.0, "tipo": "Obrigat\u00f3ria", "pre_requisitos": [1108030], "codigo_departamento": 11080000.0, "codigo_disciplina": 1108023, "horas": 60.0}, {"semestre": 5.0, "pos_requisitos": [1114130], "disciplina": "Introdu\u00e7\u00e3o a Probabilidade", "creditos": 4.0, "tipo": "Obrigat\u00f3ria", "pre_requisitos": [1109131, 1109049], "codigo_departamento": 11140000.0, "codigo_disciplina": 1114129, "horas": 60.0}, {"semestre": 5.0, "pos_requisitos": [], "disciplina": "F\u00edsica Geral II", "creditos": 4.0, "tipo": "Obrigat\u00f3ria", "pre_requisitos": [1108030, 1109126, 1109035], "codigo_departamento": 11080000.0, "codigo_disciplina": 1108081, "horas": 60.0}, {"semestre": 6.0, "pos_requisitos": [1109170], "disciplina": "Pr\u00e1tica de Ensino de Matem\u00e1tica III", "creditos": 4.0, "tipo": "Obrigat\u00f3ria", "pre_requisitos": [1304063], "codigo_departamento": 11090000.0, "codigo_disciplina": 1109169, "horas": 60.0}, {"semestre": 6.0, "pos_requisitos": [], "disciplina": "Est\u00e1gio Supervisionado I", "creditos": 7.0, "tipo": "Complementar", "pre_requisitos": [1109168], "codigo_departamento": 11090000.0, "codigo_disciplina": 1109171, "horas": 105.0}, {"semestre": 6.0, "pos_requisitos": [], "disciplina": "Introdu\u00e7\u00e3o \u00e0 Hist\u00f3ria da Matem\u00e1tica", "creditos": 4.0, "tipo": "Obrigat\u00f3ria", "pre_requisitos": [1109128, 1109137], "codigo_departamento": 11090000.0, "codigo_disciplina": 1109043, "horas": 60.0}, {"semestre": 6.0, "pos_requisitos": [], "disciplina": "Introdu\u00e7\u00e3o a Estatistica", "creditos": 4.0, "tipo": "Obrigat\u00f3ria", "pre_requisitos": [1114129], "codigo_departamento": 11140000.0, "codigo_disciplina": 1114130, "horas": 60.0}, {"semestre": 7.0, "pos_requisitos": [], "disciplina": "An\u00e1lise Matem\u00e1tica para Licenciatura", "creditos": 4.0, "tipo": "Obrigat\u00f3ria", "pre_requisitos": [1109128, 1109137], "codigo_departamento": 11090000.0, "codigo_disciplina": 1109166, "horas": 60.0}, {"semestre": 7.0, "pos_requisitos": [1109173], "disciplina": "Pr\u00e1tica de Ensino de Matem\u00e1tica IV", "creditos": 4.0, "tipo": "Obrigat\u00f3ria", "pre_requisitos": [1109169], "codigo_departamento": 11090000.0, "codigo_disciplina": 1109170, "horas": 60.0}, {"semestre": 7.0, "pos_requisitos": [], "disciplina": "Est\u00e1gio Supervisionado II", "creditos": 7.0, "tipo": "Complementar", "pre_requisitos": [1109168], "codigo_departamento": 11090000.0, "codigo_disciplina": 1109172, "horas": 105.0}, {"semestre": 8.0, "pos_requisitos": [], "disciplina": "Est\u00e1gio Supervisionado III", "creditos": 13.0, "tipo": "Complementar", "pre_requisitos": [1109170], "codigo_departamento": 11090000.0, "codigo_disciplina": 1109173, "horas": 195.0}]