[{"semestre": 1.0, "pos_requisitos": [1109131, 1108081], "disciplina": "C\u00e1lculo Diferencial e Integral I", "creditos": 4.0, "tipo": "Obrigat\u00f3ria", "pre_requisitos": [], "codigo_departamento": 11090000.0, "codigo_disciplina": 1109126, "horas": 60.0}, {"semestre": 1.0, "pos_requisitos": [1109137], "disciplina": "L\u00f3gica Aplicada \u00e0 Matem\u00e1tica", "creditos": 4.0, "tipo": "Obrigat\u00f3ria", "pre_requisitos": [], "codigo_departamento": 11090000.0, "codigo_disciplina": 1109139, "horas": 60.0}, {"semestre": 1.0, "pos_requisitos": [1109049, 1109128, 1108081], "disciplina": "\u00c1lgebra Vetorial e Geometria Anal\u00edtica", "creditos": 4.0, "tipo": "Obrigat\u00f3ria", "pre_requisitos": [], "codigo_departamento": 11090000.0, "codigo_disciplina": 1109035, "horas": 60.0}, {"semestre": 1.0, "pos_requisitos": [1109138], "disciplina": "Introdu\u00e7\u00e3o \u00e0 Ci\u00eancia da Computa\u00e7\u00e3o", "creditos": 4.0, "tipo": "Obrigat\u00f3ria", "pre_requisitos": [], "codigo_departamento": 14110000.0, "codigo_disciplina": 1411001, "horas": 60.0}, {"semestre": 1.0, "pos_requisitos": [1307176], "disciplina": "Leitura e Prod de Textos Academicos I", "creditos": 4.0, "tipo": "Obrigat\u00f3ria", "pre_requisitos": [], "codigo_departamento": 13070000.0, "codigo_disciplina": 1307175, "horas": 60.0}, {"semestre": 2.0, "pos_requisitos": [1109128, 1114129, 1109010, 1109138], "disciplina": "C\u00e1lculo Diferencial e Integral II", "creditos": 4.0, "tipo": "Obrigat\u00f3ria", "pre_requisitos": [1109126], "codigo_departamento": 11090000.0, "codigo_disciplina": 1109131, "horas": 60.0}, {"semestre": 2.0, "pos_requisitos": [1109136], "disciplina": "Express\u00e3o Grafica", "creditos": 4.0, "tipo": "Obrigat\u00f3ria", "pre_requisitos": [], "codigo_departamento": 11130000.0, "codigo_disciplina": 1113019, "horas": 60.0}, {"semestre": 2.0, "pos_requisitos": [1108023, 1108081], "disciplina": "F\u00edsica Geral I", "creditos": 4.0, "tipo": "Obrigat\u00f3ria", "pre_requisitos": [], "codigo_departamento": 11080000.0, "codigo_disciplina": 1108030, "horas": 60.0}, {"semestre": 2.0, "pos_requisitos": [1114129, 1109134, 1109010, 1109138, 1109056], "disciplina": "\u00c1lgebra Linear I", "creditos": 4.0, "tipo": "Obrigat\u00f3ria", "pre_requisitos": [1109035], "codigo_departamento": 11090000.0, "codigo_disciplina": 1109049, "horas": 60.0}, {"semestre": 2.0, "pos_requisitos": [], "disciplina": "Leitura e Prod de Textos Academicos II", "creditos": 4.0, "tipo": "Obrigat\u00f3ria", "pre_requisitos": [1307175], "codigo_departamento": 13070000.0, "codigo_disciplina": 1307176, "horas": 60.0}, {"semestre": 3.0, "pos_requisitos": [], "disciplina": "F\u00edsica Geral II", "creditos": 4.0, "tipo": "Obrigat\u00f3ria", "pre_requisitos": [1108030, 1109126, 1109035], "codigo_departamento": 11080000.0, "codigo_disciplina": 1108081, "horas": 60.0}, {"semestre": 3.0, "pos_requisitos": [1109134, 1109061], "disciplina": "C\u00e1lculo Diferencial e Integral III", "creditos": 4.0, "tipo": "Obrigat\u00f3ria", "pre_requisitos": [1109131, 1109035], "codigo_departamento": 11090000.0, "codigo_disciplina": 1109128, "horas": 60.0}, {"semestre": 3.0, "pos_requisitos": [1109135, 1109021], "disciplina": "Fundamentos de Matem\u00e1tica", "creditos": 4.0, "tipo": "Obrigat\u00f3ria", "pre_requisitos": [1109139], "codigo_departamento": 11090000.0, "codigo_disciplina": 1109137, "horas": 60.0}, {"semestre": 3.0, "pos_requisitos": [], "disciplina": "F\u00edsica Experimental I", "creditos": 4.0, "tipo": "Obrigat\u00f3ria", "pre_requisitos": [1108030], "codigo_departamento": 11080000.0, "codigo_disciplina": 1108023, "horas": 60.0}, {"semestre": 3.0, "pos_requisitos": [1114130], "disciplina": "Introdu\u00e7\u00e3o a Probabilidade", "creditos": 4.0, "tipo": "Obrigat\u00f3ria", "pre_requisitos": [1109131, 1109049], "codigo_departamento": 11140000.0, "codigo_disciplina": 1114129, "horas": 60.0}, {"semestre": 4.0, "pos_requisitos": [], "disciplina": "Equacoes Diferenciais Lineares", "creditos": 4.0, "tipo": "Obrigat\u00f3ria", "pre_requisitos": [1109131, 1109049], "codigo_departamento": 11090000.0, "codigo_disciplina": 1109010, "horas": 60.0}, {"semestre": 4.0, "pos_requisitos": [1109021, 1109029], "disciplina": "C\u00e1lculo Avancado", "creditos": 4.0, "tipo": "Obrigat\u00f3ria", "pre_requisitos": [1109128, 1109049], "codigo_departamento": 11090000.0, "codigo_disciplina": 1109134, "horas": 60.0}, {"semestre": 4.0, "pos_requisitos": [1109160, 1109056], "disciplina": "Estruturas Alg\u00e9bricas", "creditos": 4.0, "tipo": "Obrigat\u00f3ria", "pre_requisitos": [1109137], "codigo_departamento": 11090000.0, "codigo_disciplina": 1109135, "horas": 60.0}, {"semestre": 4.0, "pos_requisitos": [], "disciplina": "Introdu\u00e7\u00e3o Aos M\u00e9todos Num\u00e9ricos", "creditos": 4.0, "tipo": "Obrigat\u00f3ria", "pre_requisitos": [1109131, 1109049, 1411001], "codigo_departamento": 11090000.0, "codigo_disciplina": 1109138, "horas": 60.0}, {"semestre": 4.0, "pos_requisitos": [], "disciplina": "Introdu\u00e7\u00e3o a Estatistica", "creditos": 4.0, "tipo": "Obrigat\u00f3ria", "pre_requisitos": [1114129], "codigo_departamento": 11140000.0, "codigo_disciplina": 1114130, "horas": 60.0}, {"semestre": 5.0, "pos_requisitos": [], "disciplina": "Fundamentos da Geom Euclidiana Plana", "creditos": 4.0, "tipo": "Obrigat\u00f3ria", "pre_requisitos": [1113019], "codigo_departamento": 11090000.0, "codigo_disciplina": 1109136, "horas": 60.0}, {"semestre": 5.0, "pos_requisitos": [1109022, 1109026], "disciplina": "An\u00e1lise I", "creditos": 4.0, "tipo": "Obrigat\u00f3ria", "pre_requisitos": [1109134, 1109137], "codigo_departamento": 11090000.0, "codigo_disciplina": 1109021, "horas": 60.0}, {"semestre": 5.0, "pos_requisitos": [1109178], "disciplina": "\u00c1lgebra I", "creditos": 4.0, "tipo": "Obrigat\u00f3ria", "pre_requisitos": [1109135], "codigo_departamento": 11090000.0, "codigo_disciplina": 1109160, "horas": 60.0}, {"semestre": 5.0, "pos_requisitos": [], "disciplina": "Funcoes de Uma Variavel Complexa", "creditos": 4.0, "tipo": "Obrigat\u00f3ria", "pre_requisitos": [1109128], "codigo_departamento": 11090000.0, "codigo_disciplina": 1109061, "horas": 60.0}, {"semestre": 6.0, "pos_requisitos": [1109023, 1109034], "disciplina": "An\u00e1lise II", "creditos": 4.0, "tipo": "Obrigat\u00f3ria", "pre_requisitos": [1109021], "codigo_departamento": 11090000.0, "codigo_disciplina": 1109022, "horas": 60.0}, {"semestre": 6.0, "pos_requisitos": [], "disciplina": "\u00c1lgebra II", "creditos": 4.0, "tipo": "Obrigat\u00f3ria", "pre_requisitos": [1109160], "codigo_departamento": 11090000.0, "codigo_disciplina": 1109178, "horas": 60.0}, {"semestre": 6.0, "pos_requisitos": [], "disciplina": "\u00c1lgebra Linear II", "creditos": 4.0, "tipo": "Obrigat\u00f3ria", "pre_requisitos": [1109049, 1109135], "codigo_departamento": 11090000.0, "codigo_disciplina": 1109056, "horas": 60.0}, {"semestre": 7.0, "pos_requisitos": [1109141], "disciplina": "Projeto de Pesquisa", "creditos": 4.0, "tipo": "Complementar", "pre_requisitos": [], "codigo_departamento": 11090000.0, "codigo_disciplina": 1109140, "horas": 60.0}, {"semestre": 7.0, "pos_requisitos": [], "disciplina": "An\u00e1lise III", "creditos": 4.0, "tipo": "Obrigat\u00f3ria", "pre_requisitos": [1109022], "codigo_departamento": 11090000.0, "codigo_disciplina": 1109023, "horas": 60.0}, {"semestre": 7.0, "pos_requisitos": [], "disciplina": "Int a Geometria Diferencial", "creditos": 4.0, "tipo": "Obrigat\u00f3ria", "pre_requisitos": [1109134], "codigo_departamento": 11090000.0, "codigo_disciplina": 1109029, "horas": 60.0}, {"semestre": 8.0, "pos_requisitos": [], "disciplina": "Trabalho de Conclus\u00e3o de Curso", "creditos": 4.0, "tipo": "Complementar", "pre_requisitos": [1109140], "codigo_departamento": 11090000.0, "codigo_disciplina": 1109141, "horas": 60.0}, {"semestre": 8.0, "pos_requisitos": [], "disciplina": "Equacoes Diferenciais Ordinarias", "creditos": 4.0, "tipo": "Obrigat\u00f3ria", "pre_requisitos": [1109021], "codigo_departamento": 11090000.0, "codigo_disciplina": 1109026, "horas": 60.0}, {"semestre": 8.0, "pos_requisitos": [], "disciplina": "Atividades Complementares Flex\u00edveis", "creditos": 8.0, "tipo": "Complementar", "pre_requisitos": [], "codigo_departamento": 11090000.0, "codigo_disciplina": 1109159, "horas": 120.0}, {"semestre": 8.0, "pos_requisitos": [], "disciplina": "Topologia dos Espacos Metricos", "creditos": 4.0, "tipo": "Obrigat\u00f3ria", "pre_requisitos": [1109022], "codigo_departamento": 11090000.0, "codigo_disciplina": 1109034, "horas": 60.0}]