[{"semestre": 1.0, "pos_requisitos": [5101051], "disciplina": "\u00c1lgebra Vetorial e Geometria Anal\u00edtica", "creditos": 4.0, "tipo": "Obrigat\u00f3ria", "pre_requisitos": [], "codigo_departamento": 51010000.0, "codigo_disciplina": 5101012, "horas": 60.0}, {"semestre": 1.0, "pos_requisitos": [5101052], "disciplina": "Psicologia e Educa\u00e7\u00e3o", "creditos": 4.0, "tipo": "Obrigat\u00f3ria", "pre_requisitos": [], "codigo_departamento": 51010000.0, "codigo_disciplina": 5101016, "horas": 60.0}, {"semestre": 1.0, "pos_requisitos": [5101051], "disciplina": "Fundamentos de Matem\u00e1tica", "creditos": 4.0, "tipo": "Obrigat\u00f3ria", "pre_requisitos": [], "codigo_departamento": 51010000.0, "codigo_disciplina": 5101018, "horas": 60.0}, {"semestre": 1.0, "pos_requisitos": [5101126], "disciplina": "Introd. a L\u00f3gica e a Ling. Matem\u00e1tica", "creditos": 4.0, "tipo": "Obrigat\u00f3ria", "pre_requisitos": [], "codigo_departamento": 51010000.0, "codigo_disciplina": 5101019, "horas": 60.0}, {"semestre": 1.0, "pos_requisitos": [5101054, 5101078, 5101113], "disciplina": "Inform\u00e1tica Aplicada ao Ensino", "creditos": 4.0, "tipo": "Obrigat\u00f3ria", "pre_requisitos": [], "codigo_departamento": 51010000.0, "codigo_disciplina": 5101021, "horas": 60.0}, {"semestre": 2.0, "pos_requisitos": [5101048, 5101050, 5101058], "disciplina": "C\u00e1lculo Diferencial e Integral I", "creditos": 6.0, "tipo": "Obrigat\u00f3ria", "pre_requisitos": [], "codigo_departamento": 51010000.0, "codigo_disciplina": 5101082, "horas": 90.0}, {"semestre": 2.0, "pos_requisitos": [], "disciplina": "L\u00edngua Portuguesa", "creditos": 4.0, "tipo": "Obrigat\u00f3ria", "pre_requisitos": [], "codigo_departamento": 51010000.0, "codigo_disciplina": 5101006, "horas": 60.0}, {"semestre": 2.0, "pos_requisitos": [5101130], "disciplina": "M\u00e9todologia Cient\u00edfica", "creditos": 4.0, "tipo": "Obrigat\u00f3ria", "pre_requisitos": [], "codigo_departamento": 51010000.0, "codigo_disciplina": 5101010, "horas": 60.0}, {"semestre": 2.0, "pos_requisitos": [5101053], "disciplina": "M\u00e9todologia do Ensino da Matem\u00e1tica I", "creditos": 4.0, "tipo": "Obrigat\u00f3ria", "pre_requisitos": [], "codigo_departamento": 51010000.0, "codigo_disciplina": 5101030, "horas": 60.0}, {"semestre": 3.0, "pos_requisitos": [5101091], "disciplina": "Desenho Geometrico", "creditos": 4.0, "tipo": "Obrigat\u00f3ria", "pre_requisitos": [], "codigo_departamento": 51010000.0, "codigo_disciplina": 5101028, "horas": 60.0}, {"semestre": 3.0, "pos_requisitos": [5101075, 5101076, 5101109, 5101060, 5101126, 5101128], "disciplina": "C\u00e1lculo Diferencial e Integral II", "creditos": 4.0, "tipo": "Obrigat\u00f3ria", "pre_requisitos": [5101082], "codigo_departamento": 51010000.0, "codigo_disciplina": 5101048, "horas": 60.0}, {"semestre": 3.0, "pos_requisitos": [5101127], "disciplina": "\u00c1lgebra Linear I", "creditos": 5.0, "tipo": "Obrigat\u00f3ria", "pre_requisitos": [5101012, 5101018], "codigo_departamento": 51010000.0, "codigo_disciplina": 5101051, "horas": 75.0}, {"semestre": 3.0, "pos_requisitos": [5101077, 5101114], "disciplina": "M\u00e9todologia do Ensino da Matem\u00e1tica II", "creditos": 4.0, "tipo": "Obrigat\u00f3ria", "pre_requisitos": [5101030], "codigo_departamento": 51010000.0, "codigo_disciplina": 5101053, "horas": 60.0}, {"semestre": 3.0, "pos_requisitos": [], "disciplina": "Planejamento em Educa\u00e7\u00e3o", "creditos": 3.0, "tipo": "Obrigat\u00f3ria", "pre_requisitos": [5101021], "codigo_departamento": 51010000.0, "codigo_disciplina": 5101054, "horas": 45.0}, {"semestre": 4.0, "pos_requisitos": [5101069, 5101150], "disciplina": "C\u00e1lculo Diferencial e Integral III", "creditos": 4.0, "tipo": "Obrigat\u00f3ria", "pre_requisitos": [5101048], "codigo_departamento": 51010000.0, "codigo_disciplina": 5101075, "horas": 60.0}, {"semestre": 4.0, "pos_requisitos": [], "disciplina": "M\u00e9todologia do Ensino da Matem\u00e1tica III", "creditos": 4.0, "tipo": "Obrigat\u00f3ria", "pre_requisitos": [5101053], "codigo_departamento": 51010000.0, "codigo_disciplina": 5101077, "horas": 60.0}, {"semestre": 4.0, "pos_requisitos": [5101078], "disciplina": "Geometria Euclidiana", "creditos": 4.0, "tipo": "Obrigat\u00f3ria", "pre_requisitos": [5101028], "codigo_departamento": 51010000.0, "codigo_disciplina": 5101091, "horas": 60.0}, {"semestre": 4.0, "pos_requisitos": [5101076], "disciplina": "Estatistica Descritiva", "creditos": 4.0, "tipo": "Obrigat\u00f3ria", "pre_requisitos": [5101082], "codigo_departamento": 51010000.0, "codigo_disciplina": 5101050, "horas": 60.0}, {"semestre": 4.0, "pos_requisitos": [], "disciplina": "Avalia\u00e7\u00e3o e Aprendizagem", "creditos": 3.0, "tipo": "Obrigat\u00f3ria", "pre_requisitos": [5101016], "codigo_departamento": 51010000.0, "codigo_disciplina": 5101052, "horas": 45.0}, {"semestre": 5.0, "pos_requisitos": [5101060], "disciplina": "F\u00edsica Geral e Experimental I", "creditos": 4.0, "tipo": "Obrigat\u00f3ria", "pre_requisitos": [5101082], "codigo_departamento": 51010000.0, "codigo_disciplina": 5101058, "horas": 60.0}, {"semestre": 5.0, "pos_requisitos": [], "disciplina": "C\u00e1lculo Diferencial e Integral IV", "creditos": 4.0, "tipo": "Obrigat\u00f3ria", "pre_requisitos": [5101075], "codigo_departamento": 51010000.0, "codigo_disciplina": 5101069, "horas": 60.0}, {"semestre": 5.0, "pos_requisitos": [], "disciplina": "Probabilidade e Inferencia Estatistica", "creditos": 4.0, "tipo": "Obrigat\u00f3ria", "pre_requisitos": [5101048, 5101050], "codigo_departamento": 51010000.0, "codigo_disciplina": 5101076, "horas": 60.0}, {"semestre": 5.0, "pos_requisitos": [], "disciplina": "Computador no Ensino da Matem\u00e1tica", "creditos": 4.0, "tipo": "Obrigat\u00f3ria", "pre_requisitos": [5101091, 5101021], "codigo_departamento": 51010000.0, "codigo_disciplina": 5101078, "horas": 60.0}, {"semestre": 5.0, "pos_requisitos": [], "disciplina": "Introdu\u00e7\u00e3o a Teoria dos Numeros", "creditos": 4.0, "tipo": "Obrigat\u00f3ria", "pre_requisitos": [], "codigo_departamento": 51010000.0, "codigo_disciplina": 5101029, "horas": 60.0}, {"semestre": 6.0, "pos_requisitos": [], "disciplina": "F\u00edsica II", "creditos": 4.0, "tipo": "Obrigat\u00f3ria", "pre_requisitos": [5101058, 5101048], "codigo_departamento": 51010000.0, "codigo_disciplina": 5101060, "horas": 60.0}, {"semestre": 6.0, "pos_requisitos": [], "disciplina": "Equacoes Diferenciais Ordinarias", "creditos": 4.0, "tipo": "Obrigat\u00f3ria", "pre_requisitos": [5101048], "codigo_departamento": 51010000.0, "codigo_disciplina": 5101109, "horas": 60.0}, {"semestre": 6.0, "pos_requisitos": [5101128], "disciplina": "Algoritmos e L\u00ednguagens de Programa\u00e7\u00e3o", "creditos": 4.0, "tipo": "Obrigat\u00f3ria", "pre_requisitos": [5101021], "codigo_departamento": 51010000.0, "codigo_disciplina": 5101113, "horas": 60.0}, {"semestre": 6.0, "pos_requisitos": [5101130], "disciplina": "Ens da Matem. Atraves da Res. de Problemas", "creditos": 4.0, "tipo": "Obrigat\u00f3ria", "pre_requisitos": [5101053], "codigo_departamento": 51010000.0, "codigo_disciplina": 5101114, "horas": 60.0}, {"semestre": 6.0, "pos_requisitos": [], "disciplina": "Filosofia e Sociologia da Educa\u00e7\u00e3o", "creditos": 4.0, "tipo": "Obrigat\u00f3ria", "pre_requisitos": [], "codigo_departamento": 51010000.0, "codigo_disciplina": 5101041, "horas": 60.0}, {"semestre": 7.0, "pos_requisitos": [], "disciplina": "An\u00e1lise na Reta", "creditos": 4.0, "tipo": "Obrigat\u00f3ria", "pre_requisitos": [5101019, 5101048], "codigo_departamento": 51010000.0, "codigo_disciplina": 5101126, "horas": 60.0}, {"semestre": 7.0, "pos_requisitos": [], "disciplina": "Estruturas Alg\u00e9bricas", "creditos": 4.0, "tipo": "Obrigat\u00f3ria", "pre_requisitos": [5101051], "codigo_departamento": 51010000.0, "codigo_disciplina": 5101127, "horas": 60.0}, {"semestre": 7.0, "pos_requisitos": [], "disciplina": "Introdu\u00e7\u00e3o Aos M\u00e9todos Num\u00e9ricos", "creditos": 4.0, "tipo": "Obrigat\u00f3ria", "pre_requisitos": [5101048, 5101113], "codigo_departamento": 51010000.0, "codigo_disciplina": 5101128, "horas": 60.0}, {"semestre": 7.0, "pos_requisitos": [], "disciplina": "Laborat\u00f3rio de Ensino de Matem\u00e1tica", "creditos": 4.0, "tipo": "Obrigat\u00f3ria", "pre_requisitos": [], "codigo_departamento": 51010000.0, "codigo_disciplina": 5101129, "horas": 60.0}, {"semestre": 7.0, "pos_requisitos": [5101130], "disciplina": "Legisla\u00e7\u00e3o da Educa\u00e7\u00e3o B\u00e1sica", "creditos": 3.0, "tipo": "Obrigat\u00f3ria", "pre_requisitos": [], "codigo_departamento": 51010000.0, "codigo_disciplina": 5101033, "horas": 45.0}, {"semestre": 8.0, "pos_requisitos": [5101152], "disciplina": "Est\u00e1gio Supervisionado I", "creditos": 9.0, "tipo": "Obrigat\u00f3ria", "pre_requisitos": [5101010, 5101033, 5101114], "codigo_departamento": 51010000.0, "codigo_disciplina": 5101130, "horas": 135.0}, {"semestre": 8.0, "pos_requisitos": [], "disciplina": "Introdu\u00e7\u00e3o as Variaveis Complexas", "creditos": 4.0, "tipo": "Obrigat\u00f3ria", "pre_requisitos": [5101075], "codigo_departamento": 51010000.0, "codigo_disciplina": 5101150, "horas": 60.0}, {"semestre": 8.0, "pos_requisitos": [], "disciplina": "Introdu\u00e7\u00e3o \u00e0 Hist\u00f3ria da Matem\u00e1tica", "creditos": 4.0, "tipo": "Obrigat\u00f3ria", "pre_requisitos": [], "codigo_departamento": 51010000.0, "codigo_disciplina": 5101151, "horas": 60.0}, {"semestre": 9.0, "pos_requisitos": [], "disciplina": "Est\u00e1gio Supervisionado II", "creditos": 9.0, "tipo": "Obrigat\u00f3ria", "pre_requisitos": [5101130], "codigo_departamento": 51010000.0, "codigo_disciplina": 5101152, "horas": 135.0}, {"semestre": 10.0, "pos_requisitos": [], "disciplina": "L\u00edngua Brasileira de Sinais", "creditos": 4.0, "tipo": "Obrigat\u00f3ria", "pre_requisitos": [], "codigo_departamento": 51010000.0, "codigo_disciplina": 5101148, "horas": 60.0}, {"semestre": 10.0, "pos_requisitos": [], "disciplina": "Atividades Acad\u00eamico - Cient\u00edfico - Culturais", "creditos": 14.0, "tipo": "Complementar", "pre_requisitos": [], "codigo_departamento": 51010000.0, "codigo_disciplina": 5101163, "horas": 210.0}, {"semestre": 10.0, "pos_requisitos": [], "disciplina": "Trabalho de Conclus\u00e3o de Curso", "creditos": 4.0, "tipo": "Obrigat\u00f3ria", "pre_requisitos": [], "codigo_departamento": 51010000.0, "codigo_disciplina": 5101167, "horas": 60.0}, {"semestre": 10.0, "pos_requisitos": [], "disciplina": "Est\u00e1gio Supervisionado III", "creditos": 9.0, "tipo": "Obrigat\u00f3ria", "pre_requisitos": [], "codigo_departamento": 51010000.0, "codigo_disciplina": 5101168, "horas": 135.0}]