[{"semestre": 1.0, "pos_requisitos": [], "disciplina": "Introdu\u00e7\u00e3o a Medicina", "creditos": 4.0, "tipo": "Complementar", "pre_requisitos": [], "codigo_departamento": 21050000.0, "codigo_disciplina": 2105001, "horas": 60.0}, {"semestre": 1.0, "pos_requisitos": [], "disciplina": "Fundamentos de Anatomia Humana", "creditos": 4.0, "tipo": "Obrigat\u00f3ria", "pre_requisitos": [], "codigo_departamento": 21050000.0, "codigo_disciplina": 2105004, "horas": 60.0}, {"semestre": 1.0, "pos_requisitos": [], "disciplina": "Genese e Desenvolvimento", "creditos": 4.0, "tipo": "Obrigat\u00f3ria", "pre_requisitos": [], "codigo_departamento": 21050000.0, "codigo_disciplina": 2105006, "horas": 60.0}, {"semestre": 1.0, "pos_requisitos": [], "disciplina": "Iniciacao Cientifica", "creditos": 4.0, "tipo": "Complementar", "pre_requisitos": [], "codigo_departamento": 21050000.0, "codigo_disciplina": 2105007, "horas": 60.0}, {"semestre": 1.0, "pos_requisitos": [], "disciplina": "Princ. F\u00edsicos e Qu\u00edmicos do Ser Humano", "creditos": 12.0, "tipo": "Obrigat\u00f3ria", "pre_requisitos": [], "codigo_departamento": 21050000.0, "codigo_disciplina": 2105060, "horas": 180.0}, {"semestre": 1.0, "pos_requisitos": [], "disciplina": "Biologia e Fisiologia Celular e Tecidual", "creditos": 8.0, "tipo": "Obrigat\u00f3ria", "pre_requisitos": [], "codigo_departamento": 21050000.0, "codigo_disciplina": 2105061, "horas": 120.0}, {"semestre": 2.0, "pos_requisitos": [], "disciplina": "Sa\u00fade da Familia e Comunitaria I", "creditos": 2.0, "tipo": "Obrigat\u00f3ria", "pre_requisitos": [], "codigo_departamento": 21050000.0, "codigo_disciplina": 2105062, "horas": 30.0}, {"semestre": 2.0, "pos_requisitos": [], "disciplina": "Agentes Agressores e Mecan de Defesa I", "creditos": 12.0, "tipo": "Obrigat\u00f3ria", "pre_requisitos": [], "codigo_departamento": 21050000.0, "codigo_disciplina": 2105063, "horas": 180.0}, {"semestre": 2.0, "pos_requisitos": [], "disciplina": "Sistema Nervoso", "creditos": 12.0, "tipo": "Obrigat\u00f3ria", "pre_requisitos": [], "codigo_departamento": 21050000.0, "codigo_disciplina": 2105064, "horas": 180.0}, {"semestre": 2.0, "pos_requisitos": [], "disciplina": "Sistemas Endocrino e Reprodutor", "creditos": 12.0, "tipo": "Obrigat\u00f3ria", "pre_requisitos": [], "codigo_departamento": 21050000.0, "codigo_disciplina": 2105065, "horas": 180.0}, {"semestre": 3.0, "pos_requisitos": [], "disciplina": "Sistema Urinario", "creditos": 4.0, "tipo": "Obrigat\u00f3ria", "pre_requisitos": [], "codigo_departamento": 21050000.0, "codigo_disciplina": 2105054, "horas": 60.0}, {"semestre": 3.0, "pos_requisitos": [], "disciplina": "Sa\u00fade da Familia e Comunitaria II", "creditos": 4.0, "tipo": "Obrigat\u00f3ria", "pre_requisitos": [], "codigo_departamento": 21050000.0, "codigo_disciplina": 2105066, "horas": 60.0}, {"semestre": 3.0, "pos_requisitos": [], "disciplina": "Agentes Agressores e Mecan de Defesa II", "creditos": 5.0, "tipo": "Obrigat\u00f3ria", "pre_requisitos": [], "codigo_departamento": 21050000.0, "codigo_disciplina": 2105067, "horas": 75.0}, {"semestre": 3.0, "pos_requisitos": [], "disciplina": "Sist Cardiov Hematopoietico e Linfatico", "creditos": 9.0, "tipo": "Obrigat\u00f3ria", "pre_requisitos": [], "codigo_departamento": 21050000.0, "codigo_disciplina": 2105068, "horas": 135.0}, {"semestre": 3.0, "pos_requisitos": [], "disciplina": "Sistema Respiratorio", "creditos": 4.0, "tipo": "Obrigat\u00f3ria", "pre_requisitos": [], "codigo_departamento": 21050000.0, "codigo_disciplina": 2105069, "horas": 60.0}, {"semestre": 3.0, "pos_requisitos": [], "disciplina": "Sistema Digestorio", "creditos": 5.0, "tipo": "Obrigat\u00f3ria", "pre_requisitos": [], "codigo_departamento": 21050000.0, "codigo_disciplina": 2105070, "horas": 75.0}, {"semestre": 3.0, "pos_requisitos": [], "disciplina": "Sistema Locomotor e Tegumentar", "creditos": 6.0, "tipo": "Obrigat\u00f3ria", "pre_requisitos": [], "codigo_departamento": 21050000.0, "codigo_disciplina": 2105071, "horas": 90.0}, {"semestre": 4.0, "pos_requisitos": [], "disciplina": "Ingl\u00eas Instrumental", "creditos": 4.0, "tipo": "Complementar", "pre_requisitos": [], "codigo_departamento": 21030000.0, "codigo_disciplina": 2103218, "horas": 60.0}, {"semestre": 4.0, "pos_requisitos": [], "disciplina": "Psicologia M\u00e9dica", "creditos": 4.0, "tipo": "Complementar", "pre_requisitos": [], "codigo_departamento": 21050000.0, "codigo_disciplina": 2105011, "horas": 60.0}, {"semestre": 4.0, "pos_requisitos": [], "disciplina": "Sa\u00fade da Familia e Comunitaria III", "creditos": 4.0, "tipo": "Obrigat\u00f3ria", "pre_requisitos": [], "codigo_departamento": 21050000.0, "codigo_disciplina": 2105072, "horas": 60.0}, {"semestre": 4.0, "pos_requisitos": [], "disciplina": "Alteracoes Gen e Dist do Ciclo Celular", "creditos": 6.0, "tipo": "Obrigat\u00f3ria", "pre_requisitos": [], "codigo_departamento": 21050000.0, "codigo_disciplina": 2105073, "horas": 90.0}, {"semestre": 4.0, "pos_requisitos": [], "disciplina": "Semiologia", "creditos": 16.0, "tipo": "Obrigat\u00f3ria", "pre_requisitos": [], "codigo_departamento": 21050000.0, "codigo_disciplina": 2105074, "horas": 240.0}, {"semestre": 4.0, "pos_requisitos": [], "disciplina": "Farmacologia", "creditos": 6.0, "tipo": "Obrigat\u00f3ria", "pre_requisitos": [], "codigo_departamento": 21050000.0, "codigo_disciplina": 2105075, "horas": 90.0}, {"semestre": 5.0, "pos_requisitos": [], "disciplina": "Sa\u00fade da Familia e Comunitaria IV", "creditos": 4.0, "tipo": "Obrigat\u00f3ria", "pre_requisitos": [], "codigo_departamento": 21050000.0, "codigo_disciplina": 2105080, "horas": 60.0}, {"semestre": 5.0, "pos_requisitos": [], "disciplina": "Cl\u00ednica M\u00e9dica I", "creditos": 18.0, "tipo": "Obrigat\u00f3ria", "pre_requisitos": [], "codigo_departamento": 21050000.0, "codigo_disciplina": 2105081, "horas": 270.0}, {"semestre": 5.0, "pos_requisitos": [], "disciplina": "Cirurgia Ambulatorial", "creditos": 6.0, "tipo": "Obrigat\u00f3ria", "pre_requisitos": [], "codigo_departamento": 21050000.0, "codigo_disciplina": 2105082, "horas": 90.0}, {"semestre": 5.0, "pos_requisitos": [], "disciplina": "Anestesiologia", "creditos": 4.0, "tipo": "Obrigat\u00f3ria", "pre_requisitos": [], "codigo_departamento": 21050000.0, "codigo_disciplina": 2105083, "horas": 60.0}, {"semestre": 5.0, "pos_requisitos": [], "disciplina": "Diagnostico Por Imagem", "creditos": 4.0, "tipo": "Obrigat\u00f3ria", "pre_requisitos": [], "codigo_departamento": 21050000.0, "codigo_disciplina": 2105084, "horas": 60.0}, {"semestre": 6.0, "pos_requisitos": [], "disciplina": "Cl\u00ednica Cir\u00fargica I", "creditos": 6.0, "tipo": "Obrigat\u00f3ria", "pre_requisitos": [], "codigo_departamento": 21050000.0, "codigo_disciplina": 2105088, "horas": 90.0}, {"semestre": 6.0, "pos_requisitos": [], "disciplina": "Doen\u00e7as Infecciosas e Parasit\u00e1rias", "creditos": 6.0, "tipo": "Obrigat\u00f3ria", "pre_requisitos": [], "codigo_departamento": 21050000.0, "codigo_disciplina": 2105089, "horas": 90.0}, {"semestre": 6.0, "pos_requisitos": [], "disciplina": "Sa\u00fade da Familia e Comunitaria V", "creditos": 4.0, "tipo": "Obrigat\u00f3ria", "pre_requisitos": [], "codigo_departamento": 21050000.0, "codigo_disciplina": 2105086, "horas": 60.0}, {"semestre": 6.0, "pos_requisitos": [], "disciplina": "Cl\u00ednica M\u00e9dica II", "creditos": 18.0, "tipo": "Obrigat\u00f3ria", "pre_requisitos": [], "codigo_departamento": 21050000.0, "codigo_disciplina": 2105087, "horas": 270.0}, {"semestre": 7.0, "pos_requisitos": [], "disciplina": "Sa\u00fade da Familia e Comunitaria VI", "creditos": 4.0, "tipo": "Obrigat\u00f3ria", "pre_requisitos": [], "codigo_departamento": 21050000.0, "codigo_disciplina": 2105098, "horas": 60.0}, {"semestre": 7.0, "pos_requisitos": [], "disciplina": "Cl\u00ednica M\u00e9dica III", "creditos": 18.0, "tipo": "Obrigat\u00f3ria", "pre_requisitos": [], "codigo_departamento": 21050000.0, "codigo_disciplina": 2105099, "horas": 270.0}, {"semestre": 7.0, "pos_requisitos": [], "disciplina": "Cl\u00ednica Cir\u00fargica II", "creditos": 6.0, "tipo": "Obrigat\u00f3ria", "pre_requisitos": [], "codigo_departamento": 21050000.0, "codigo_disciplina": 2105100, "horas": 90.0}, {"semestre": 7.0, "pos_requisitos": [], "disciplina": "Urgencia e Terapia Intensiva", "creditos": 6.0, "tipo": "Obrigat\u00f3ria", "pre_requisitos": [], "codigo_departamento": 21050000.0, "codigo_disciplina": 2105101, "horas": 90.0}, {"semestre": 7.0, "pos_requisitos": [], "disciplina": "Gest\u00e3o e Administra\u00e7\u00e3o", "creditos": 2.0, "tipo": "Obrigat\u00f3ria", "pre_requisitos": [], "codigo_departamento": 21050000.0, "codigo_disciplina": 2105102, "horas": 30.0}, {"semestre": 8.0, "pos_requisitos": [], "disciplina": "Sa\u00fade da Familia e Comunitaria VII", "creditos": 4.0, "tipo": "Obrigat\u00f3ria", "pre_requisitos": [], "codigo_departamento": 21050000.0, "codigo_disciplina": 2105107, "horas": 60.0}, {"semestre": 8.0, "pos_requisitos": [], "disciplina": "\u00c9tica, Bio\u00e9tica e Medicina Legal", "creditos": 4.0, "tipo": "Complementar", "pre_requisitos": [], "codigo_departamento": 21050000.0, "codigo_disciplina": 2105108, "horas": 60.0}, {"semestre": 8.0, "pos_requisitos": [], "disciplina": "Sa\u00fade da Crianca e do Adolescente", "creditos": 8.0, "tipo": "Obrigat\u00f3ria", "pre_requisitos": [], "codigo_departamento": 21050000.0, "codigo_disciplina": 2105109, "horas": 120.0}, {"semestre": 8.0, "pos_requisitos": [], "disciplina": "Sa\u00fade da Mulher", "creditos": 12.0, "tipo": "Obrigat\u00f3ria", "pre_requisitos": [], "codigo_departamento": 21050000.0, "codigo_disciplina": 2105110, "horas": 180.0}, {"semestre": 8.0, "pos_requisitos": [], "disciplina": "Cl\u00ednica M\u00e9dica e Cir\u00fargica", "creditos": 6.0, "tipo": "Obrigat\u00f3ria", "pre_requisitos": [], "codigo_departamento": 21050000.0, "codigo_disciplina": 2105111, "horas": 90.0}, {"semestre": 8.0, "pos_requisitos": [], "disciplina": "Semin\u00e1rio de Pesquisa", "creditos": 2.0, "tipo": "Complementar", "pre_requisitos": [], "codigo_departamento": 21050000.0, "codigo_disciplina": 2105112, "horas": 30.0}, {"semestre": 8.0, "pos_requisitos": [], "disciplina": "Atividades Complementares Flex\u00edveis", "creditos": 8.0, "tipo": "Complementar", "pre_requisitos": [], "codigo_departamento": 21050000.0, "codigo_disciplina": 2105151, "horas": 120.0}, {"semestre": 9.0, "pos_requisitos": [], "disciplina": "Est\u00e1gio Superv. em Cl\u00ednica M\u00e9dica II", "creditos": 27.0, "tipo": "Complementar", "pre_requisitos": [], "codigo_departamento": 21050000.0, "codigo_disciplina": 2105132, "horas": 405.0}, {"semestre": 9.0, "pos_requisitos": [], "disciplina": "Est\u00e1gio Supervisionado Cl\u00ednica Cir\u00fargica", "creditos": 27.0, "tipo": "Complementar", "pre_requisitos": [], "codigo_departamento": 21050000.0, "codigo_disciplina": 2105135, "horas": 405.0}, {"semestre": 9.0, "pos_requisitos": [], "disciplina": "Est\u00e1gio Superv Sa\u00fade Coletiva II", "creditos": 27.0, "tipo": "Complementar", "pre_requisitos": [], "codigo_departamento": 21050000.0, "codigo_disciplina": 2105130, "horas": 405.0}, {"semestre": 9.0, "pos_requisitos": [], "disciplina": "Est\u00e1gio Superv. em Cl\u00ednica M\u00e9dica I", "creditos": 27.0, "tipo": "Complementar", "pre_requisitos": [], "codigo_departamento": 21050000.0, "codigo_disciplina": 2105131, "horas": 405.0}, {"semestre": 9.0, "pos_requisitos": [], "disciplina": "Est\u00e1gio Supervisionado Pediatria I", "creditos": 27.0, "tipo": "Complementar", "pre_requisitos": [], "codigo_departamento": 21050000.0, "codigo_disciplina": 2105133, "horas": 405.0}, {"semestre": 9.0, "pos_requisitos": [], "disciplina": "Est\u00e1gio Superv Ginecologia e Obstetricia", "creditos": 27.0, "tipo": "Complementar", "pre_requisitos": [], "codigo_departamento": 21050000.0, "codigo_disciplina": 2105136, "horas": 405.0}, {"semestre": 9.0, "pos_requisitos": [], "disciplina": "Est\u00e1gio Supervisionado Pediatria II", "creditos": 27.0, "tipo": "Complementar", "pre_requisitos": [], "codigo_departamento": 21050000.0, "codigo_disciplina": 2105134, "horas": 405.0}, {"semestre": 9.0, "pos_requisitos": [], "disciplina": "Est\u00e1gio Superv Sa\u00fade Coletiva I", "creditos": 27.0, "tipo": "Complementar", "pre_requisitos": [], "codigo_departamento": 21050000.0, "codigo_disciplina": 2105129, "horas": 405.0}, {"semestre": 12.0, "pos_requisitos": [], "disciplina": "Tcc", "creditos": 3.0, "tipo": "Complementar", "pre_requisitos": [], "codigo_departamento": 21050000.0, "codigo_disciplina": 2105150, "horas": 45.0}]