[{"semestre": null, "pos_requisitos": [], "disciplina": "Fisiologia Molecular e Celular (Complem)", "creditos": null, "tipo": "Obrigat\u00f3ria", "pre_requisitos": [], "codigo_departamento": 12010000.0, "codigo_disciplina": 1201178, "horas": null}, {"semestre": 1.0, "pos_requisitos": [], "disciplina": "\u00c9tica e Relacoes Humanas", "creditos": 2.0, "tipo": "Obrigat\u00f3ria", "pre_requisitos": [], "codigo_departamento": 12020000.0, "codigo_disciplina": 1202177, "horas": 30.0}, {"semestre": 1.0, "pos_requisitos": [], "disciplina": "Bioqu\u00edmica Molecular e Metab\u00f3lica", "creditos": 8.0, "tipo": "Obrigat\u00f3ria", "pre_requisitos": [], "codigo_departamento": 12020000.0, "codigo_disciplina": 1202171, "horas": 120.0}, {"semestre": 1.0, "pos_requisitos": [], "disciplina": "Bioestatistica", "creditos": 2.0, "tipo": "Obrigat\u00f3ria", "pre_requisitos": [], "codigo_departamento": 12020000.0, "codigo_disciplina": 1202176, "horas": 30.0}, {"semestre": 1.0, "pos_requisitos": [], "disciplina": "Introdu\u00e7\u00e3o ao Curso", "creditos": 2.0, "tipo": "Obrigat\u00f3ria", "pre_requisitos": [], "codigo_departamento": 12020000.0, "codigo_disciplina": 1202170, "horas": 30.0}, {"semestre": 1.0, "pos_requisitos": [], "disciplina": "Fundamentos da Anatomia Humana", "creditos": 4.0, "tipo": "Obrigat\u00f3ria", "pre_requisitos": [], "codigo_departamento": 12020000.0, "codigo_disciplina": 1202175, "horas": 60.0}, {"semestre": 1.0, "pos_requisitos": [], "disciplina": "Biologia Celular e Tissular", "creditos": 4.0, "tipo": "Obrigat\u00f3ria", "pre_requisitos": [], "codigo_departamento": 12020000.0, "codigo_disciplina": 1202172, "horas": 60.0}, {"semestre": 1.0, "pos_requisitos": [], "disciplina": "Genese e Desenvolvimento", "creditos": 4.0, "tipo": "Obrigat\u00f3ria", "pre_requisitos": [], "codigo_departamento": 12020000.0, "codigo_disciplina": 1202173, "horas": 60.0}, {"semestre": 1.0, "pos_requisitos": [], "disciplina": "Biof\u00edsica e Fisiol. Molecular e Celular", "creditos": 8.0, "tipo": "Obrigat\u00f3ria", "pre_requisitos": [], "codigo_departamento": 12020000.0, "codigo_disciplina": 1202174, "horas": 120.0}, {"semestre": 2.0, "pos_requisitos": [], "disciplina": "Sistema Endocrino - Reprodutor", "creditos": 8.0, "tipo": "Obrigat\u00f3ria", "pre_requisitos": [], "codigo_departamento": 12020000.0, "codigo_disciplina": 1202180, "horas": 120.0}, {"semestre": 2.0, "pos_requisitos": [], "disciplina": "M\u00e9todologia Cient\u00edfica e Inform. M\u00e9dica", "creditos": 2.0, "tipo": "Obrigat\u00f3ria", "pre_requisitos": [], "codigo_departamento": 12020000.0, "codigo_disciplina": 1202182, "horas": 30.0}, {"semestre": 2.0, "pos_requisitos": [], "disciplina": "Epidemiologia", "creditos": 2.0, "tipo": "Obrigat\u00f3ria", "pre_requisitos": [], "codigo_departamento": 12020000.0, "codigo_disciplina": 1202183, "horas": 30.0}, {"semestre": 2.0, "pos_requisitos": [], "disciplina": "Sist Cardiovascular, Linf e Hematologico", "creditos": 7.0, "tipo": "Obrigat\u00f3ria", "pre_requisitos": [], "codigo_departamento": 12020000.0, "codigo_disciplina": 1202184, "horas": 105.0}, {"semestre": 2.0, "pos_requisitos": [], "disciplina": "Sistema Nervoso", "creditos": 9.0, "tipo": "Obrigat\u00f3ria", "pre_requisitos": [], "codigo_departamento": 12020000.0, "codigo_disciplina": 1202179, "horas": 135.0}, {"semestre": 2.0, "pos_requisitos": [], "disciplina": "Sistema Locomotor", "creditos": 6.0, "tipo": "Obrigat\u00f3ria", "pre_requisitos": [], "codigo_departamento": 12020000.0, "codigo_disciplina": 1202181, "horas": 90.0}, {"semestre": 3.0, "pos_requisitos": [], "disciplina": "Sistema Respiratorio", "creditos": 6.0, "tipo": "Obrigat\u00f3ria", "pre_requisitos": [], "codigo_departamento": 12020000.0, "codigo_disciplina": 1202185, "horas": 90.0}, {"semestre": 3.0, "pos_requisitos": [], "disciplina": "Sistema Digestorio", "creditos": 5.0, "tipo": "Obrigat\u00f3ria", "pre_requisitos": [], "codigo_departamento": 12020000.0, "codigo_disciplina": 1202186, "horas": 75.0}, {"semestre": 3.0, "pos_requisitos": [], "disciplina": "Sistema Urinario", "creditos": 6.0, "tipo": "Obrigat\u00f3ria", "pre_requisitos": [], "codigo_departamento": 12020000.0, "codigo_disciplina": 1202187, "horas": 90.0}, {"semestre": 3.0, "pos_requisitos": [], "disciplina": "Sa\u00fade Coletiva I", "creditos": 4.0, "tipo": "Obrigat\u00f3ria", "pre_requisitos": [], "codigo_departamento": 12020000.0, "codigo_disciplina": 1202188, "horas": 60.0}, {"semestre": 3.0, "pos_requisitos": [], "disciplina": "Mecanismos de Agressao e Defesa", "creditos": 9.0, "tipo": "Obrigat\u00f3ria", "pre_requisitos": [], "codigo_departamento": 12020000.0, "codigo_disciplina": 1202023, "horas": 135.0}, {"semestre": 3.0, "pos_requisitos": [], "disciplina": "Farmacologia", "creditos": 2.0, "tipo": "Obrigat\u00f3ria", "pre_requisitos": [], "codigo_departamento": 12020000.0, "codigo_disciplina": 1202024, "horas": 30.0}, {"semestre": 4.0, "pos_requisitos": [], "disciplina": "Sa\u00fade Coletiva II", "creditos": 4.0, "tipo": "Obrigat\u00f3ria", "pre_requisitos": [], "codigo_departamento": 12020000.0, "codigo_disciplina": 1202189, "horas": 60.0}, {"semestre": 4.0, "pos_requisitos": [], "disciplina": "Psicologia M\u00e9dica", "creditos": 4.0, "tipo": "Obrigat\u00f3ria", "pre_requisitos": [], "codigo_departamento": 12020000.0, "codigo_disciplina": 1202190, "horas": 60.0}, {"semestre": 4.0, "pos_requisitos": [], "disciplina": "Iniciacao ao Exame Clinico", "creditos": 14.0, "tipo": "Obrigat\u00f3ria", "pre_requisitos": [], "codigo_departamento": 12020000.0, "codigo_disciplina": 1202010, "horas": 210.0}, {"semestre": 4.0, "pos_requisitos": [], "disciplina": "Gen\u00e9tica M\u00e9dica", "creditos": 3.0, "tipo": "Obrigat\u00f3ria", "pre_requisitos": [], "codigo_departamento": 12020000.0, "codigo_disciplina": 1202030, "horas": 45.0}, {"semestre": 4.0, "pos_requisitos": [], "disciplina": "Processos Patologicos Gerais", "creditos": 7.0, "tipo": "Obrigat\u00f3ria", "pre_requisitos": [], "codigo_departamento": 12020000.0, "codigo_disciplina": 1202031, "horas": 105.0}, {"semestre": 5.0, "pos_requisitos": [], "disciplina": "Sa\u00fade Coletiva III", "creditos": 4.0, "tipo": "Obrigat\u00f3ria", "pre_requisitos": [], "codigo_departamento": 12020000.0, "codigo_disciplina": 1202205, "horas": 60.0}, {"semestre": 5.0, "pos_requisitos": [], "disciplina": "Cardiologia", "creditos": 6.0, "tipo": "Obrigat\u00f3ria", "pre_requisitos": [], "codigo_departamento": 12020000.0, "codigo_disciplina": 1202011, "horas": 90.0}, {"semestre": 5.0, "pos_requisitos": [], "disciplina": "Pneumologia", "creditos": 6.0, "tipo": "Obrigat\u00f3ria", "pre_requisitos": [], "codigo_departamento": 12020000.0, "codigo_disciplina": 1202012, "horas": 90.0}, {"semestre": 5.0, "pos_requisitos": [], "disciplina": "Gastroenterologia", "creditos": 6.0, "tipo": "Obrigat\u00f3ria", "pre_requisitos": [], "codigo_departamento": 12020000.0, "codigo_disciplina": 1202013, "horas": 90.0}, {"semestre": 5.0, "pos_requisitos": [], "disciplina": "Hematologia", "creditos": 6.0, "tipo": "Obrigat\u00f3ria", "pre_requisitos": [], "codigo_departamento": 12020000.0, "codigo_disciplina": 1202014, "horas": 90.0}, {"semestre": 5.0, "pos_requisitos": [], "disciplina": "Dermatologia", "creditos": 4.0, "tipo": "Obrigat\u00f3ria", "pre_requisitos": [], "codigo_departamento": 12020000.0, "codigo_disciplina": 1202015, "horas": 60.0}, {"semestre": 6.0, "pos_requisitos": [], "disciplina": "Imunologia Cl\u00ednica", "creditos": 2.0, "tipo": "Obrigat\u00f3ria", "pre_requisitos": [], "codigo_departamento": 12020000.0, "codigo_disciplina": 1202021, "horas": 30.0}, {"semestre": 6.0, "pos_requisitos": [], "disciplina": "Neurologia", "creditos": 6.0, "tipo": "Obrigat\u00f3ria", "pre_requisitos": [], "codigo_departamento": 12020000.0, "codigo_disciplina": 1202016, "horas": 90.0}, {"semestre": 6.0, "pos_requisitos": [], "disciplina": "Reumatologia", "creditos": 6.0, "tipo": "Obrigat\u00f3ria", "pre_requisitos": [], "codigo_departamento": 12020000.0, "codigo_disciplina": 1202017, "horas": 90.0}, {"semestre": 6.0, "pos_requisitos": [], "disciplina": "Endocrinologia e Metabologia", "creditos": 6.0, "tipo": "Obrigat\u00f3ria", "pre_requisitos": [], "codigo_departamento": 12020000.0, "codigo_disciplina": 1202018, "horas": 90.0}, {"semestre": 6.0, "pos_requisitos": [], "disciplina": "Doen\u00e7as Infecciosas e Parasit\u00e1rias", "creditos": 6.0, "tipo": "Obrigat\u00f3ria", "pre_requisitos": [], "codigo_departamento": 12020000.0, "codigo_disciplina": 1202019, "horas": 90.0}, {"semestre": 6.0, "pos_requisitos": [], "disciplina": "Nefrologia", "creditos": 4.0, "tipo": "Obrigat\u00f3ria", "pre_requisitos": [], "codigo_departamento": 12020000.0, "codigo_disciplina": 1202020, "horas": 60.0}, {"semestre": 6.0, "pos_requisitos": [], "disciplina": "Deontologia", "creditos": 2.0, "tipo": "Obrigat\u00f3ria", "pre_requisitos": [], "codigo_departamento": 12020000.0, "codigo_disciplina": 1202022, "horas": 30.0}, {"semestre": 7.0, "pos_requisitos": [], "disciplina": "Ginecologia", "creditos": 6.0, "tipo": "Obrigat\u00f3ria", "pre_requisitos": [], "codigo_departamento": 12020000.0, "codigo_disciplina": 1202025, "horas": 90.0}, {"semestre": 7.0, "pos_requisitos": [], "disciplina": "Obstetricia", "creditos": 6.0, "tipo": "Obrigat\u00f3ria", "pre_requisitos": [], "codigo_departamento": 12020000.0, "codigo_disciplina": 1202026, "horas": 90.0}, {"semestre": 7.0, "pos_requisitos": [], "disciplina": "Aten\u00e7\u00e3o \u00e0 Sa\u00fade da Crian\u00e7a e do Adolesc.", "creditos": 8.0, "tipo": "Obrigat\u00f3ria", "pre_requisitos": [], "codigo_departamento": 12020000.0, "codigo_disciplina": 1202027, "horas": 120.0}, {"semestre": 7.0, "pos_requisitos": [], "disciplina": "Aten\u00e7\u00e3o ao Paciente Cir\u00fargico I", "creditos": 8.0, "tipo": "Obrigat\u00f3ria", "pre_requisitos": [], "codigo_departamento": 12020000.0, "codigo_disciplina": 1202028, "horas": 120.0}, {"semestre": 7.0, "pos_requisitos": [], "disciplina": "Sa\u00fade Coletiva IV", "creditos": 4.0, "tipo": "Obrigat\u00f3ria", "pre_requisitos": [], "codigo_departamento": 12020000.0, "codigo_disciplina": 1202029, "horas": 60.0}, {"semestre": 8.0, "pos_requisitos": [], "disciplina": "Atividades Complementares Flex\u00edveis", "creditos": 8.0, "tipo": "Complementar", "pre_requisitos": [], "codigo_departamento": 12010000.0, "codigo_disciplina": 1201253, "horas": 120.0}, {"semestre": 8.0, "pos_requisitos": [], "disciplina": "Oftalmologia", "creditos": 3.0, "tipo": "Obrigat\u00f3ria", "pre_requisitos": [], "codigo_departamento": 12020000.0, "codigo_disciplina": 1202033, "horas": 45.0}, {"semestre": 8.0, "pos_requisitos": [], "disciplina": "Otorrinolaringologia", "creditos": 3.0, "tipo": "Obrigat\u00f3ria", "pre_requisitos": [], "codigo_departamento": 12020000.0, "codigo_disciplina": 1202034, "horas": 45.0}, {"semestre": 8.0, "pos_requisitos": [], "disciplina": "Ortopedia e Traumatologia", "creditos": 3.0, "tipo": "Obrigat\u00f3ria", "pre_requisitos": [], "codigo_departamento": 12020000.0, "codigo_disciplina": 1202035, "horas": 45.0}, {"semestre": 8.0, "pos_requisitos": [], "disciplina": "Urologia", "creditos": 3.0, "tipo": "Obrigat\u00f3ria", "pre_requisitos": [], "codigo_departamento": 12020000.0, "codigo_disciplina": 1202036, "horas": 45.0}, {"semestre": 8.0, "pos_requisitos": [], "disciplina": "Aten\u00e7\u00e3o ao Paciente Oncol\u00f3gico", "creditos": 6.0, "tipo": "Obrigat\u00f3ria", "pre_requisitos": [], "codigo_departamento": 12020000.0, "codigo_disciplina": 1202037, "horas": 90.0}, {"semestre": 8.0, "pos_requisitos": [], "disciplina": "Aten\u00e7\u00e3o \u00e0 Sa\u00fade Mental", "creditos": 6.0, "tipo": "Obrigat\u00f3ria", "pre_requisitos": [], "codigo_departamento": 12020000.0, "codigo_disciplina": 1202038, "horas": 90.0}, {"semestre": 8.0, "pos_requisitos": [], "disciplina": "Urgencias e Emergencias", "creditos": 4.0, "tipo": "Obrigat\u00f3ria", "pre_requisitos": [], "codigo_departamento": 12020000.0, "codigo_disciplina": 1202039, "horas": 60.0}, {"semestre": 8.0, "pos_requisitos": [], "disciplina": "Imagem", "creditos": 2.0, "tipo": "Obrigat\u00f3ria", "pre_requisitos": [], "codigo_departamento": 12020000.0, "codigo_disciplina": 1202040, "horas": 30.0}, {"semestre": 8.0, "pos_requisitos": [], "disciplina": "Medicina Legal", "creditos": 2.0, "tipo": "Obrigat\u00f3ria", "pre_requisitos": [], "codigo_departamento": 12020000.0, "codigo_disciplina": 1202041, "horas": 30.0}, {"semestre": 9.0, "pos_requisitos": [], "disciplina": "Est\u00e1gio Curricular em Cirurgia", "creditos": 26.0, "tipo": "Complementar", "pre_requisitos": [], "codigo_departamento": 12020000.0, "codigo_disciplina": 1202048, "horas": 390.0}, {"semestre": 9.0, "pos_requisitos": [], "disciplina": "Est\u00e1gio Curricular em Sa\u00fade Coletiva", "creditos": 27.0, "tipo": "Complementar", "pre_requisitos": [], "codigo_departamento": 12020000.0, "codigo_disciplina": 1202047, "horas": 405.0}, {"semestre": 10.0, "pos_requisitos": [], "disciplina": "Est\u00e1gio Curricular em Pediatria", "creditos": 53.0, "tipo": "Complementar", "pre_requisitos": [], "codigo_departamento": 12020000.0, "codigo_disciplina": 1202050, "horas": 795.0}, {"semestre": 11.0, "pos_requisitos": [], "disciplina": "Est\u00e1gio Curricular em Cl\u00ednica M\u00e9dica", "creditos": 53.0, "tipo": "Complementar", "pre_requisitos": [], "codigo_departamento": 12020000.0, "codigo_disciplina": 1202051, "horas": 795.0}, {"semestre": 12.0, "pos_requisitos": [], "disciplina": "Trabalho de Conclus\u00e3o de Curso", "creditos": 8.0, "tipo": "Complementar", "pre_requisitos": [], "codigo_departamento": 12020000.0, "codigo_disciplina": 1202053, "horas": 120.0}, {"semestre": 12.0, "pos_requisitos": [], "disciplina": "Est Curric em Ginecologia e Obstetricia", "creditos": 42.0, "tipo": "Complementar", "pre_requisitos": [], "codigo_departamento": 12020000.0, "codigo_disciplina": 1202052, "horas": 630.0}]