[{"semestre": null, "pos_requisitos": [], "disciplina": "Enade/Concluinte", "creditos": null, "tipo": "Complementar", "pre_requisitos": [], "codigo_departamento": 13050000.0, "codigo_disciplina": 1305253, "horas": null}, {"semestre": null, "pos_requisitos": [], "disciplina": "Enade/Ingressante", "creditos": null, "tipo": "Complementar", "pre_requisitos": [], "codigo_departamento": 13050000.0, "codigo_disciplina": 1305254, "horas": null}, {"semestre": null, "pos_requisitos": [], "disciplina": "Componentes Flexiveis", "creditos": null, "tipo": "Complementar", "pre_requisitos": [], "codigo_departamento": 41010000.0, "codigo_disciplina": 4101223, "horas": null}, {"semestre": 1.0, "pos_requisitos": [], "disciplina": "Histologia Geral e Embriologia", "creditos": 4.0, "tipo": "Obrigat\u00f3ria", "pre_requisitos": [], "codigo_departamento": 41010000.0, "codigo_disciplina": 4101169, "horas": 60.0}, {"semestre": 1.0, "pos_requisitos": [], "disciplina": "Qu\u00edmica Biol\u00f3gica", "creditos": 3.0, "tipo": "Obrigat\u00f3ria", "pre_requisitos": [], "codigo_departamento": 41010000.0, "codigo_disciplina": 4101114, "horas": 45.0}, {"semestre": 1.0, "pos_requisitos": [], "disciplina": "Introdu\u00e7\u00e3o \u00e0 Biologia Molecular e Celular", "creditos": 3.0, "tipo": "Obrigat\u00f3ria", "pre_requisitos": [], "codigo_departamento": 41010000.0, "codigo_disciplina": 4101115, "horas": 45.0}, {"semestre": 1.0, "pos_requisitos": [], "disciplina": "Anat Topogr\u00e1fica dos Anim Dom\u00e9sticos I", "creditos": 6.0, "tipo": "Obrigat\u00f3ria", "pre_requisitos": [], "codigo_departamento": 41010000.0, "codigo_disciplina": 4101116, "horas": 90.0}, {"semestre": 1.0, "pos_requisitos": [], "disciplina": "Bioqu\u00edmica Aplic. \u00e0 Medicina Veterin\u00e1ria", "creditos": 4.0, "tipo": "Obrigat\u00f3ria", "pre_requisitos": [], "codigo_departamento": 41010000.0, "codigo_disciplina": 4101117, "horas": 60.0}, {"semestre": 1.0, "pos_requisitos": [], "disciplina": "Ecologia", "creditos": 3.0, "tipo": "Obrigat\u00f3ria", "pre_requisitos": [], "codigo_departamento": 41010000.0, "codigo_disciplina": 4101118, "horas": 45.0}, {"semestre": 2.0, "pos_requisitos": [], "disciplina": "Bioestatistica", "creditos": 3.0, "tipo": "Obrigat\u00f3ria", "pre_requisitos": [], "codigo_departamento": 41010000.0, "codigo_disciplina": 4101120, "horas": 45.0}, {"semestre": 2.0, "pos_requisitos": [], "disciplina": "Anat Topogr\u00e1fica dos Anim Dom\u00e9sticos II", "creditos": 4.0, "tipo": "Obrigat\u00f3ria", "pre_requisitos": [], "codigo_departamento": 41010000.0, "codigo_disciplina": 4101121, "horas": 60.0}, {"semestre": 2.0, "pos_requisitos": [], "disciplina": "Est\u00e1gio Supervisionado I", "creditos": 4.0, "tipo": "Obrigat\u00f3ria", "pre_requisitos": [], "codigo_departamento": 41010000.0, "codigo_disciplina": 4101122, "horas": 60.0}, {"semestre": 2.0, "pos_requisitos": [], "disciplina": "Sociologia Rural", "creditos": 3.0, "tipo": "Obrigat\u00f3ria", "pre_requisitos": [], "codigo_departamento": 41010000.0, "codigo_disciplina": 4101164, "horas": 45.0}, {"semestre": 2.0, "pos_requisitos": [], "disciplina": "Inform\u00e1tica", "creditos": 3.0, "tipo": "Obrigat\u00f3ria", "pre_requisitos": [], "codigo_departamento": 41010000.0, "codigo_disciplina": 4101166, "horas": 45.0}, {"semestre": 2.0, "pos_requisitos": [], "disciplina": "Histologia Veterinaria", "creditos": 4.0, "tipo": "Obrigat\u00f3ria", "pre_requisitos": [], "codigo_departamento": 41010000.0, "codigo_disciplina": 4101170, "horas": 60.0}, {"semestre": 2.0, "pos_requisitos": [], "disciplina": "M\u00e9todologia Cient\u00edfica", "creditos": 3.0, "tipo": "Complementar", "pre_requisitos": [], "codigo_departamento": 41010000.0, "codigo_disciplina": 4101119, "horas": 45.0}, {"semestre": 3.0, "pos_requisitos": [], "disciplina": "Farmacologia", "creditos": 4.0, "tipo": "Obrigat\u00f3ria", "pre_requisitos": [], "codigo_departamento": 41010000.0, "codigo_disciplina": 4101123, "horas": 60.0}, {"semestre": 3.0, "pos_requisitos": [], "disciplina": "Bioclimatologia", "creditos": 4.0, "tipo": "Obrigat\u00f3ria", "pre_requisitos": [], "codigo_departamento": 41010000.0, "codigo_disciplina": 4101124, "horas": 60.0}, {"semestre": 3.0, "pos_requisitos": [], "disciplina": "Est\u00e1gio Supervisionado II", "creditos": 4.0, "tipo": "Obrigat\u00f3ria", "pre_requisitos": [], "codigo_departamento": 41010000.0, "codigo_disciplina": 4101150, "horas": 60.0}, {"semestre": 3.0, "pos_requisitos": [], "disciplina": "Fisiologia Veterinaria", "creditos": 10.0, "tipo": "Obrigat\u00f3ria", "pre_requisitos": [], "codigo_departamento": 41010000.0, "codigo_disciplina": 4101161, "horas": 150.0}, {"semestre": 3.0, "pos_requisitos": [], "disciplina": "Deontologia", "creditos": 2.0, "tipo": "Obrigat\u00f3ria", "pre_requisitos": [], "codigo_departamento": 41010000.0, "codigo_disciplina": 4101165, "horas": 30.0}, {"semestre": 4.0, "pos_requisitos": [], "disciplina": "Parasitologia Veterinaria", "creditos": 7.0, "tipo": "Obrigat\u00f3ria", "pre_requisitos": [], "codigo_departamento": 41010000.0, "codigo_disciplina": 4101125, "horas": 105.0}, {"semestre": 4.0, "pos_requisitos": [], "disciplina": "Oficina Interdisciplinar I", "creditos": 2.0, "tipo": "Complementar", "pre_requisitos": [], "codigo_departamento": 41010000.0, "codigo_disciplina": 4101126, "horas": 30.0}, {"semestre": 4.0, "pos_requisitos": [], "disciplina": "Patologia Animal", "creditos": 5.0, "tipo": "Obrigat\u00f3ria", "pre_requisitos": [], "codigo_departamento": 41010000.0, "codigo_disciplina": 4101138, "horas": 75.0}, {"semestre": 4.0, "pos_requisitos": [], "disciplina": "Microbiologia Veterinaria", "creditos": 7.0, "tipo": "Obrigat\u00f3ria", "pre_requisitos": [], "codigo_departamento": 41010000.0, "codigo_disciplina": 4101151, "horas": 105.0}, {"semestre": 4.0, "pos_requisitos": [], "disciplina": "Imunologia Veterinaria", "creditos": 3.0, "tipo": "Obrigat\u00f3ria", "pre_requisitos": [], "codigo_departamento": 41010000.0, "codigo_disciplina": 4101167, "horas": 45.0}, {"semestre": 4.0, "pos_requisitos": [], "disciplina": "Nutri\u00e7\u00e3o Animal", "creditos": 4.0, "tipo": "Obrigat\u00f3ria", "pre_requisitos": [], "codigo_departamento": 41010000.0, "codigo_disciplina": 4101168, "horas": 60.0}, {"semestre": 4.0, "pos_requisitos": [], "disciplina": "Extens\u00e3o Rural", "creditos": 3.0, "tipo": "Obrigat\u00f3ria", "pre_requisitos": [], "codigo_departamento": 41010000.0, "codigo_disciplina": 4101172, "horas": 45.0}, {"semestre": 5.0, "pos_requisitos": [], "disciplina": "Meios e M\u00e9todos de Diagn\u00f3sticos", "creditos": 10.0, "tipo": "Obrigat\u00f3ria", "pre_requisitos": [], "codigo_departamento": 41010000.0, "codigo_disciplina": 4101127, "horas": 150.0}, {"semestre": 5.0, "pos_requisitos": [], "disciplina": "Anestesiologia e Tec Cir\u00fargica Veterin.", "creditos": 7.0, "tipo": "Obrigat\u00f3ria", "pre_requisitos": [], "codigo_departamento": 41010000.0, "codigo_disciplina": 4101128, "horas": 105.0}, {"semestre": 5.0, "pos_requisitos": [], "disciplina": "Anatomia Topogr\u00e1fica Aplicada", "creditos": 2.0, "tipo": "Obrigat\u00f3ria", "pre_requisitos": [], "codigo_departamento": 41010000.0, "codigo_disciplina": 4101163, "horas": 30.0}, {"semestre": 6.0, "pos_requisitos": [], "disciplina": "Pat. e Cl\u00edn. M\u00e9dica de Caninos e Felinos", "creditos": 8.0, "tipo": "Obrigat\u00f3ria", "pre_requisitos": [], "codigo_departamento": 41010000.0, "codigo_disciplina": 4101129, "horas": 120.0}, {"semestre": 6.0, "pos_requisitos": [], "disciplina": "Pat. e Cl\u00edn. M\u00e9dica de Equ\u00eddeos e Su\u00ednos", "creditos": 8.0, "tipo": "Obrigat\u00f3ria", "pre_requisitos": [], "codigo_departamento": 41010000.0, "codigo_disciplina": 4101130, "horas": 120.0}, {"semestre": 6.0, "pos_requisitos": [], "disciplina": "Reprod. e Obst. de Caninos e Felinos", "creditos": 2.0, "tipo": "Obrigat\u00f3ria", "pre_requisitos": [], "codigo_departamento": 41010000.0, "codigo_disciplina": 4101131, "horas": 30.0}, {"semestre": 6.0, "pos_requisitos": [], "disciplina": "Reprod. e Obst. de Equideos e Suinos", "creditos": 3.0, "tipo": "Obrigat\u00f3ria", "pre_requisitos": [], "codigo_departamento": 41010000.0, "codigo_disciplina": 4101132, "horas": 45.0}, {"semestre": 6.0, "pos_requisitos": [], "disciplina": "Epidemiologia", "creditos": 3.0, "tipo": "Obrigat\u00f3ria", "pre_requisitos": [], "codigo_departamento": 41010000.0, "codigo_disciplina": 4101173, "horas": 45.0}, {"semestre": 7.0, "pos_requisitos": [], "disciplina": "Patologia e Cl\u00ednica M\u00e9dica de Ruminantes", "creditos": 11.0, "tipo": "Obrigat\u00f3ria", "pre_requisitos": [], "codigo_departamento": 41010000.0, "codigo_disciplina": 4101133, "horas": 165.0}, {"semestre": 7.0, "pos_requisitos": [], "disciplina": "Reprodu\u00e7\u00e3o e Obstetricia de Ruminantes", "creditos": 5.0, "tipo": "Obrigat\u00f3ria", "pre_requisitos": [], "codigo_departamento": 41010000.0, "codigo_disciplina": 4101134, "horas": 75.0}, {"semestre": 7.0, "pos_requisitos": [], "disciplina": "Biot\u00e9cnica da Reprodu\u00e7\u00e3o", "creditos": 3.0, "tipo": "Obrigat\u00f3ria", "pre_requisitos": [], "codigo_departamento": 41010000.0, "codigo_disciplina": 4101135, "horas": 45.0}, {"semestre": 7.0, "pos_requisitos": [], "disciplina": "Patologia Cir\u00fargica Veterin\u00e1ria", "creditos": 3.0, "tipo": "Obrigat\u00f3ria", "pre_requisitos": [], "codigo_departamento": 41010000.0, "codigo_disciplina": 4101136, "horas": 45.0}, {"semestre": 7.0, "pos_requisitos": [], "disciplina": "Pesquisa Aplicada", "creditos": 2.0, "tipo": "Complementar", "pre_requisitos": [], "codigo_departamento": 41010000.0, "codigo_disciplina": 4101137, "horas": 30.0}, {"semestre": 8.0, "pos_requisitos": [], "disciplina": "Economia e Administra\u00e7\u00e3o Rural", "creditos": 5.0, "tipo": "Obrigat\u00f3ria", "pre_requisitos": [], "codigo_departamento": 41010000.0, "codigo_disciplina": 4101149, "horas": 75.0}, {"semestre": 8.0, "pos_requisitos": [], "disciplina": "Produ\u00e7\u00e3o de Ruminantes", "creditos": 6.0, "tipo": "Obrigat\u00f3ria", "pre_requisitos": [], "codigo_departamento": 41010000.0, "codigo_disciplina": 4101152, "horas": 90.0}, {"semestre": 8.0, "pos_requisitos": [], "disciplina": "Produ\u00e7\u00e3o de Aves e Suinos", "creditos": 4.0, "tipo": "Obrigat\u00f3ria", "pre_requisitos": [], "codigo_departamento": 41010000.0, "codigo_disciplina": 4101153, "horas": 60.0}, {"semestre": 8.0, "pos_requisitos": [], "disciplina": "Melhoramento Animal", "creditos": 5.0, "tipo": "Obrigat\u00f3ria", "pre_requisitos": [], "codigo_departamento": 41010000.0, "codigo_disciplina": 4101162, "horas": 75.0}, {"semestre": 8.0, "pos_requisitos": [], "disciplina": "Forragicultura", "creditos": 4.0, "tipo": "Obrigat\u00f3ria", "pre_requisitos": [], "codigo_departamento": 41010000.0, "codigo_disciplina": 4101171, "horas": 60.0}, {"semestre": 9.0, "pos_requisitos": [], "disciplina": "Epidemiol. das Doencas Infect. Contagiosas", "creditos": 4.0, "tipo": "Obrigat\u00f3ria", "pre_requisitos": [], "codigo_departamento": 41010000.0, "codigo_disciplina": 4101174, "horas": 60.0}, {"semestre": 9.0, "pos_requisitos": [], "disciplina": "Epidemiologia das Doencas Parasitarias", "creditos": 4.0, "tipo": "Obrigat\u00f3ria", "pre_requisitos": [], "codigo_departamento": 41010000.0, "codigo_disciplina": 4101175, "horas": 60.0}, {"semestre": 9.0, "pos_requisitos": [], "disciplina": "Zoonoses e Sa\u00fade Publica", "creditos": 4.0, "tipo": "Obrigat\u00f3ria", "pre_requisitos": [], "codigo_departamento": 41010000.0, "codigo_disciplina": 4101176, "horas": 60.0}, {"semestre": 9.0, "pos_requisitos": [], "disciplina": "Tec e Insp Prod Orig Anim (Leite e Deriv)", "creditos": 7.0, "tipo": "Obrigat\u00f3ria", "pre_requisitos": [], "codigo_departamento": 41010000.0, "codigo_disciplina": 4101177, "horas": 105.0}, {"semestre": 9.0, "pos_requisitos": [], "disciplina": "Tec e Insp Prod Orig Anim (Carne e Deriv)", "creditos": 6.0, "tipo": "Obrigat\u00f3ria", "pre_requisitos": [], "codigo_departamento": 41010000.0, "codigo_disciplina": 4101178, "horas": 90.0}, {"semestre": 10.0, "pos_requisitos": [], "disciplina": "Est\u00e1gio Supervisionado III", "creditos": 16.0, "tipo": "Obrigat\u00f3ria", "pre_requisitos": [], "codigo_departamento": 41010000.0, "codigo_disciplina": 4101179, "horas": 240.0}, {"semestre": 10.0, "pos_requisitos": [], "disciplina": "Trabalho de Conclus\u00e3o de Curso", "creditos": null, "tipo": "Complementar", "pre_requisitos": [], "codigo_departamento": 41010000.0, "codigo_disciplina": 4101180, "horas": null}, {"semestre": 10.0, "pos_requisitos": [], "disciplina": "Oficina Interdisciplinar II", "creditos": 3.0, "tipo": "Complementar", "pre_requisitos": [], "codigo_departamento": 41010000.0, "codigo_disciplina": 4101181, "horas": 45.0}]