[{"semestre": 1.0, "pos_requisitos": [], "disciplina": "Lingua Portuguesa", "creditos": 4.0, "tipo": "Obrigat\u00f3ria", "pre_requisitos": [], "codigo_departamento": 13070000.0, "codigo_disciplina": 1307045, "horas": 75.0}, {"semestre": 1.0, "pos_requisitos": [], "disciplina": "Expressao Grafica", "creditos": 4.0, "tipo": "Obrigat\u00f3ria", "pre_requisitos": [], "codigo_departamento": 11130000.0, "codigo_disciplina": 1113003, "horas": 90.0}, {"semestre": 1.0, "pos_requisitos": [1109053, 1108030, 1501036], "disciplina": "Calculo Diferencial e Integral I", "creditos": 4.0, "tipo": "Obrigat\u00f3ria", "pre_requisitos": [], "codigo_departamento": 11090000.0, "codigo_disciplina": 1109050, "horas": 60.0}, {"semestre": 1.0, "pos_requisitos": [1109049, 1108030, 1501035, 1109051, 1501036], "disciplina": "\u00c1lgebra Vetorial e Geometria Anal\u00edtica", "creditos": 4.0, "tipo": "Obrigat\u00f3ria", "pre_requisitos": [], "codigo_departamento": 11090000.0, "codigo_disciplina": 1109035, "horas": 60.0}, {"semestre": 1.0, "pos_requisitos": [], "disciplina": "Introdu\u00e7\u00e3o a Meteorologia", "creditos": 2.0, "tipo": "Obrigat\u00f3ria", "pre_requisitos": [], "codigo_departamento": 15010000.0, "codigo_disciplina": 1501047, "horas": 30.0}, {"semestre": 2.0, "pos_requisitos": [], "disciplina": "Ingl\u00eas", "creditos": 5.0, "tipo": "Obrigat\u00f3ria", "pre_requisitos": [], "codigo_departamento": 13070000.0, "codigo_disciplina": 1307011, "horas": 75.0}, {"semestre": 2.0, "pos_requisitos": [1411075], "disciplina": "Introdu\u00e7\u00e3o \u00e0 Ci\u00eancia da Computa\u00e7\u00e3o", "creditos": 4.0, "tipo": "Obrigat\u00f3ria", "pre_requisitos": [], "codigo_departamento": 14110000.0, "codigo_disciplina": 1411001, "horas": 60.0}, {"semestre": 2.0, "pos_requisitos": [1109010, 1411075], "disciplina": "\u00c1lgebra Linear I", "creditos": null, "tipo": "Obrigat\u00f3ria", "pre_requisitos": [1109035], "codigo_departamento": 11090000.0, "codigo_disciplina": 1109049, "horas": null}, {"semestre": 2.0, "pos_requisitos": [1109010, 1109051, 1114052], "disciplina": "Calculo Diferencial e Integral II", "creditos": 4.0, "tipo": "Obrigat\u00f3ria", "pre_requisitos": [1109050], "codigo_departamento": 11090000.0, "codigo_disciplina": 1109053, "horas": 60.0}, {"semestre": 2.0, "pos_requisitos": [1108023, 1501037], "disciplina": "F\u00edsica Geral I", "creditos": 4.0, "tipo": "Obrigat\u00f3ria", "pre_requisitos": [1109050, 1109035], "codigo_departamento": 11080000.0, "codigo_disciplina": 1108030, "horas": 60.0}, {"semestre": 2.0, "pos_requisitos": [], "disciplina": "Elem. de Astronomia e Cartografia", "creditos": 4.0, "tipo": "Obrigat\u00f3ria", "pre_requisitos": [1109035], "codigo_departamento": 15010000.0, "codigo_disciplina": 1501035, "horas": 60.0}, {"semestre": 3.0, "pos_requisitos": [1109079, 1501066], "disciplina": "Equacoes Diferenciais Lineares", "creditos": 4.0, "tipo": "Obrigat\u00f3ria", "pre_requisitos": [1109049, 1109053], "codigo_departamento": 11090000.0, "codigo_disciplina": 1109010, "horas": 60.0}, {"semestre": 3.0, "pos_requisitos": [1501066], "disciplina": "C\u00e1lculo Numerico", "creditos": 4.0, "tipo": "Obrigat\u00f3ria", "pre_requisitos": [1411001, 1109049], "codigo_departamento": 14110000.0, "codigo_disciplina": 1411075, "horas": 60.0}, {"semestre": 3.0, "pos_requisitos": [], "disciplina": "F\u00edsica Experimental I", "creditos": 4.0, "tipo": "Obrigat\u00f3ria", "pre_requisitos": [1108030], "codigo_departamento": 11080000.0, "codigo_disciplina": 1108023, "horas": 60.0}, {"semestre": 3.0, "pos_requisitos": [1501037, 1501066], "disciplina": "Calculo Diferencial e Integral III", "creditos": 4.0, "tipo": "Obrigat\u00f3ria", "pre_requisitos": [1109053, 1109035], "codigo_departamento": 11090000.0, "codigo_disciplina": 1109051, "horas": 90.0}, {"semestre": 3.0, "pos_requisitos": [1501002, 1501045, 1501052, 1501041, 1501040], "disciplina": "Meteorologia Basica", "creditos": 4.0, "tipo": "Obrigat\u00f3ria", "pre_requisitos": [1109035, 1109050], "codigo_departamento": 15010000.0, "codigo_disciplina": 1501036, "horas": 60.0}, {"semestre": 4.0, "pos_requisitos": [1501052, 1501043], "disciplina": "Probabilidade e Estatistica", "creditos": 4.0, "tipo": "Obrigat\u00f3ria", "pre_requisitos": [1109053], "codigo_departamento": 11140000.0, "codigo_disciplina": 1114052, "horas": 90.0}, {"semestre": 4.0, "pos_requisitos": [], "disciplina": "Termodinamica", "creditos": 4.0, "tipo": "Obrigat\u00f3ria", "pre_requisitos": [1501036], "codigo_departamento": 15010000.0, "codigo_disciplina": 1501002, "horas": 60.0}, {"semestre": 4.0, "pos_requisitos": [1501041, 1501038, 1501059, 1501043], "disciplina": "Mec\u00e2nica de Fluidos", "creditos": 4.0, "tipo": "Obrigat\u00f3ria", "pre_requisitos": [1109051, 1108030], "codigo_departamento": 15010000.0, "codigo_disciplina": 1501037, "horas": 60.0}, {"semestre": 4.0, "pos_requisitos": [1501044], "disciplina": "Instr Meteor e Tecn Obs Superf", "creditos": 4.0, "tipo": "Obrigat\u00f3ria", "pre_requisitos": [1501036], "codigo_departamento": 15010000.0, "codigo_disciplina": 1501045, "horas": 75.0}, {"semestre": 5.0, "pos_requisitos": [1501067, 1501059], "disciplina": "Meteorologia Dinamica I", "creditos": 4.0, "tipo": "Obrigat\u00f3ria", "pre_requisitos": [1501036, 1501037], "codigo_departamento": 15010000.0, "codigo_disciplina": 1501041, "horas": 60.0}, {"semestre": 5.0, "pos_requisitos": [], "disciplina": "Matem\u00e1tica Aplicada", "creditos": 4.0, "tipo": "Obrigat\u00f3ria", "pre_requisitos": [1109010], "codigo_departamento": 11090000.0, "codigo_disciplina": 1109079, "horas": 60.0}, {"semestre": 5.0, "pos_requisitos": [1501049, 1501058], "disciplina": "Proc. de Transf. na Atmosfera", "creditos": 4.0, "tipo": "Obrigat\u00f3ria", "pre_requisitos": [1501037], "codigo_departamento": 15010000.0, "codigo_disciplina": 1501038, "horas": 60.0}, {"semestre": 5.0, "pos_requisitos": [], "disciplina": "Instr Meteor e Tecn Obs Altitu", "creditos": 4.0, "tipo": "Obrigat\u00f3ria", "pre_requisitos": [1501045], "codigo_departamento": 15010000.0, "codigo_disciplina": 1501044, "horas": 75.0}, {"semestre": 5.0, "pos_requisitos": [], "disciplina": "Met Estatisticos Climatologia", "creditos": 4.0, "tipo": "Obrigat\u00f3ria", "pre_requisitos": [1501036, 1114052], "codigo_departamento": 15010000.0, "codigo_disciplina": 1501052, "horas": 60.0}, {"semestre": 6.0, "pos_requisitos": [], "disciplina": "Calculo das Observacoes", "creditos": 4.0, "tipo": "Obrigat\u00f3ria", "pre_requisitos": [1109010, 1109051, 1411075], "codigo_departamento": 15010000.0, "codigo_disciplina": 1501066, "horas": 60.0}, {"semestre": 6.0, "pos_requisitos": [1501048, 1501068, 1501062, 1501063, 1501050, 1501015], "disciplina": "Meteorologia Sin\u00f3tica I", "creditos": 4.0, "tipo": "Obrigat\u00f3ria", "pre_requisitos": [1501041], "codigo_departamento": 15010000.0, "codigo_disciplina": 1501067, "horas": 90.0}, {"semestre": 6.0, "pos_requisitos": [], "disciplina": "Meteorologia Dinamica II", "creditos": 4.0, "tipo": "Obrigat\u00f3ria", "pre_requisitos": [1501041, 1501037], "codigo_departamento": 15010000.0, "codigo_disciplina": 1501059, "horas": 60.0}, {"semestre": 6.0, "pos_requisitos": [], "disciplina": "Ci\u00eancias do Ambiente", "creditos": 4.0, "tipo": "Obrigat\u00f3ria", "pre_requisitos": [], "codigo_departamento": 15030000.0, "codigo_disciplina": 1503038, "horas": 60.0}, {"semestre": 6.0, "pos_requisitos": [1501048, 1501050], "disciplina": "Radiacao Solar e Terrestre", "creditos": 4.0, "tipo": "Obrigat\u00f3ria", "pre_requisitos": [1501036], "codigo_departamento": 15010000.0, "codigo_disciplina": 1501040, "horas": 60.0}, {"semestre": 6.0, "pos_requisitos": [1501018], "disciplina": "Hidrologia Aplicada", "creditos": 4.0, "tipo": "Obrigat\u00f3ria", "pre_requisitos": [1501037, 1114052], "codigo_departamento": 15010000.0, "codigo_disciplina": 1501043, "horas": 60.0}, {"semestre": 6.0, "pos_requisitos": [], "disciplina": "Meteorologia Agricola", "creditos": 4.0, "tipo": "Obrigat\u00f3ria", "pre_requisitos": [1501038], "codigo_departamento": 15010000.0, "codigo_disciplina": 1501049, "horas": 75.0}, {"semestre": 7.0, "pos_requisitos": [1501055], "disciplina": "Micrometeorologia", "creditos": 4.0, "tipo": "Obrigat\u00f3ria", "pre_requisitos": [1501038], "codigo_departamento": 15010000.0, "codigo_disciplina": 1501058, "horas": 60.0}, {"semestre": 7.0, "pos_requisitos": [], "disciplina": "Meteorologia Tropical", "creditos": 4.0, "tipo": "Obrigat\u00f3ria", "pre_requisitos": [1501067], "codigo_departamento": 15010000.0, "codigo_disciplina": 1501062, "horas": 60.0}, {"semestre": 7.0, "pos_requisitos": [], "disciplina": "Oceanografia F\u00edsica", "creditos": 4.0, "tipo": "Obrigat\u00f3ria", "pre_requisitos": [1501067], "codigo_departamento": 15010000.0, "codigo_disciplina": 1501063, "horas": 60.0}, {"semestre": 7.0, "pos_requisitos": [1501056], "disciplina": "Meteorologia Sin\u00f3tica II", "creditos": 4.0, "tipo": "Obrigat\u00f3ria", "pre_requisitos": [1501067], "codigo_departamento": 15010000.0, "codigo_disciplina": 1501068, "horas": 90.0}, {"semestre": 7.0, "pos_requisitos": [], "disciplina": "Intr Sensoriam Remoto Satelite", "creditos": 4.0, "tipo": "Obrigat\u00f3ria", "pre_requisitos": [1501067, 1501040], "codigo_departamento": 15010000.0, "codigo_disciplina": 1501048, "horas": 90.0}, {"semestre": 8.0, "pos_requisitos": [], "disciplina": "Previsao Numerica do Tempo", "creditos": 4.0, "tipo": "Obrigat\u00f3ria", "pre_requisitos": [1501068], "codigo_departamento": 15010000.0, "codigo_disciplina": 1501056, "horas": 60.0}, {"semestre": 8.0, "pos_requisitos": [], "disciplina": "Climatologia F\u00edsica", "creditos": 4.0, "tipo": "Obrigat\u00f3ria", "pre_requisitos": [1501067], "codigo_departamento": 15010000.0, "codigo_disciplina": 1501015, "horas": 60.0}, {"semestre": 8.0, "pos_requisitos": [], "disciplina": "Hidrometeorologia", "creditos": 4.0, "tipo": "Obrigat\u00f3ria", "pre_requisitos": [1501043], "codigo_departamento": 15010000.0, "codigo_disciplina": 1501018, "horas": 60.0}, {"semestre": 8.0, "pos_requisitos": [], "disciplina": "Fisiologia Vegetal", "creditos": 4.0, "tipo": "Obrigat\u00f3ria", "pre_requisitos": [], "codigo_departamento": 15010000.0, "codigo_disciplina": 1501042, "horas": 60.0}, {"semestre": 8.0, "pos_requisitos": [], "disciplina": "Meteorologia Com Radar", "creditos": 4.0, "tipo": "Obrigat\u00f3ria", "pre_requisitos": [1501040, 1501067], "codigo_departamento": 15010000.0, "codigo_disciplina": 1501050, "horas": 75.0}, {"semestre": 8.0, "pos_requisitos": [], "disciplina": "Poluicao Atmosferica", "creditos": 4.0, "tipo": "Obrigat\u00f3ria", "pre_requisitos": [1501058], "codigo_departamento": 15010000.0, "codigo_disciplina": 1501055, "horas": 60.0}, {"semestre": 9.0, "pos_requisitos": [], "disciplina": "Est\u00e1gio Supervisionado Obrigatorio", "creditos": 8.0, "tipo": "Obrigat\u00f3ria", "pre_requisitos": [], "codigo_departamento": 15010000.0, "codigo_disciplina": 1501086, "horas": 120.0}]