[{"semestre": null, "pos_requisitos": [], "disciplina": "Introdu\u00e7\u00e3o a Reg\u00eancia", "creditos": null, "tipo": "Obrigat\u00f3ria", "pre_requisitos": [], "codigo_departamento": 13020000.0, "codigo_disciplina": 1302231, "horas": null}, {"semestre": null, "pos_requisitos": [], "disciplina": "Atividades Complementares Flex\u00edveis", "creditos": 10.0, "tipo": "Complementar", "pre_requisitos": [], "codigo_departamento": 13020000.0, "codigo_disciplina": 1302315, "horas": 150.0}, {"semestre": 1.0, "pos_requisitos": [], "disciplina": "L\u00edngua Ingl\u00easa I", "creditos": 4.0, "tipo": "Obrigat\u00f3ria", "pre_requisitos": [], "codigo_departamento": 13070000.0, "codigo_disciplina": 1307147, "horas": 60.0}, {"semestre": 1.0, "pos_requisitos": [], "disciplina": "L\u00edngua Portuguesa", "creditos": 4.0, "tipo": "Obrigat\u00f3ria", "pre_requisitos": [], "codigo_departamento": 13070000.0, "codigo_disciplina": 1307169, "horas": 60.0}, {"semestre": 1.0, "pos_requisitos": [1302151, 1302154, 1302150], "disciplina": "Percep\u00e7\u00e3o Musical I", "creditos": 4.0, "tipo": "Obrigat\u00f3ria", "pre_requisitos": [], "codigo_departamento": 13020000.0, "codigo_disciplina": 1302141, "horas": 60.0}, {"semestre": 1.0, "pos_requisitos": [1302152], "disciplina": "Canto Coral I", "creditos": 2.0, "tipo": "Obrigat\u00f3ria", "pre_requisitos": [], "codigo_departamento": 13020000.0, "codigo_disciplina": 1302143, "horas": 30.0}, {"semestre": 1.0, "pos_requisitos": [1302156], "disciplina": "M\u00e9todologia e T\u00e9cnica de Pesquisa", "creditos": 4.0, "tipo": "Obrigat\u00f3ria", "pre_requisitos": [], "codigo_departamento": 13020000.0, "codigo_disciplina": 1302144, "horas": 60.0}, {"semestre": 1.0, "pos_requisitos": [1302155], "disciplina": "Pr\u00e1tica Interpretativa I", "creditos": 2.0, "tipo": "Obrigat\u00f3ria", "pre_requisitos": [], "codigo_departamento": 13020000.0, "codigo_disciplina": 1302145, "horas": 30.0}, {"semestre": 2.0, "pos_requisitos": [], "disciplina": "Aprecia\u00e7\u00e3o Musical", "creditos": 2.0, "tipo": "Obrigat\u00f3ria", "pre_requisitos": [], "codigo_departamento": 13020000.0, "codigo_disciplina": 1302142, "horas": 30.0}, {"semestre": 2.0, "pos_requisitos": [1302178], "disciplina": "Percep\u00e7\u00e3o Musical II", "creditos": 4.0, "tipo": "Obrigat\u00f3ria", "pre_requisitos": [1302141], "codigo_departamento": 13020000.0, "codigo_disciplina": 1302150, "horas": 60.0}, {"semestre": 2.0, "pos_requisitos": [1302169, 1302171, 1302172], "disciplina": "Harmonia I", "creditos": 4.0, "tipo": "Obrigat\u00f3ria", "pre_requisitos": [1302141], "codigo_departamento": 13020000.0, "codigo_disciplina": 1302151, "horas": 60.0}, {"semestre": 2.0, "pos_requisitos": [1302179], "disciplina": "Canto Coral II", "creditos": 2.0, "tipo": "Obrigat\u00f3ria", "pre_requisitos": [1302143], "codigo_departamento": 13020000.0, "codigo_disciplina": 1302152, "horas": 30.0}, {"semestre": 2.0, "pos_requisitos": [1302177, 1302246], "disciplina": "Introdu\u00e7\u00e3o \u00e0 Tecnologia Musical", "creditos": 2.0, "tipo": "Obrigat\u00f3ria", "pre_requisitos": [], "codigo_departamento": 13020000.0, "codigo_disciplina": 1302153, "horas": 30.0}, {"semestre": 2.0, "pos_requisitos": [1302167], "disciplina": "Hist\u00f3ria da M\u00fasica Ocidental I", "creditos": 4.0, "tipo": "Obrigat\u00f3ria", "pre_requisitos": [1302141], "codigo_departamento": 13020000.0, "codigo_disciplina": 1302154, "horas": 60.0}, {"semestre": 2.0, "pos_requisitos": [1302166], "disciplina": "Pr\u00e1tica Interpretativa II", "creditos": 2.0, "tipo": "Obrigat\u00f3ria", "pre_requisitos": [1302145], "codigo_departamento": 13020000.0, "codigo_disciplina": 1302155, "horas": 30.0}, {"semestre": 2.0, "pos_requisitos": [1302222], "disciplina": "Pesquisa em M\u00fasica", "creditos": 2.0, "tipo": "Obrigat\u00f3ria", "pre_requisitos": [1302144], "codigo_departamento": 13020000.0, "codigo_disciplina": 1302156, "horas": 30.0}, {"semestre": 3.0, "pos_requisitos": [1302200], "disciplina": "Pr\u00e1tica Interpretativa III", "creditos": 2.0, "tipo": "Obrigat\u00f3ria", "pre_requisitos": [1302155], "codigo_departamento": 13020000.0, "codigo_disciplina": 1302166, "horas": 30.0}, {"semestre": 3.0, "pos_requisitos": [1302194], "disciplina": "Hist\u00f3ria da M\u00fasica Ocidental II", "creditos": 4.0, "tipo": "Obrigat\u00f3ria", "pre_requisitos": [1302154], "codigo_departamento": 13020000.0, "codigo_disciplina": 1302167, "horas": 60.0}, {"semestre": 3.0, "pos_requisitos": [1302192], "disciplina": "Contraponto I", "creditos": 4.0, "tipo": "Obrigat\u00f3ria", "pre_requisitos": [1302151], "codigo_departamento": 13020000.0, "codigo_disciplina": 1302169, "horas": 60.0}, {"semestre": 3.0, "pos_requisitos": [], "disciplina": "Diccao Lirica I", "creditos": 4.0, "tipo": "Obrigat\u00f3ria", "pre_requisitos": [], "codigo_departamento": 13020000.0, "codigo_disciplina": 1302170, "horas": 60.0}, {"semestre": 3.0, "pos_requisitos": [1302197, 1302226], "disciplina": "Harmonia II", "creditos": 4.0, "tipo": "Obrigat\u00f3ria", "pre_requisitos": [1302151], "codigo_departamento": 13020000.0, "codigo_disciplina": 1302171, "horas": 60.0}, {"semestre": 3.0, "pos_requisitos": [1302198], "disciplina": "Instrumentacao e Orquestracao I", "creditos": 4.0, "tipo": "Obrigat\u00f3ria", "pre_requisitos": [1302151], "codigo_departamento": 13020000.0, "codigo_disciplina": 1302172, "horas": 60.0}, {"semestre": 3.0, "pos_requisitos": [], "disciplina": "F\u00f3rum de Composi\u00e7\u00e3o I", "creditos": 2.0, "tipo": "Obrigat\u00f3ria", "pre_requisitos": [], "codigo_departamento": 13020000.0, "codigo_disciplina": 1302173, "horas": 30.0}, {"semestre": 3.0, "pos_requisitos": [1302195], "disciplina": "Composi\u00e7\u00e3o I", "creditos": 1.0, "tipo": "Obrigat\u00f3ria", "pre_requisitos": [], "codigo_departamento": 13020000.0, "codigo_disciplina": 1302174, "horas": 15.0}, {"semestre": 3.0, "pos_requisitos": [1302208], "disciplina": "Piano Complementar I", "creditos": 2.0, "tipo": "Obrigat\u00f3ria", "pre_requisitos": [], "codigo_departamento": 13020000.0, "codigo_disciplina": 1302175, "horas": 30.0}, {"semestre": 3.0, "pos_requisitos": [], "disciplina": "M\u00fasica de Camara I", "creditos": 2.0, "tipo": "Obrigat\u00f3ria", "pre_requisitos": [], "codigo_departamento": 13020000.0, "codigo_disciplina": 1302176, "horas": 30.0}, {"semestre": 3.0, "pos_requisitos": [1302189], "disciplina": "Ac\u00fastica e \u00c1udio", "creditos": 4.0, "tipo": "Obrigat\u00f3ria", "pre_requisitos": [1302153], "codigo_departamento": 13020000.0, "codigo_disciplina": 1302177, "horas": 60.0}, {"semestre": 3.0, "pos_requisitos": [1302202], "disciplina": "Percep\u00e7\u00e3o Musical III", "creditos": 4.0, "tipo": "Obrigat\u00f3ria", "pre_requisitos": [1302150], "codigo_departamento": 13020000.0, "codigo_disciplina": 1302178, "horas": 60.0}, {"semestre": 3.0, "pos_requisitos": [1302201], "disciplina": "Canto Coral III", "creditos": 2.0, "tipo": "Obrigat\u00f3ria", "pre_requisitos": [1302152], "codigo_departamento": 13020000.0, "codigo_disciplina": 1302179, "horas": 30.0}, {"semestre": 3.0, "pos_requisitos": [1302203], "disciplina": "Reg\u00eancia I", "creditos": 4.0, "tipo": "Obrigat\u00f3ria", "pre_requisitos": [], "codigo_departamento": 13020000.0, "codigo_disciplina": 1302180, "horas": 60.0}, {"semestre": 4.0, "pos_requisitos": [1302235], "disciplina": "Laboratorio de Audio I", "creditos": 2.0, "tipo": "Obrigat\u00f3ria", "pre_requisitos": [1302177], "codigo_departamento": 13020000.0, "codigo_disciplina": 1302189, "horas": 30.0}, {"semestre": 4.0, "pos_requisitos": [], "disciplina": "M\u00fasica de Camara II", "creditos": 2.0, "tipo": "Obrigat\u00f3ria", "pre_requisitos": [], "codigo_departamento": 13020000.0, "codigo_disciplina": 1302190, "horas": 30.0}, {"semestre": 4.0, "pos_requisitos": [], "disciplina": "Contraponto II", "creditos": 4.0, "tipo": "Obrigat\u00f3ria", "pre_requisitos": [1302169], "codigo_departamento": 13020000.0, "codigo_disciplina": 1302192, "horas": 60.0}, {"semestre": 4.0, "pos_requisitos": [], "disciplina": "Diccao Lirica II", "creditos": 4.0, "tipo": "Obrigat\u00f3ria", "pre_requisitos": [], "codigo_departamento": 13020000.0, "codigo_disciplina": 1302193, "horas": 60.0}, {"semestre": 4.0, "pos_requisitos": [], "disciplina": "Hist\u00f3ria da M\u00fasica Ocidental III", "creditos": 4.0, "tipo": "Obrigat\u00f3ria", "pre_requisitos": [1302167], "codigo_departamento": 13020000.0, "codigo_disciplina": 1302194, "horas": 60.0}, {"semestre": 4.0, "pos_requisitos": [1302220], "disciplina": "Composi\u00e7\u00e3o II", "creditos": 1.0, "tipo": "Obrigat\u00f3ria", "pre_requisitos": [1302174], "codigo_departamento": 13020000.0, "codigo_disciplina": 1302195, "horas": 15.0}, {"semestre": 4.0, "pos_requisitos": [1302219], "disciplina": "F\u00f3rum de Composi\u00e7\u00e3o II", "creditos": 3.0, "tipo": "Obrigat\u00f3ria", "pre_requisitos": [], "codigo_departamento": 13020000.0, "codigo_disciplina": 1302196, "horas": 45.0}, {"semestre": 4.0, "pos_requisitos": [1302224, 1302223], "disciplina": "Harmonia III", "creditos": 2.0, "tipo": "Obrigat\u00f3ria", "pre_requisitos": [1302171], "codigo_departamento": 13020000.0, "codigo_disciplina": 1302197, "horas": 30.0}, {"semestre": 4.0, "pos_requisitos": [], "disciplina": "Instrumentacao e Orquestracao II", "creditos": 4.0, "tipo": "Obrigat\u00f3ria", "pre_requisitos": [1302172], "codigo_departamento": 13020000.0, "codigo_disciplina": 1302198, "horas": 60.0}, {"semestre": 4.0, "pos_requisitos": [], "disciplina": "Pedagogia do Instrumento", "creditos": 2.0, "tipo": "Obrigat\u00f3ria", "pre_requisitos": [], "codigo_departamento": 13020000.0, "codigo_disciplina": 1302199, "horas": 30.0}, {"semestre": 4.0, "pos_requisitos": [1302217], "disciplina": "Pr\u00e1tica Interpretativa IV", "creditos": 2.0, "tipo": "Obrigat\u00f3ria", "pre_requisitos": [1302166], "codigo_departamento": 13020000.0, "codigo_disciplina": 1302200, "horas": 30.0}, {"semestre": 4.0, "pos_requisitos": [], "disciplina": "Canto Coral IV", "creditos": 2.0, "tipo": "Obrigat\u00f3ria", "pre_requisitos": [1302179], "codigo_departamento": 13020000.0, "codigo_disciplina": 1302201, "horas": 30.0}, {"semestre": 4.0, "pos_requisitos": [], "disciplina": "Percep\u00e7\u00e3o Musical IV", "creditos": 2.0, "tipo": "Obrigat\u00f3ria", "pre_requisitos": [1302178], "codigo_departamento": 13020000.0, "codigo_disciplina": 1302202, "horas": 30.0}, {"semestre": 4.0, "pos_requisitos": [1302229], "disciplina": "Reg\u00eancia II", "creditos": 4.0, "tipo": "Obrigat\u00f3ria", "pre_requisitos": [1302180], "codigo_departamento": 13020000.0, "codigo_disciplina": 1302203, "horas": 60.0}, {"semestre": 4.0, "pos_requisitos": [1302091], "disciplina": "Introdu\u00e7\u00e3o ao Marketing Cultural", "creditos": 3.0, "tipo": "Obrigat\u00f3ria", "pre_requisitos": [], "codigo_departamento": 13020000.0, "codigo_disciplina": 1302207, "horas": 45.0}, {"semestre": 4.0, "pos_requisitos": [], "disciplina": "Piano Complementar II", "creditos": 2.0, "tipo": "Obrigat\u00f3ria", "pre_requisitos": [1302175], "codigo_departamento": 13020000.0, "codigo_disciplina": 1302208, "horas": 30.0}, {"semestre": 5.0, "pos_requisitos": [], "disciplina": "Marketing Cultural", "creditos": 4.0, "tipo": "Obrigat\u00f3ria", "pre_requisitos": [1302207], "codigo_departamento": 13020000.0, "codigo_disciplina": 1302091, "horas": 60.0}, {"semestre": 5.0, "pos_requisitos": [], "disciplina": "Prod de Eventos Artisticos e Culturais", "creditos": 2.0, "tipo": "Obrigat\u00f3ria", "pre_requisitos": [], "codigo_departamento": 13020000.0, "codigo_disciplina": 1302216, "horas": 30.0}, {"semestre": 5.0, "pos_requisitos": [1302243], "disciplina": "Pr\u00e1tica Interpretativa V", "creditos": 2.0, "tipo": "Obrigat\u00f3ria", "pre_requisitos": [1302200], "codigo_departamento": 13020000.0, "codigo_disciplina": 1302217, "horas": 30.0}, {"semestre": 5.0, "pos_requisitos": [1302250], "disciplina": "F\u00f3rum de Composi\u00e7\u00e3o III", "creditos": 2.0, "tipo": "Obrigat\u00f3ria", "pre_requisitos": [1302196], "codigo_departamento": 13020000.0, "codigo_disciplina": 1302219, "horas": 30.0}, {"semestre": 5.0, "pos_requisitos": [1302248], "disciplina": "Composi\u00e7\u00e3o III", "creditos": 1.0, "tipo": "Obrigat\u00f3ria", "pre_requisitos": [1302195], "codigo_departamento": 13020000.0, "codigo_disciplina": 1302220, "horas": 15.0}, {"semestre": 5.0, "pos_requisitos": [1302237], "disciplina": "Projeto Musical I", "creditos": 2.0, "tipo": "Obrigat\u00f3ria", "pre_requisitos": [1302156], "codigo_departamento": 13020000.0, "codigo_disciplina": 1302222, "horas": 30.0}, {"semestre": 5.0, "pos_requisitos": [], "disciplina": "Teoria Pos - Tonal", "creditos": 2.0, "tipo": "Obrigat\u00f3ria", "pre_requisitos": [1302197], "codigo_departamento": 13020000.0, "codigo_disciplina": 1302223, "horas": 30.0}, {"semestre": 5.0, "pos_requisitos": [1302247], "disciplina": "Prat Composicionais Contemporaneas I", "creditos": 2.0, "tipo": "Obrigat\u00f3ria", "pre_requisitos": [1302197], "codigo_departamento": 13020000.0, "codigo_disciplina": 1302224, "horas": 30.0}, {"semestre": 5.0, "pos_requisitos": [], "disciplina": "Hist\u00f3ria da M\u00fasica Brasileira", "creditos": 4.0, "tipo": "Obrigat\u00f3ria", "pre_requisitos": [], "codigo_departamento": 13020000.0, "codigo_disciplina": 1302225, "horas": 60.0}, {"semestre": 5.0, "pos_requisitos": [1302240], "disciplina": "An\u00e1lise I", "creditos": 2.0, "tipo": "Obrigat\u00f3ria", "pre_requisitos": [1302171], "codigo_departamento": 13020000.0, "codigo_disciplina": 1302226, "horas": 30.0}, {"semestre": 5.0, "pos_requisitos": [], "disciplina": "Pedagogia Vocal", "creditos": 2.0, "tipo": "Obrigat\u00f3ria", "pre_requisitos": [], "codigo_departamento": 13020000.0, "codigo_disciplina": 1302227, "horas": 30.0}, {"semestre": 5.0, "pos_requisitos": [], "disciplina": "M\u00fasica de Camara III", "creditos": 2.0, "tipo": "Obrigat\u00f3ria", "pre_requisitos": [], "codigo_departamento": 13020000.0, "codigo_disciplina": 1302228, "horas": 30.0}, {"semestre": 5.0, "pos_requisitos": [1302256], "disciplina": "Reg\u00eancia III", "creditos": 4.0, "tipo": "Obrigat\u00f3ria", "pre_requisitos": [1302203], "codigo_departamento": 13020000.0, "codigo_disciplina": 1302229, "horas": 60.0}, {"semestre": 5.0, "pos_requisitos": [], "disciplina": "Pr\u00e1tica de Conjunto I", "creditos": 2.0, "tipo": "Obrigat\u00f3ria", "pre_requisitos": [], "codigo_departamento": 13020000.0, "codigo_disciplina": 1302232, "horas": 30.0}, {"semestre": 5.0, "pos_requisitos": [], "disciplina": "Coro de Camara I", "creditos": 2.0, "tipo": "Obrigat\u00f3ria", "pre_requisitos": [], "codigo_departamento": 13020000.0, "codigo_disciplina": 1302234, "horas": 30.0}, {"semestre": 5.0, "pos_requisitos": [1302252], "disciplina": "Laboratorio de Audio II", "creditos": 2.0, "tipo": "Obrigat\u00f3ria", "pre_requisitos": [1302189], "codigo_departamento": 13020000.0, "codigo_disciplina": 1302235, "horas": 30.0}, {"semestre": 6.0, "pos_requisitos": [], "disciplina": "Economia da Cultura", "creditos": 4.0, "tipo": "Obrigat\u00f3ria", "pre_requisitos": [], "codigo_departamento": 13030000.0, "codigo_disciplina": 1303114, "horas": 60.0}, {"semestre": 6.0, "pos_requisitos": [1302270], "disciplina": "Projeto Musical II", "creditos": 2.0, "tipo": "Obrigat\u00f3ria", "pre_requisitos": [1302222], "codigo_departamento": 13020000.0, "codigo_disciplina": 1302237, "horas": 30.0}, {"semestre": 6.0, "pos_requisitos": [1302277], "disciplina": "Literatura e Repertorio I", "creditos": 2.0, "tipo": "Obrigat\u00f3ria", "pre_requisitos": [], "codigo_departamento": 13020000.0, "codigo_disciplina": 1302239, "horas": 30.0}, {"semestre": 6.0, "pos_requisitos": [1302275], "disciplina": "An\u00e1lise II", "creditos": 2.0, "tipo": "Obrigat\u00f3ria", "pre_requisitos": [1302226], "codigo_departamento": 13020000.0, "codigo_disciplina": 1302240, "horas": 30.0}, {"semestre": 6.0, "pos_requisitos": [], "disciplina": "M\u00fasica de Camara IV", "creditos": 2.0, "tipo": "Obrigat\u00f3ria", "pre_requisitos": [], "codigo_departamento": 13020000.0, "codigo_disciplina": 1302241, "horas": 30.0}, {"semestre": 6.0, "pos_requisitos": [], "disciplina": "Pr\u00e1tica de Conjunto II", "creditos": 2.0, "tipo": "Obrigat\u00f3ria", "pre_requisitos": [], "codigo_departamento": 13020000.0, "codigo_disciplina": 1302242, "horas": 30.0}, {"semestre": 6.0, "pos_requisitos": [1302276], "disciplina": "Pr\u00e1tica Interpretativa VI", "creditos": 2.0, "tipo": "Obrigat\u00f3ria", "pre_requisitos": [1302217], "codigo_departamento": 13020000.0, "codigo_disciplina": 1302243, "horas": 30.0}, {"semestre": 6.0, "pos_requisitos": [], "disciplina": "Coro de Camara II", "creditos": 2.0, "tipo": "Obrigat\u00f3ria", "pre_requisitos": [], "codigo_departamento": 13020000.0, "codigo_disciplina": 1302244, "horas": 30.0}, {"semestre": 6.0, "pos_requisitos": [1302287], "disciplina": "Literatura Vocal I", "creditos": 2.0, "tipo": "Obrigat\u00f3ria", "pre_requisitos": [], "codigo_departamento": 13020000.0, "codigo_disciplina": 1302245, "horas": 30.0}, {"semestre": 6.0, "pos_requisitos": [1302279], "disciplina": "M\u00fasica Eletroac\u00fastica I", "creditos": 2.0, "tipo": "Obrigat\u00f3ria", "pre_requisitos": [1302153], "codigo_departamento": 13020000.0, "codigo_disciplina": 1302246, "horas": 30.0}, {"semestre": 6.0, "pos_requisitos": [], "disciplina": "Prat Composicionais Contemporaneas II", "creditos": 2.0, "tipo": "Obrigat\u00f3ria", "pre_requisitos": [1302224], "codigo_departamento": 13020000.0, "codigo_disciplina": 1302247, "horas": 30.0}, {"semestre": 6.0, "pos_requisitos": [1302281], "disciplina": "Composi\u00e7\u00e3o IV", "creditos": 1.0, "tipo": "Obrigat\u00f3ria", "pre_requisitos": [1302220], "codigo_departamento": 13020000.0, "codigo_disciplina": 1302248, "horas": 15.0}, {"semestre": 6.0, "pos_requisitos": [1302280], "disciplina": "Literatura Composicional I", "creditos": 2.0, "tipo": "Obrigat\u00f3ria", "pre_requisitos": [], "codigo_departamento": 13020000.0, "codigo_disciplina": 1302249, "horas": 30.0}, {"semestre": 6.0, "pos_requisitos": [1302282], "disciplina": "F\u00f3rum de Composi\u00e7\u00e3o IV", "creditos": 2.0, "tipo": "Obrigat\u00f3ria", "pre_requisitos": [1302219], "codigo_departamento": 13020000.0, "codigo_disciplina": 1302250, "horas": 30.0}, {"semestre": 6.0, "pos_requisitos": [1302286], "disciplina": "Sintese e Amostragem", "creditos": 2.0, "tipo": "Obrigat\u00f3ria", "pre_requisitos": [1302235], "codigo_departamento": 13020000.0, "codigo_disciplina": 1302252, "horas": 30.0}, {"semestre": 6.0, "pos_requisitos": [], "disciplina": "Elabora\u00e7\u00e3o de Projetos Culturais", "creditos": 2.0, "tipo": "Obrigat\u00f3ria", "pre_requisitos": [], "codigo_departamento": 13020000.0, "codigo_disciplina": 1302253, "horas": 30.0}, {"semestre": 6.0, "pos_requisitos": [], "disciplina": "Propriedade Intelectual", "creditos": 4.0, "tipo": "Obrigat\u00f3ria", "pre_requisitos": [], "codigo_departamento": 13020000.0, "codigo_disciplina": 1302254, "horas": 60.0}, {"semestre": 6.0, "pos_requisitos": [1302283], "disciplina": "Reg\u00eancia IV", "creditos": 4.0, "tipo": "Obrigat\u00f3ria", "pre_requisitos": [1302229], "codigo_departamento": 13020000.0, "codigo_disciplina": 1302256, "horas": 60.0}, {"semestre": 6.0, "pos_requisitos": [], "disciplina": "Empreendedorismo", "creditos": 2.0, "tipo": "Obrigat\u00f3ria", "pre_requisitos": [], "codigo_departamento": 13020000.0, "codigo_disciplina": 1302258, "horas": 30.0}, {"semestre": 7.0, "pos_requisitos": [1302294], "disciplina": "Projeto Musical III", "creditos": 2.0, "tipo": "Obrigat\u00f3ria", "pre_requisitos": [1302237], "codigo_departamento": 13020000.0, "codigo_disciplina": 1302270, "horas": 30.0}, {"semestre": 7.0, "pos_requisitos": [1302297], "disciplina": "An\u00e1lise III", "creditos": 2.0, "tipo": "Obrigat\u00f3ria", "pre_requisitos": [1302240], "codigo_departamento": 13020000.0, "codigo_disciplina": 1302275, "horas": 30.0}, {"semestre": 7.0, "pos_requisitos": [1302298], "disciplina": "Pr\u00e1tica Interpretativa VII", "creditos": 2.0, "tipo": "Obrigat\u00f3ria", "pre_requisitos": [1302243], "codigo_departamento": 13020000.0, "codigo_disciplina": 1302276, "horas": 30.0}, {"semestre": 7.0, "pos_requisitos": [1302296], "disciplina": "Literatura e Repertorio II", "creditos": 2.0, "tipo": "Obrigat\u00f3ria", "pre_requisitos": [1302239], "codigo_departamento": 13020000.0, "codigo_disciplina": 1302277, "horas": 30.0}, {"semestre": 7.0, "pos_requisitos": [1302295], "disciplina": "Improvisacao I", "creditos": 4.0, "tipo": "Obrigat\u00f3ria", "pre_requisitos": [], "codigo_departamento": 13020000.0, "codigo_disciplina": 1302278, "horas": 60.0}, {"semestre": 7.0, "pos_requisitos": [], "disciplina": "M\u00fasica Eletroac\u00fastica II", "creditos": 2.0, "tipo": "Obrigat\u00f3ria", "pre_requisitos": [1302246], "codigo_departamento": 13020000.0, "codigo_disciplina": 1302279, "horas": 30.0}, {"semestre": 7.0, "pos_requisitos": [1302302], "disciplina": "Literatura Composicional II", "creditos": 2.0, "tipo": "Obrigat\u00f3ria", "pre_requisitos": [1302249], "codigo_departamento": 13020000.0, "codigo_disciplina": 1302280, "horas": 30.0}, {"semestre": 7.0, "pos_requisitos": [1302303], "disciplina": "Composi\u00e7\u00e3o V", "creditos": 1.0, "tipo": "Obrigat\u00f3ria", "pre_requisitos": [1302248], "codigo_departamento": 13020000.0, "codigo_disciplina": 1302281, "horas": 15.0}, {"semestre": 7.0, "pos_requisitos": [1302304], "disciplina": "F\u00f3rum de Composi\u00e7\u00e3o V", "creditos": 2.0, "tipo": "Obrigat\u00f3ria", "pre_requisitos": [1302250], "codigo_departamento": 13020000.0, "codigo_disciplina": 1302282, "horas": 30.0}, {"semestre": 7.0, "pos_requisitos": [1302299], "disciplina": "Reg\u00eancia V", "creditos": 4.0, "tipo": "Obrigat\u00f3ria", "pre_requisitos": [1302256], "codigo_departamento": 13020000.0, "codigo_disciplina": 1302283, "horas": 60.0}, {"semestre": 7.0, "pos_requisitos": [], "disciplina": "Iluminacao Cenica", "creditos": 3.0, "tipo": "Obrigat\u00f3ria", "pre_requisitos": [], "codigo_departamento": 13020000.0, "codigo_disciplina": 1302284, "horas": 45.0}, {"semestre": 7.0, "pos_requisitos": [], "disciplina": "Produ\u00e7\u00e3o Musical", "creditos": 2.0, "tipo": "Obrigat\u00f3ria", "pre_requisitos": [], "codigo_departamento": 13020000.0, "codigo_disciplina": 1302285, "horas": 30.0}, {"semestre": 7.0, "pos_requisitos": [], "disciplina": "Concepcao Sonora para Audiovisual", "creditos": 2.0, "tipo": "Obrigat\u00f3ria", "pre_requisitos": [1302252], "codigo_departamento": 13020000.0, "codigo_disciplina": 1302286, "horas": 30.0}, {"semestre": 7.0, "pos_requisitos": [1302305], "disciplina": "Literatura Vocal II", "creditos": 2.0, "tipo": "Obrigat\u00f3ria", "pre_requisitos": [1302245], "codigo_departamento": 13020000.0, "codigo_disciplina": 1302287, "horas": 30.0}, {"semestre": 8.0, "pos_requisitos": [], "disciplina": "Trabalho de Conclus\u00e3o de Curso", "creditos": 2.0, "tipo": "Complementar", "pre_requisitos": [1302270], "codigo_departamento": 13020000.0, "codigo_disciplina": 1302294, "horas": 30.0}, {"semestre": 8.0, "pos_requisitos": [], "disciplina": "Improvisacao II", "creditos": 2.0, "tipo": "Obrigat\u00f3ria", "pre_requisitos": [1302278], "codigo_departamento": 13020000.0, "codigo_disciplina": 1302295, "horas": 30.0}, {"semestre": 8.0, "pos_requisitos": [], "disciplina": "Literatura e Repertorio III", "creditos": 2.0, "tipo": "Obrigat\u00f3ria", "pre_requisitos": [1302277], "codigo_departamento": 13020000.0, "codigo_disciplina": 1302296, "horas": 30.0}, {"semestre": 8.0, "pos_requisitos": [], "disciplina": "An\u00e1lise IV", "creditos": 2.0, "tipo": "Obrigat\u00f3ria", "pre_requisitos": [1302275], "codigo_departamento": 13020000.0, "codigo_disciplina": 1302297, "horas": 30.0}, {"semestre": 8.0, "pos_requisitos": [], "disciplina": "Pr\u00e1tica Interpretativa VIII", "creditos": 2.0, "tipo": "Obrigat\u00f3ria", "pre_requisitos": [1302276], "codigo_departamento": 13020000.0, "codigo_disciplina": 1302298, "horas": 30.0}, {"semestre": 8.0, "pos_requisitos": [], "disciplina": "Reg\u00eancia VI", "creditos": 4.0, "tipo": "Obrigat\u00f3ria", "pre_requisitos": [1302283], "codigo_departamento": 13020000.0, "codigo_disciplina": 1302299, "horas": 60.0}, {"semestre": 8.0, "pos_requisitos": [], "disciplina": "Direcao Artistica", "creditos": 4.0, "tipo": "Obrigat\u00f3ria", "pre_requisitos": [], "codigo_departamento": 13020000.0, "codigo_disciplina": 1302300, "horas": 60.0}, {"semestre": 8.0, "pos_requisitos": [], "disciplina": "Mixagem de Audio e Video", "creditos": 4.0, "tipo": "Obrigat\u00f3ria", "pre_requisitos": [], "codigo_departamento": 13020000.0, "codigo_disciplina": 1302301, "horas": 60.0}, {"semestre": 8.0, "pos_requisitos": [], "disciplina": "Literatura Composicional III", "creditos": 2.0, "tipo": "Obrigat\u00f3ria", "pre_requisitos": [1302280], "codigo_departamento": 13020000.0, "codigo_disciplina": 1302302, "horas": 30.0}, {"semestre": 8.0, "pos_requisitos": [], "disciplina": "Composi\u00e7\u00e3o VI", "creditos": 1.0, "tipo": "Obrigat\u00f3ria", "pre_requisitos": [1302281], "codigo_departamento": 13020000.0, "codigo_disciplina": 1302303, "horas": 15.0}, {"semestre": 8.0, "pos_requisitos": [], "disciplina": "F\u00f3rum de Composi\u00e7\u00e3o VI", "creditos": 2.0, "tipo": "Obrigat\u00f3ria", "pre_requisitos": [1302282], "codigo_departamento": 13020000.0, "codigo_disciplina": 1302304, "horas": 30.0}, {"semestre": 8.0, "pos_requisitos": [], "disciplina": "Literatura Vocal III", "creditos": 2.0, "tipo": "Obrigat\u00f3ria", "pre_requisitos": [1302287], "codigo_departamento": 13020000.0, "codigo_disciplina": 1302305, "horas": 30.0}]