[{"semestre": 1.0, "pos_requisitos": [1302156], "disciplina": "M\u00e9todologia e T\u00e9cnica de Pesquisa", "creditos": 4.0, "tipo": "Obrigat\u00f3ria", "pre_requisitos": [], "codigo_departamento": 13020000.0, "codigo_disciplina": 1302144, "horas": 60.0}, {"semestre": 1.0, "pos_requisitos": [1302155], "disciplina": "Pr\u00e1tica Interpretativa I", "creditos": 2.0, "tipo": "Obrigat\u00f3ria", "pre_requisitos": [], "codigo_departamento": 13020000.0, "codigo_disciplina": 1302145, "horas": 30.0}, {"semestre": 1.0, "pos_requisitos": [1302151, 1302154, 1302150], "disciplina": "Percep\u00e7\u00e3o Musical I", "creditos": 4.0, "tipo": "Obrigat\u00f3ria", "pre_requisitos": [], "codigo_departamento": 13020000.0, "codigo_disciplina": 1302141, "horas": 60.0}, {"semestre": 1.0, "pos_requisitos": [], "disciplina": "L\u00edngua Portuguesa", "creditos": 4.0, "tipo": "Obrigat\u00f3ria", "pre_requisitos": [], "codigo_departamento": 13070000.0, "codigo_disciplina": 1307169, "horas": 60.0}, {"semestre": 1.0, "pos_requisitos": [], "disciplina": "Aprecia\u00e7\u00e3o Musical", "creditos": 2.0, "tipo": "Obrigat\u00f3ria", "pre_requisitos": [], "codigo_departamento": 13020000.0, "codigo_disciplina": 1302142, "horas": 30.0}, {"semestre": 1.0, "pos_requisitos": [1302152], "disciplina": "Canto Coral I", "creditos": 2.0, "tipo": "Obrigat\u00f3ria", "pre_requisitos": [], "codigo_departamento": 13020000.0, "codigo_disciplina": 1302143, "horas": 30.0}, {"semestre": 2.0, "pos_requisitos": [1302178], "disciplina": "Percep\u00e7\u00e3o Musical II", "creditos": 4.0, "tipo": "Obrigat\u00f3ria", "pre_requisitos": [1302141], "codigo_departamento": 13020000.0, "codigo_disciplina": 1302150, "horas": 60.0}, {"semestre": 2.0, "pos_requisitos": [1302169, 1302171, 1302172], "disciplina": "Harmonia I", "creditos": 4.0, "tipo": "Obrigat\u00f3ria", "pre_requisitos": [1302141], "codigo_departamento": 13020000.0, "codigo_disciplina": 1302151, "horas": 60.0}, {"semestre": 2.0, "pos_requisitos": [1302179], "disciplina": "Canto Coral II", "creditos": 2.0, "tipo": "Obrigat\u00f3ria", "pre_requisitos": [1302143], "codigo_departamento": 13020000.0, "codigo_disciplina": 1302152, "horas": 30.0}, {"semestre": 2.0, "pos_requisitos": [], "disciplina": "Introdu\u00e7\u00e3o \u00e0 Tecnologia Musical", "creditos": 2.0, "tipo": "Obrigat\u00f3ria", "pre_requisitos": [], "codigo_departamento": 13020000.0, "codigo_disciplina": 1302153, "horas": 30.0}, {"semestre": 2.0, "pos_requisitos": [1302167], "disciplina": "Hist\u00f3ria da M\u00fasica Ocidental I", "creditos": 4.0, "tipo": "Obrigat\u00f3ria", "pre_requisitos": [1302141], "codigo_departamento": 13020000.0, "codigo_disciplina": 1302154, "horas": 60.0}, {"semestre": 2.0, "pos_requisitos": [1302166], "disciplina": "Pr\u00e1tica Interpretativa II", "creditos": 2.0, "tipo": "Obrigat\u00f3ria", "pre_requisitos": [1302145], "codigo_departamento": 13020000.0, "codigo_disciplina": 1302155, "horas": 30.0}, {"semestre": 2.0, "pos_requisitos": [1302168, 1302222], "disciplina": "Pesquisa em M\u00fasica", "creditos": 4.0, "tipo": "Obrigat\u00f3ria", "pre_requisitos": [1302144], "codigo_departamento": 13020000.0, "codigo_disciplina": 1302156, "horas": 60.0}, {"semestre": 3.0, "pos_requisitos": [1302200], "disciplina": "Pr\u00e1tica Interpretativa III", "creditos": 2.0, "tipo": "Obrigat\u00f3ria", "pre_requisitos": [1302155], "codigo_departamento": 13020000.0, "codigo_disciplina": 1302166, "horas": 30.0}, {"semestre": 3.0, "pos_requisitos": [1302194], "disciplina": "Hist\u00f3ria da M\u00fasica Ocidental II", "creditos": 4.0, "tipo": "Obrigat\u00f3ria", "pre_requisitos": [1302154], "codigo_departamento": 13020000.0, "codigo_disciplina": 1302167, "horas": 60.0}, {"semestre": 3.0, "pos_requisitos": [1302191], "disciplina": "M\u00e9todologia do Ensino da M\u00fasica I", "creditos": 4.0, "tipo": "Obrigat\u00f3ria", "pre_requisitos": [1302156], "codigo_departamento": 13020000.0, "codigo_disciplina": 1302168, "horas": 60.0}, {"semestre": 3.0, "pos_requisitos": [1302192], "disciplina": "Contraponto I", "creditos": 4.0, "tipo": "Obrigat\u00f3ria", "pre_requisitos": [1302151], "codigo_departamento": 13020000.0, "codigo_disciplina": 1302169, "horas": 60.0}, {"semestre": 3.0, "pos_requisitos": [1302197], "disciplina": "Harmonia II", "creditos": 4.0, "tipo": "Obrigat\u00f3ria", "pre_requisitos": [1302151], "codigo_departamento": 13020000.0, "codigo_disciplina": 1302171, "horas": 60.0}, {"semestre": 3.0, "pos_requisitos": [], "disciplina": "Instrumentacao e Orquestracao I", "creditos": 4.0, "tipo": "Obrigat\u00f3ria", "pre_requisitos": [1302151], "codigo_departamento": 13020000.0, "codigo_disciplina": 1302172, "horas": 60.0}, {"semestre": 3.0, "pos_requisitos": [1302202], "disciplina": "Percep\u00e7\u00e3o Musical III", "creditos": 4.0, "tipo": "Obrigat\u00f3ria", "pre_requisitos": [1302150], "codigo_departamento": 13020000.0, "codigo_disciplina": 1302178, "horas": 60.0}, {"semestre": 3.0, "pos_requisitos": [1302201], "disciplina": "Canto Coral III", "creditos": 2.0, "tipo": "Obrigat\u00f3ria", "pre_requisitos": [1302152], "codigo_departamento": 13020000.0, "codigo_disciplina": 1302179, "horas": 30.0}, {"semestre": 4.0, "pos_requisitos": [], "disciplina": "M\u00e9todologia do Ensino de M\u00fasica II", "creditos": 4.0, "tipo": "Obrigat\u00f3ria", "pre_requisitos": [1302168], "codigo_departamento": 13020000.0, "codigo_disciplina": 1302191, "horas": 60.0}, {"semestre": 4.0, "pos_requisitos": [], "disciplina": "Contraponto II", "creditos": 4.0, "tipo": "Obrigat\u00f3ria", "pre_requisitos": [1302169], "codigo_departamento": 13020000.0, "codigo_disciplina": 1302192, "horas": 60.0}, {"semestre": 4.0, "pos_requisitos": [], "disciplina": "Hist\u00f3ria da M\u00fasica Ocidental III", "creditos": 4.0, "tipo": "Obrigat\u00f3ria", "pre_requisitos": [1302167], "codigo_departamento": 13020000.0, "codigo_disciplina": 1302194, "horas": 60.0}, {"semestre": 4.0, "pos_requisitos": [], "disciplina": "Harmonia III", "creditos": 2.0, "tipo": "Obrigat\u00f3ria", "pre_requisitos": [1302171], "codigo_departamento": 13020000.0, "codigo_disciplina": 1302197, "horas": 30.0}, {"semestre": 4.0, "pos_requisitos": [], "disciplina": "Pedagogia do Instrumento", "creditos": 2.0, "tipo": "Obrigat\u00f3ria", "pre_requisitos": [], "codigo_departamento": 13020000.0, "codigo_disciplina": 1302199, "horas": 30.0}, {"semestre": 4.0, "pos_requisitos": [], "disciplina": "Pr\u00e1tica Interpretativa IV", "creditos": 2.0, "tipo": "Obrigat\u00f3ria", "pre_requisitos": [1302166], "codigo_departamento": 13020000.0, "codigo_disciplina": 1302200, "horas": 30.0}, {"semestre": 4.0, "pos_requisitos": [], "disciplina": "Canto Coral IV", "creditos": 2.0, "tipo": "Obrigat\u00f3ria", "pre_requisitos": [1302179], "codigo_departamento": 13020000.0, "codigo_disciplina": 1302201, "horas": 30.0}, {"semestre": 4.0, "pos_requisitos": [], "disciplina": "Percep\u00e7\u00e3o Musical IV", "creditos": 2.0, "tipo": "Obrigat\u00f3ria", "pre_requisitos": [1302178], "codigo_departamento": 13020000.0, "codigo_disciplina": 1302202, "horas": 30.0}, {"semestre": 5.0, "pos_requisitos": [1302237], "disciplina": "Projeto Musical I", "creditos": 2.0, "tipo": "Obrigat\u00f3ria", "pre_requisitos": [1302156], "codigo_departamento": 13020000.0, "codigo_disciplina": 1302222, "horas": 30.0}, {"semestre": 5.0, "pos_requisitos": [], "disciplina": "Hist\u00f3ria da M\u00fasica Brasileira", "creditos": 4.0, "tipo": "Obrigat\u00f3ria", "pre_requisitos": [], "codigo_departamento": 13020000.0, "codigo_disciplina": 1302225, "horas": 60.0}, {"semestre": 5.0, "pos_requisitos": [], "disciplina": "Etnomusicologia", "creditos": 4.0, "tipo": "Obrigat\u00f3ria", "pre_requisitos": [], "codigo_departamento": 13020000.0, "codigo_disciplina": 1302230, "horas": 60.0}, {"semestre": 5.0, "pos_requisitos": [], "disciplina": "Introdu\u00e7\u00e3o a Reg\u00eancia", "creditos": 2.0, "tipo": "Obrigat\u00f3ria", "pre_requisitos": [], "codigo_departamento": 13020000.0, "codigo_disciplina": 1302231, "horas": 30.0}, {"semestre": 5.0, "pos_requisitos": [], "disciplina": "Pr\u00e1tica de Conjunto I", "creditos": 2.0, "tipo": "Obrigat\u00f3ria", "pre_requisitos": [], "codigo_departamento": 13020000.0, "codigo_disciplina": 1302232, "horas": 30.0}, {"semestre": 5.0, "pos_requisitos": [1302238], "disciplina": "Est\u00e1gio Curricular Supervisionado I", "creditos": 8.0, "tipo": "Obrigat\u00f3ria", "pre_requisitos": [], "codigo_departamento": 13020000.0, "codigo_disciplina": 1302233, "horas": 120.0}, {"semestre": 5.0, "pos_requisitos": [], "disciplina": "Filosofia da Educa\u00e7\u00e3o", "creditos": 4.0, "tipo": "Obrigat\u00f3ria", "pre_requisitos": [], "codigo_departamento": 13040000.0, "codigo_disciplina": 1304294, "horas": 60.0}, {"semestre": 6.0, "pos_requisitos": [], "disciplina": "Sociologia da Educa\u00e7\u00e3o", "creditos": 4.0, "tipo": "Obrigat\u00f3ria", "pre_requisitos": [], "codigo_departamento": 13040000.0, "codigo_disciplina": 1304113, "horas": 60.0}, {"semestre": 6.0, "pos_requisitos": [1302270], "disciplina": "Projeto Musical II", "creditos": 2.0, "tipo": "Obrigat\u00f3ria", "pre_requisitos": [1302222], "codigo_departamento": 13020000.0, "codigo_disciplina": 1302237, "horas": 30.0}, {"semestre": 6.0, "pos_requisitos": [1302267], "disciplina": "Est\u00e1gio Curricular Supervisionado II", "creditos": 8.0, "tipo": "Obrigat\u00f3ria", "pre_requisitos": [1302233], "codigo_departamento": 13020000.0, "codigo_disciplina": 1302238, "horas": 120.0}, {"semestre": 6.0, "pos_requisitos": [], "disciplina": "Pr\u00e1tica de Conjunto II", "creditos": 2.0, "tipo": "Obrigat\u00f3ria", "pre_requisitos": [], "codigo_departamento": 13020000.0, "codigo_disciplina": 1302242, "horas": 30.0}, {"semestre": 6.0, "pos_requisitos": [], "disciplina": "T\u00e9cnica Vocal", "creditos": 2.0, "tipo": "Obrigat\u00f3ria", "pre_requisitos": [], "codigo_departamento": 13020000.0, "codigo_disciplina": 1302255, "horas": 30.0}, {"semestre": 7.0, "pos_requisitos": [], "disciplina": "Did\u00e1tica", "creditos": 4.0, "tipo": "Obrigat\u00f3ria", "pre_requisitos": [], "codigo_departamento": 13040000.0, "codigo_disciplina": 1304004, "horas": 60.0}, {"semestre": 7.0, "pos_requisitos": [1302293], "disciplina": "Est\u00e1gio Curricular Supervisionado III", "creditos": 8.0, "tipo": "Obrigat\u00f3ria", "pre_requisitos": [1302238], "codigo_departamento": 13020000.0, "codigo_disciplina": 1302267, "horas": 120.0}, {"semestre": 7.0, "pos_requisitos": [], "disciplina": "Educa\u00e7\u00e3o Musical Especial", "creditos": 4.0, "tipo": "Obrigat\u00f3ria", "pre_requisitos": [], "codigo_departamento": 13020000.0, "codigo_disciplina": 1302268, "horas": 60.0}, {"semestre": 7.0, "pos_requisitos": [], "disciplina": "Oficina de Const de Instrum Alternativos", "creditos": 4.0, "tipo": "Obrigat\u00f3ria", "pre_requisitos": [], "codigo_departamento": 13020000.0, "codigo_disciplina": 1302269, "horas": 60.0}, {"semestre": 7.0, "pos_requisitos": [1302294], "disciplina": "Projeto Musical III", "creditos": 2.0, "tipo": "Obrigat\u00f3ria", "pre_requisitos": [1302237], "codigo_departamento": 13020000.0, "codigo_disciplina": 1302270, "horas": 30.0}, {"semestre": 8.0, "pos_requisitos": [], "disciplina": "Est\u00e1gio Curricular Supervisionado IV", "creditos": 4.0, "tipo": "Complementar", "pre_requisitos": [1302267], "codigo_departamento": 13020000.0, "codigo_disciplina": 1302293, "horas": 60.0}, {"semestre": 8.0, "pos_requisitos": [], "disciplina": "Trabalho de Conclus\u00e3o de Curso", "creditos": 2.0, "tipo": "Complementar", "pre_requisitos": [1302270], "codigo_departamento": 13020000.0, "codigo_disciplina": 1302294, "horas": 30.0}, {"semestre": 8.0, "pos_requisitos": [], "disciplina": "Atividades Acad\u00eamico - Cient\u00edfico - Culturais", "creditos": 14.0, "tipo": "Complementar", "pre_requisitos": [], "codigo_departamento": 13020000.0, "codigo_disciplina": 1302313, "horas": 210.0}, {"semestre": 8.0, "pos_requisitos": [], "disciplina": "Psicologia da Adolescencia", "creditos": 4.0, "tipo": "Obrigat\u00f3ria", "pre_requisitos": [], "codigo_departamento": 13040000.0, "codigo_disciplina": 1304297, "horas": 60.0}]