[{"semestre": 1.0, "pos_requisitos": [], "disciplina": "Inform\u00e1tica Aplicada \u00e0 Sa\u00fade", "creditos": 2.0, "tipo": "Obrigat\u00f3ria", "pre_requisitos": [], "codigo_departamento": 51010000.0, "codigo_disciplina": 5101066, "horas": 30.0}, {"semestre": 1.0, "pos_requisitos": [5102073], "disciplina": "Anatomia Humana Basica", "creditos": 4.0, "tipo": "Obrigat\u00f3ria", "pre_requisitos": [], "codigo_departamento": 51020000.0, "codigo_disciplina": 5102020, "horas": 60.0}, {"semestre": 1.0, "pos_requisitos": [5102164], "disciplina": "M\u00e9todologia Cient\u00edfica Aplicada \u00e0 Sa\u00fade", "creditos": 2.0, "tipo": "Obrigat\u00f3ria", "pre_requisitos": [], "codigo_departamento": 51020000.0, "codigo_disciplina": 5102007, "horas": 30.0}, {"semestre": 1.0, "pos_requisitos": [], "disciplina": "Parasitologia Humana", "creditos": 4.0, "tipo": "Obrigat\u00f3ria", "pre_requisitos": [], "codigo_departamento": 51020000.0, "codigo_disciplina": 5102028, "horas": 60.0}, {"semestre": 1.0, "pos_requisitos": [5102038], "disciplina": "Citologia", "creditos": 2.0, "tipo": "Obrigat\u00f3ria", "pre_requisitos": [], "codigo_departamento": 51020000.0, "codigo_disciplina": 5102053, "horas": 30.0}, {"semestre": 1.0, "pos_requisitos": [5102070], "disciplina": "Qu\u00edmica de Biomol\u00e9cula", "creditos": 4.0, "tipo": "Obrigat\u00f3ria", "pre_requisitos": [], "codigo_departamento": 51020000.0, "codigo_disciplina": 5102054, "horas": 60.0}, {"semestre": 1.0, "pos_requisitos": [], "disciplina": "Introdu\u00e7\u00e3o a Nutri\u00e7\u00e3o", "creditos": 2.0, "tipo": "Obrigat\u00f3ria", "pre_requisitos": [], "codigo_departamento": 51020000.0, "codigo_disciplina": 5102055, "horas": 30.0}, {"semestre": 1.0, "pos_requisitos": [5102038, 5102148], "disciplina": "Embriologia e Histologia", "creditos": 4.0, "tipo": "Obrigat\u00f3ria", "pre_requisitos": [], "codigo_departamento": 51010000.0, "codigo_disciplina": 5101035, "horas": 60.0}, {"semestre": 2.0, "pos_requisitos": [5102108, 5102010], "disciplina": "Microbiologia e Imunologia", "creditos": 4.0, "tipo": "Obrigat\u00f3ria", "pre_requisitos": [5102053, 5101035], "codigo_departamento": 51020000.0, "codigo_disciplina": 5102038, "horas": 60.0}, {"semestre": 2.0, "pos_requisitos": [5102125], "disciplina": "Epidemiologia", "creditos": 2.0, "tipo": "Obrigat\u00f3ria", "pre_requisitos": [], "codigo_departamento": 51020000.0, "codigo_disciplina": 5102091, "horas": 30.0}, {"semestre": 2.0, "pos_requisitos": [5102133], "disciplina": "Sa\u00fade e Sociedade", "creditos": 2.0, "tipo": "Obrigat\u00f3ria", "pre_requisitos": [], "codigo_departamento": 51020000.0, "codigo_disciplina": 5102008, "horas": 30.0}, {"semestre": 2.0, "pos_requisitos": [], "disciplina": "Bioestatistica", "creditos": 2.0, "tipo": "Obrigat\u00f3ria", "pre_requisitos": [], "codigo_departamento": 51010000.0, "codigo_disciplina": 5101156, "horas": 30.0}, {"semestre": 2.0, "pos_requisitos": [], "disciplina": "Gen\u00e9tica", "creditos": 2.0, "tipo": "Obrigat\u00f3ria", "pre_requisitos": [], "codigo_departamento": 51010000.0, "codigo_disciplina": 5101160, "horas": 30.0}, {"semestre": 2.0, "pos_requisitos": [], "disciplina": "Bioqu\u00edmica", "creditos": 4.0, "tipo": "Obrigat\u00f3ria", "pre_requisitos": [5102054], "codigo_departamento": 51020000.0, "codigo_disciplina": 5102070, "horas": 60.0}, {"semestre": 2.0, "pos_requisitos": [5102010, 5102148], "disciplina": "Fisiologia Humana", "creditos": 4.0, "tipo": "Obrigat\u00f3ria", "pre_requisitos": [5102020], "codigo_departamento": 51020000.0, "codigo_disciplina": 5102073, "horas": 60.0}, {"semestre": 3.0, "pos_requisitos": [5102149], "disciplina": "Avalia\u00e7\u00e3o Nutricional", "creditos": 4.0, "tipo": "Obrigat\u00f3ria", "pre_requisitos": [], "codigo_departamento": 51020000.0, "codigo_disciplina": 5102107, "horas": 60.0}, {"semestre": 3.0, "pos_requisitos": [5102123, 5102098], "disciplina": "Microbiologia dos Alimentos", "creditos": 4.0, "tipo": "Obrigat\u00f3ria", "pre_requisitos": [5102038], "codigo_departamento": 51020000.0, "codigo_disciplina": 5102108, "horas": 60.0}, {"semestre": 3.0, "pos_requisitos": [5102136], "disciplina": "Antropologia da Nutri\u00e7\u00e3o", "creditos": 2.0, "tipo": "Obrigat\u00f3ria", "pre_requisitos": [], "codigo_departamento": 51020000.0, "codigo_disciplina": 5102110, "horas": 30.0}, {"semestre": 3.0, "pos_requisitos": [5102124, 5102135], "disciplina": "Patologia Geral", "creditos": 4.0, "tipo": "Obrigat\u00f3ria", "pre_requisitos": [5102038, 5102073], "codigo_departamento": 51020000.0, "codigo_disciplina": 5102010, "horas": 60.0}, {"semestre": 3.0, "pos_requisitos": [5102105, 5102106, 5102147], "disciplina": "Bioqu\u00edmica da Nutri\u00e7\u00e3o", "creditos": 4.0, "tipo": "Obrigat\u00f3ria", "pre_requisitos": [], "codigo_departamento": 51020000.0, "codigo_disciplina": 5102090, "horas": 60.0}, {"semestre": 3.0, "pos_requisitos": [5102109], "disciplina": "Bromatologia Geral", "creditos": 4.0, "tipo": "Obrigat\u00f3ria", "pre_requisitos": [], "codigo_departamento": 51020000.0, "codigo_disciplina": 5102049, "horas": 60.0}, {"semestre": 3.0, "pos_requisitos": [], "disciplina": "Psicologia e Sa\u00fade", "creditos": 2.0, "tipo": "Obrigat\u00f3ria", "pre_requisitos": [], "codigo_departamento": 51010000.0, "codigo_disciplina": 5101143, "horas": 30.0}, {"semestre": 4.0, "pos_requisitos": [5102121], "disciplina": "Nutri\u00e7\u00e3o e Ciclo de Vida I", "creditos": 4.0, "tipo": "Obrigat\u00f3ria", "pre_requisitos": [5102090], "codigo_departamento": 51020000.0, "codigo_disciplina": 5102105, "horas": 60.0}, {"semestre": 4.0, "pos_requisitos": [5102122, 5102165], "disciplina": "T\u00e9cnica Di\u00e9t\u00e9tica", "creditos": 4.0, "tipo": "Obrigat\u00f3ria", "pre_requisitos": [5102090], "codigo_departamento": 51020000.0, "codigo_disciplina": 5102106, "horas": 60.0}, {"semestre": 4.0, "pos_requisitos": [5102098], "disciplina": "Bioqu\u00edmica dos Alimentos", "creditos": 2.0, "tipo": "Obrigat\u00f3ria", "pre_requisitos": [5102049], "codigo_departamento": 51020000.0, "codigo_disciplina": 5102109, "horas": 30.0}, {"semestre": 4.0, "pos_requisitos": [5102134], "disciplina": "Higiene e Legislacao Sanitaria de Alimen", "creditos": 4.0, "tipo": "Obrigat\u00f3ria", "pre_requisitos": [5102108], "codigo_departamento": 51020000.0, "codigo_disciplina": 5102123, "horas": 60.0}, {"semestre": 4.0, "pos_requisitos": [5102151], "disciplina": "Fisiopatologia da Nutri\u00e7\u00e3o", "creditos": 4.0, "tipo": "Obrigat\u00f3ria", "pre_requisitos": [5102010], "codigo_departamento": 51020000.0, "codigo_disciplina": 5102124, "horas": 60.0}, {"semestre": 4.0, "pos_requisitos": [5102149], "disciplina": "Nutri\u00e7\u00e3o em Sa\u00fade Coletiva", "creditos": 4.0, "tipo": "Obrigat\u00f3ria", "pre_requisitos": [5102091], "codigo_departamento": 51020000.0, "codigo_disciplina": 5102125, "horas": 60.0}, {"semestre": 4.0, "pos_requisitos": [5102149], "disciplina": "Educa\u00e7\u00e3o Nutricional", "creditos": 4.0, "tipo": "Obrigat\u00f3ria", "pre_requisitos": [5102110], "codigo_departamento": 51020000.0, "codigo_disciplina": 5102136, "horas": 60.0}, {"semestre": 4.0, "pos_requisitos": [], "disciplina": "Fundamentos em Gest\u00e3o da Qualidade", "creditos": 2.0, "tipo": "Obrigat\u00f3ria", "pre_requisitos": [], "codigo_departamento": 51020000.0, "codigo_disciplina": 5102137, "horas": 30.0}, {"semestre": 5.0, "pos_requisitos": [], "disciplina": "Tecnologia de Alimentos", "creditos": 4.0, "tipo": "Obrigat\u00f3ria", "pre_requisitos": [5102108, 5102109], "codigo_departamento": 51020000.0, "codigo_disciplina": 5102098, "horas": 60.0}, {"semestre": 5.0, "pos_requisitos": [5102131], "disciplina": "Nutri\u00e7\u00e3o e Ciclo de Vida II", "creditos": 2.0, "tipo": "Obrigat\u00f3ria", "pre_requisitos": [5102105], "codigo_departamento": 51020000.0, "codigo_disciplina": 5102121, "horas": 30.0}, {"semestre": 5.0, "pos_requisitos": [5102132], "disciplina": "Diet\u00e9tica", "creditos": 2.0, "tipo": "Obrigat\u00f3ria", "pre_requisitos": [5102106], "codigo_departamento": 51020000.0, "codigo_disciplina": 5102122, "horas": 30.0}, {"semestre": 5.0, "pos_requisitos": [5102150], "disciplina": "Gest\u00e3o de Unid de Alimenta\u00e7\u00e3o Coletiva I", "creditos": 4.0, "tipo": "Obrigat\u00f3ria", "pre_requisitos": [5102123], "codigo_departamento": 51020000.0, "codigo_disciplina": 5102134, "horas": 60.0}, {"semestre": 5.0, "pos_requisitos": [5102148], "disciplina": "Farmacologia Aplicada a Nutri\u00e7\u00e3o", "creditos": 2.0, "tipo": "Obrigat\u00f3ria", "pre_requisitos": [5102010], "codigo_departamento": 51020000.0, "codigo_disciplina": 5102135, "horas": 30.0}, {"semestre": 5.0, "pos_requisitos": [], "disciplina": "Nutri\u00e7\u00e3o em Atividade F\u00edsica", "creditos": 2.0, "tipo": "Obrigat\u00f3ria", "pre_requisitos": [5102090], "codigo_departamento": 51020000.0, "codigo_disciplina": 5102147, "horas": 30.0}, {"semestre": 5.0, "pos_requisitos": [5102166], "disciplina": "Pr\u00e1tica em Sa\u00fade Coletiva", "creditos": 4.0, "tipo": "Obrigat\u00f3ria", "pre_requisitos": [5102125, 5102136, 5102107], "codigo_departamento": 51020000.0, "codigo_disciplina": 5102149, "horas": 60.0}, {"semestre": 5.0, "pos_requisitos": [5102168], "disciplina": "Dietoterapia I", "creditos": 4.0, "tipo": "Obrigat\u00f3ria", "pre_requisitos": [5102124], "codigo_departamento": 51020000.0, "codigo_disciplina": 5102151, "horas": 60.0}, {"semestre": 6.0, "pos_requisitos": [], "disciplina": "Nutri\u00e7\u00e3o Experimental", "creditos": 2.0, "tipo": "Obrigat\u00f3ria", "pre_requisitos": [5101035, 5102073, 5102135], "codigo_departamento": 51020000.0, "codigo_disciplina": 5102148, "horas": 30.0}, {"semestre": 6.0, "pos_requisitos": [], "disciplina": "Nutri\u00e7\u00e3o e Ciclo da Vida III", "creditos": 2.0, "tipo": "Obrigat\u00f3ria", "pre_requisitos": [5102121], "codigo_departamento": 51020000.0, "codigo_disciplina": 5102131, "horas": 30.0}, {"semestre": 6.0, "pos_requisitos": [], "disciplina": "An\u00e1lise Sensorial de Alimentos", "creditos": 2.0, "tipo": "Obrigat\u00f3ria", "pre_requisitos": [5102122], "codigo_departamento": 51020000.0, "codigo_disciplina": 5102132, "horas": 30.0}, {"semestre": 6.0, "pos_requisitos": [], "disciplina": "\u00c9tica, Bio\u00e9tica e Orient Profissional", "creditos": 2.0, "tipo": "Obrigat\u00f3ria", "pre_requisitos": [5102008], "codigo_departamento": 51020000.0, "codigo_disciplina": 5102133, "horas": 30.0}, {"semestre": 6.0, "pos_requisitos": [5102167], "disciplina": "Gest\u00e3o de Unid de Alimenta\u00e7\u00e3o Coletiva II", "creditos": 4.0, "tipo": "Obrigat\u00f3ria", "pre_requisitos": [5102134], "codigo_departamento": 51020000.0, "codigo_disciplina": 5102150, "horas": 60.0}, {"semestre": 6.0, "pos_requisitos": [5102180], "disciplina": "Projeto de Pesquisa em Nutri\u00e7\u00e3o", "creditos": 2.0, "tipo": "Obrigat\u00f3ria", "pre_requisitos": [5102007], "codigo_departamento": 51020000.0, "codigo_disciplina": 5102164, "horas": 30.0}, {"semestre": 6.0, "pos_requisitos": [], "disciplina": "Introdu\u00e7\u00e3o a Gastronomia", "creditos": 2.0, "tipo": "Obrigat\u00f3ria", "pre_requisitos": [5102106], "codigo_departamento": 51020000.0, "codigo_disciplina": 5102165, "horas": 30.0}, {"semestre": 6.0, "pos_requisitos": [], "disciplina": "Vigilancia Nutricional e Sa\u00fade Publica", "creditos": 4.0, "tipo": "Obrigat\u00f3ria", "pre_requisitos": [5102149], "codigo_departamento": 51020000.0, "codigo_disciplina": 5102166, "horas": 60.0}, {"semestre": 6.0, "pos_requisitos": [5102170], "disciplina": "Dietoterapia II", "creditos": 4.0, "tipo": "Obrigat\u00f3ria", "pre_requisitos": [5102151], "codigo_departamento": 51020000.0, "codigo_disciplina": 5102168, "horas": 60.0}, {"semestre": 7.0, "pos_requisitos": [], "disciplina": "Prat em Gest\u00e3o de Unid de Alim Coletiva", "creditos": 4.0, "tipo": "Obrigat\u00f3ria", "pre_requisitos": [5102150], "codigo_departamento": 51020000.0, "codigo_disciplina": 5102167, "horas": 60.0}, {"semestre": 7.0, "pos_requisitos": [], "disciplina": "Pr\u00e1tica em Nutri\u00e7\u00e3o Cl\u00ednica", "creditos": 6.0, "tipo": "Obrigat\u00f3ria", "pre_requisitos": [5102168], "codigo_departamento": 51020000.0, "codigo_disciplina": 5102170, "horas": 90.0}, {"semestre": 7.0, "pos_requisitos": [], "disciplina": "Estag Sup em Sa\u00fade Coletiva", "creditos": 15.0, "tipo": "Complementar", "pre_requisitos": [], "codigo_departamento": 51020000.0, "codigo_disciplina": 5102179, "horas": 225.0}, {"semestre": 8.0, "pos_requisitos": [], "disciplina": "Estag Sup em Unidades de Alim Coletiva", "creditos": 15.0, "tipo": "Complementar", "pre_requisitos": [], "codigo_departamento": 51020000.0, "codigo_disciplina": 5102171, "horas": 225.0}, {"semestre": 8.0, "pos_requisitos": [], "disciplina": "Est\u00e1gio Superv. em Nutri\u00e7\u00e3o Cl\u00ednica", "creditos": 15.0, "tipo": "Complementar", "pre_requisitos": [], "codigo_departamento": 51020000.0, "codigo_disciplina": 5102178, "horas": 225.0}, {"semestre": 8.0, "pos_requisitos": [], "disciplina": "Trabalho de Conclus\u00e3o de Curso", "creditos": 2.0, "tipo": "Complementar", "pre_requisitos": [5102164], "codigo_departamento": 51020000.0, "codigo_disciplina": 5102180, "horas": 30.0}]