[{"semestre": null, "pos_requisitos": [], "disciplina": "Atividades Complementares Flex\u00edveis", "creditos": 7.0, "tipo": "Complementar", "pre_requisitos": [], "codigo_departamento": 41050000.0, "codigo_disciplina": 4105116, "horas": 105.0}, {"semestre": 1.0, "pos_requisitos": [4105059], "disciplina": "Biologia Celular e Molecular", "creditos": 3.0, "tipo": "Obrigat\u00f3ria", "pre_requisitos": [], "codigo_departamento": 41050000.0, "codigo_disciplina": 4105008, "horas": 45.0}, {"semestre": 1.0, "pos_requisitos": [], "disciplina": "Anatomia Geral", "creditos": 6.0, "tipo": "Obrigat\u00f3ria", "pre_requisitos": [], "codigo_departamento": 41050000.0, "codigo_disciplina": 4105031, "horas": 90.0}, {"semestre": 1.0, "pos_requisitos": [4105051, 4105057], "disciplina": "Histologia Geral e Embriologia", "creditos": 6.0, "tipo": "Obrigat\u00f3ria", "pre_requisitos": [], "codigo_departamento": 41050000.0, "codigo_disciplina": 4105032, "horas": 90.0}, {"semestre": 1.0, "pos_requisitos": [], "disciplina": "Biof\u00edsica", "creditos": 3.0, "tipo": "Obrigat\u00f3ria", "pre_requisitos": [], "codigo_departamento": 41050000.0, "codigo_disciplina": 4105033, "horas": 45.0}, {"semestre": 1.0, "pos_requisitos": [], "disciplina": "Antropologia Cultural e Humana", "creditos": 3.0, "tipo": "Obrigat\u00f3ria", "pre_requisitos": [], "codigo_departamento": 41050000.0, "codigo_disciplina": 4105034, "horas": 45.0}, {"semestre": 1.0, "pos_requisitos": [], "disciplina": "Sa\u00fade Coletiva I", "creditos": 3.0, "tipo": "Obrigat\u00f3ria", "pre_requisitos": [], "codigo_departamento": 41050000.0, "codigo_disciplina": 4105035, "horas": 45.0}, {"semestre": 1.0, "pos_requisitos": [], "disciplina": "Psicologia Aplicada a Odontologia", "creditos": 3.0, "tipo": "Obrigat\u00f3ria", "pre_requisitos": [], "codigo_departamento": 41050000.0, "codigo_disciplina": 4105036, "horas": 45.0}, {"semestre": 2.0, "pos_requisitos": [4105058], "disciplina": "Anatomia Topogr\u00e1fica (Cabeca e Pescoco)", "creditos": 6.0, "tipo": "Obrigat\u00f3ria", "pre_requisitos": [], "codigo_departamento": 41050000.0, "codigo_disciplina": 4105041, "horas": 90.0}, {"semestre": 2.0, "pos_requisitos": [4105063], "disciplina": "Fisiologia Humana", "creditos": 3.0, "tipo": "Obrigat\u00f3ria", "pre_requisitos": [], "codigo_departamento": 41050000.0, "codigo_disciplina": 4105042, "horas": 45.0}, {"semestre": 2.0, "pos_requisitos": [4105053, 4105063], "disciplina": "Bioqu\u00edmica Geral", "creditos": 4.0, "tipo": "Obrigat\u00f3ria", "pre_requisitos": [], "codigo_departamento": 41050000.0, "codigo_disciplina": 4105043, "horas": 60.0}, {"semestre": 2.0, "pos_requisitos": [], "disciplina": "Hist. e Emb. Odontologica e de Sistemas", "creditos": 6.0, "tipo": "Obrigat\u00f3ria", "pre_requisitos": [], "codigo_departamento": 41050000.0, "codigo_disciplina": 4105044, "horas": 90.0}, {"semestre": 2.0, "pos_requisitos": [4105054], "disciplina": "Microbiologia", "creditos": 4.0, "tipo": "Obrigat\u00f3ria", "pre_requisitos": [], "codigo_departamento": 41050000.0, "codigo_disciplina": 4105045, "horas": 60.0}, {"semestre": 2.0, "pos_requisitos": [4105046], "disciplina": "Sa\u00fade Coletiva II", "creditos": 3.0, "tipo": "Obrigat\u00f3ria", "pre_requisitos": [], "codigo_departamento": 41050000.0, "codigo_disciplina": 4105047, "horas": 45.0}, {"semestre": 3.0, "pos_requisitos": [4105064], "disciplina": "Patologia Geral", "creditos": 4.0, "tipo": "Obrigat\u00f3ria", "pre_requisitos": [4105032], "codigo_departamento": 41050000.0, "codigo_disciplina": 4105057, "horas": 60.0}, {"semestre": 3.0, "pos_requisitos": [4105073], "disciplina": "Epidemiologia Odontologica", "creditos": 4.0, "tipo": "Obrigat\u00f3ria", "pre_requisitos": [4105047], "codigo_departamento": 41050000.0, "codigo_disciplina": 4105046, "horas": 60.0}, {"semestre": 3.0, "pos_requisitos": [], "disciplina": "Parasitologia", "creditos": 2.0, "tipo": "Obrigat\u00f3ria", "pre_requisitos": [4105032], "codigo_departamento": 41050000.0, "codigo_disciplina": 4105051, "horas": 30.0}, {"semestre": 3.0, "pos_requisitos": [4105066], "disciplina": "Farmacologia Geral", "creditos": 3.0, "tipo": "Obrigat\u00f3ria", "pre_requisitos": [4105043], "codigo_departamento": 41050000.0, "codigo_disciplina": 4105053, "horas": 45.0}, {"semestre": 3.0, "pos_requisitos": [], "disciplina": "Microbiologia Bucal", "creditos": 3.0, "tipo": "Obrigat\u00f3ria", "pre_requisitos": [4105045], "codigo_departamento": 41050000.0, "codigo_disciplina": 4105054, "horas": 45.0}, {"semestre": 3.0, "pos_requisitos": [4105062], "disciplina": "Pr\u00e9 - Cl\u00ednica Multidisciplinar I", "creditos": 4.0, "tipo": "Obrigat\u00f3ria", "pre_requisitos": [], "codigo_departamento": 41050000.0, "codigo_disciplina": 4105056, "horas": 60.0}, {"semestre": 3.0, "pos_requisitos": [], "disciplina": "M\u00e9todologia Cient\u00edfica e Tecnol\u00f3gica", "creditos": 2.0, "tipo": "Obrigat\u00f3ria", "pre_requisitos": [], "codigo_departamento": 41020000.0, "codigo_disciplina": 4102160, "horas": 30.0}, {"semestre": 3.0, "pos_requisitos": [4105064], "disciplina": "Propedeutica Estomatologica I", "creditos": 4.0, "tipo": "Obrigat\u00f3ria", "pre_requisitos": [4105041], "codigo_departamento": 41050000.0, "codigo_disciplina": 4105058, "horas": 60.0}, {"semestre": 3.0, "pos_requisitos": [], "disciplina": "Gen\u00e9tica e Evolucao", "creditos": 2.0, "tipo": "Obrigat\u00f3ria", "pre_requisitos": [4105008], "codigo_departamento": 41050000.0, "codigo_disciplina": 4105059, "horas": 30.0}, {"semestre": 4.0, "pos_requisitos": [4105072, 4105087], "disciplina": "Pr\u00e9 - Cl\u00ednica Multidisciplinar II", "creditos": 6.0, "tipo": "Obrigat\u00f3ria", "pre_requisitos": [4105056], "codigo_departamento": 41050000.0, "codigo_disciplina": 4105062, "horas": 90.0}, {"semestre": 4.0, "pos_requisitos": [], "disciplina": "Bioqu\u00edmica e Fisiologia Bucal", "creditos": 3.0, "tipo": "Obrigat\u00f3ria", "pre_requisitos": [4105042, 4105043], "codigo_departamento": 41050000.0, "codigo_disciplina": 4105063, "horas": 45.0}, {"semestre": 4.0, "pos_requisitos": [4105076], "disciplina": "Propedeutica Estomatologica II", "creditos": 8.0, "tipo": "Obrigat\u00f3ria", "pre_requisitos": [4105057, 4105058], "codigo_departamento": 41050000.0, "codigo_disciplina": 4105064, "horas": 120.0}, {"semestre": 4.0, "pos_requisitos": [4105087], "disciplina": "Materiais Dentarios", "creditos": 5.0, "tipo": "Obrigat\u00f3ria", "pre_requisitos": [], "codigo_departamento": 41050000.0, "codigo_disciplina": 4105065, "horas": 75.0}, {"semestre": 4.0, "pos_requisitos": [], "disciplina": "Terapeutica e Anestesiologia", "creditos": 4.0, "tipo": "Obrigat\u00f3ria", "pre_requisitos": [4105053], "codigo_departamento": 41050000.0, "codigo_disciplina": 4105066, "horas": 60.0}, {"semestre": 5.0, "pos_requisitos": [4105086], "disciplina": "Pr\u00e9 - Cl\u00ednica Multidisciplinar III", "creditos": 10.0, "tipo": "Obrigat\u00f3ria", "pre_requisitos": [4105062], "codigo_departamento": 41050000.0, "codigo_disciplina": 4105072, "horas": 150.0}, {"semestre": 5.0, "pos_requisitos": [4105088], "disciplina": "Est\u00e1gio Sup em Sist P\u00fablico de Sa\u00fade I", "creditos": 4.0, "tipo": "Obrigat\u00f3ria", "pre_requisitos": [4105046], "codigo_departamento": 41050000.0, "codigo_disciplina": 4105073, "horas": 60.0}, {"semestre": 5.0, "pos_requisitos": [], "disciplina": "Odontologia Legal e Deontologia", "creditos": 2.0, "tipo": "Obrigat\u00f3ria", "pre_requisitos": [], "codigo_departamento": 41050000.0, "codigo_disciplina": 4105074, "horas": 30.0}, {"semestre": 5.0, "pos_requisitos": [], "disciplina": "\u00c9tica e Legislacao Odontologia", "creditos": 2.0, "tipo": "Obrigat\u00f3ria", "pre_requisitos": [], "codigo_departamento": 41050000.0, "codigo_disciplina": 4105075, "horas": 30.0}, {"semestre": 5.0, "pos_requisitos": [4105089], "disciplina": "Propedeutica Estomatologica III", "creditos": 4.0, "tipo": "Obrigat\u00f3ria", "pre_requisitos": [4105064], "codigo_departamento": 41050000.0, "codigo_disciplina": 4105076, "horas": 60.0}, {"semestre": 5.0, "pos_requisitos": [], "disciplina": "Ingl\u00eas Instrumental", "creditos": 2.0, "tipo": "Obrigat\u00f3ria", "pre_requisitos": [], "codigo_departamento": 41050000.0, "codigo_disciplina": 4105077, "horas": 30.0}, {"semestre": 6.0, "pos_requisitos": [4105108], "disciplina": "Est\u00e1gio Superv em Sist Pub de Sa\u00fade II", "creditos": 6.0, "tipo": "Obrigat\u00f3ria", "pre_requisitos": [4105073], "codigo_departamento": 41050000.0, "codigo_disciplina": 4105088, "horas": 90.0}, {"semestre": 6.0, "pos_requisitos": [4105095], "disciplina": "Propedeutica Estomatologica IV", "creditos": 4.0, "tipo": "Obrigat\u00f3ria", "pre_requisitos": [4105076], "codigo_departamento": 41050000.0, "codigo_disciplina": 4105089, "horas": 60.0}, {"semestre": 6.0, "pos_requisitos": [4105094, 4105092, 4105095], "disciplina": "Cl\u00ednica Multidisciplinar I", "creditos": 8.0, "tipo": "Obrigat\u00f3ria", "pre_requisitos": [4105072], "codigo_departamento": 41050000.0, "codigo_disciplina": 4105086, "horas": 120.0}, {"semestre": 6.0, "pos_requisitos": [4105092, 4105093], "disciplina": "Pr\u00e9 - Cl\u00ednica Multidisciplinar IV", "creditos": 8.0, "tipo": "Obrigat\u00f3ria", "pre_requisitos": [4105062, 4105065], "codigo_departamento": 41050000.0, "codigo_disciplina": 4105087, "horas": 120.0}, {"semestre": 7.0, "pos_requisitos": [4105097, 4105099, 4105104], "disciplina": "Cl\u00ednica Multidisciplinar II", "creditos": 6.0, "tipo": "Obrigat\u00f3ria", "pre_requisitos": [4105086, 4105087], "codigo_departamento": 41050000.0, "codigo_disciplina": 4105092, "horas": 90.0}, {"semestre": 7.0, "pos_requisitos": [4105105], "disciplina": "Pr\u00e9 - Cl\u00ednica Multidisciplinar V", "creditos": 8.0, "tipo": "Obrigat\u00f3ria", "pre_requisitos": [4105087], "codigo_departamento": 41050000.0, "codigo_disciplina": 4105093, "horas": 120.0}, {"semestre": 7.0, "pos_requisitos": [4105098], "disciplina": "Cl\u00ednica Infantil I", "creditos": 6.0, "tipo": "Obrigat\u00f3ria", "pre_requisitos": [4105086], "codigo_departamento": 41050000.0, "codigo_disciplina": 4105094, "horas": 90.0}, {"semestre": 7.0, "pos_requisitos": [4105099], "disciplina": "Est. Sup. em Cl\u00edn. Multidisciplinar I", "creditos": 6.0, "tipo": "Obrigat\u00f3ria", "pre_requisitos": [4105086, 4105089], "codigo_departamento": 41050000.0, "codigo_disciplina": 4105095, "horas": 90.0}, {"semestre": 8.0, "pos_requisitos": [4105106, 4105109], "disciplina": "Cl\u00ednica Multidisciplinar III", "creditos": 8.0, "tipo": "Obrigat\u00f3ria", "pre_requisitos": [4105092], "codigo_departamento": 41050000.0, "codigo_disciplina": 4105097, "horas": 120.0}, {"semestre": 8.0, "pos_requisitos": [], "disciplina": "Cl\u00ednica Infantil II", "creditos": 8.0, "tipo": "Obrigat\u00f3ria", "pre_requisitos": [4105094], "codigo_departamento": 41050000.0, "codigo_disciplina": 4105098, "horas": 120.0}, {"semestre": 8.0, "pos_requisitos": [4105105, 4105106], "disciplina": "Est. Sup. em Cl\u00edn. Multidisciplinar II", "creditos": 8.0, "tipo": "Obrigat\u00f3ria", "pre_requisitos": [4105092, 4105095], "codigo_departamento": 41050000.0, "codigo_disciplina": 4105099, "horas": 120.0}, {"semestre": 9.0, "pos_requisitos": [], "disciplina": "Traumat e Recosnt Buco - Maxilo - Facial", "creditos": 4.0, "tipo": "Obrigat\u00f3ria", "pre_requisitos": [4105092], "codigo_departamento": 41050000.0, "codigo_disciplina": 4105104, "horas": 60.0}, {"semestre": 9.0, "pos_requisitos": [4105113], "disciplina": "Est. Sup. em Cl\u00edn. Multidisciplinar III", "creditos": 6.0, "tipo": "Obrigat\u00f3ria", "pre_requisitos": [4105093, 4105099], "codigo_departamento": 41050000.0, "codigo_disciplina": 4105105, "horas": 90.0}, {"semestre": 9.0, "pos_requisitos": [4105114], "disciplina": "Est. Sup. em Cl\u00edn. Multidisciplinar IV", "creditos": 6.0, "tipo": "Obrigat\u00f3ria", "pre_requisitos": [4105097, 4105099], "codigo_departamento": 41050000.0, "codigo_disciplina": 4105106, "horas": 90.0}, {"semestre": 9.0, "pos_requisitos": [4105115], "disciplina": "Elab do Proj do Trab de Conc de Curso", "creditos": 2.0, "tipo": "Obrigat\u00f3ria", "pre_requisitos": [], "codigo_departamento": 41050000.0, "codigo_disciplina": 4105107, "horas": 30.0}, {"semestre": 9.0, "pos_requisitos": [4105112], "disciplina": "Est\u00e1gio Sup em Sist P\u00fablico de Sa\u00fade III", "creditos": 4.0, "tipo": "Obrigat\u00f3ria", "pre_requisitos": [4105088], "codigo_departamento": 41050000.0, "codigo_disciplina": 4105108, "horas": 60.0}, {"semestre": 9.0, "pos_requisitos": [4105112, 4105114], "disciplina": "Odontogeriatria", "creditos": 2.0, "tipo": "Obrigat\u00f3ria", "pre_requisitos": [4105097], "codigo_departamento": 41050000.0, "codigo_disciplina": 4105109, "horas": 30.0}, {"semestre": 10.0, "pos_requisitos": [], "disciplina": "Orientacao Profissional", "creditos": 2.0, "tipo": "Obrigat\u00f3ria", "pre_requisitos": [], "codigo_departamento": 41050000.0, "codigo_disciplina": 4105111, "horas": 30.0}, {"semestre": 10.0, "pos_requisitos": [], "disciplina": "Cl\u00ednica Odontol\u00f3gica (Extra - Muros)", "creditos": 4.0, "tipo": "Obrigat\u00f3ria", "pre_requisitos": [4105109, 4105108], "codigo_departamento": 41050000.0, "codigo_disciplina": 4105112, "horas": 60.0}, {"semestre": 10.0, "pos_requisitos": [], "disciplina": "Est. Sup. em Cl\u00edn. Multidisciplinar V", "creditos": 8.0, "tipo": "Obrigat\u00f3ria", "pre_requisitos": [4105105], "codigo_departamento": 41050000.0, "codigo_disciplina": 4105113, "horas": 120.0}, {"semestre": 10.0, "pos_requisitos": [], "disciplina": "Est. Sup. em Cl\u00edn. Multidisciplinar VI", "creditos": 6.0, "tipo": "Obrigat\u00f3ria", "pre_requisitos": [4105109, 4105106], "codigo_departamento": 41050000.0, "codigo_disciplina": 4105114, "horas": 90.0}, {"semestre": 10.0, "pos_requisitos": [], "disciplina": "Trabalho de Conclus\u00e3o de Curso", "creditos": 2.0, "tipo": "Obrigat\u00f3ria", "pre_requisitos": [4105107], "codigo_departamento": 41050000.0, "codigo_disciplina": 4105115, "horas": 30.0}]