[{"semestre": null, "pos_requisitos": [], "disciplina": "Conteudos Complementares Flexiveis", "creditos": 8.0, "tipo": "Complementar", "pre_requisitos": [], "codigo_departamento": 13040000.0, "codigo_disciplina": 1304256, "horas": 120.0}, {"semestre": 1.0, "pos_requisitos": [1304213], "disciplina": "Introdu\u00e7\u00e3o \u00e0 Filosofia", "creditos": 4.0, "tipo": "Obrigat\u00f3ria", "pre_requisitos": [], "codigo_departamento": 13040000.0, "codigo_disciplina": 1304209, "horas": 60.0}, {"semestre": 1.0, "pos_requisitos": [], "disciplina": "Fundamentos Econ\u00f4micos da Educa\u00e7\u00e3o", "creditos": 3.0, "tipo": "Obrigat\u00f3ria", "pre_requisitos": [], "codigo_departamento": 13040000.0, "codigo_disciplina": 1304211, "horas": 45.0}, {"semestre": 1.0, "pos_requisitos": [1304218], "disciplina": "Leitura e Produ\u00e7\u00e3o Textual", "creditos": 3.0, "tipo": "Complementar", "pre_requisitos": [], "codigo_departamento": 13040000.0, "codigo_disciplina": 1304220, "horas": 45.0}, {"semestre": 1.0, "pos_requisitos": [], "disciplina": "Cultura e Educa\u00e7\u00e3o", "creditos": 4.0, "tipo": "Complementar", "pre_requisitos": [], "codigo_departamento": 13050000.0, "codigo_disciplina": 1305283, "horas": 60.0}, {"semestre": 1.0, "pos_requisitos": [1304214], "disciplina": "Introdu\u00e7\u00e3o a Sociologia", "creditos": 4.0, "tipo": "Obrigat\u00f3ria", "pre_requisitos": [], "codigo_departamento": 13040000.0, "codigo_disciplina": 1304157, "horas": 60.0}, {"semestre": 2.0, "pos_requisitos": [1304217], "disciplina": "Fundamentos Hist\u00f3ricos da Educa\u00e7\u00e3o I", "creditos": 3.0, "tipo": "Obrigat\u00f3ria", "pre_requisitos": [], "codigo_departamento": 13040000.0, "codigo_disciplina": 1304212, "horas": 45.0}, {"semestre": 2.0, "pos_requisitos": [1304238], "disciplina": "Fundamentos Filos\u00f3ficos da Educa\u00e7\u00e3o", "creditos": 4.0, "tipo": "Obrigat\u00f3ria", "pre_requisitos": [1304209], "codigo_departamento": 13040000.0, "codigo_disciplina": 1304213, "horas": 60.0}, {"semestre": 2.0, "pos_requisitos": [], "disciplina": "Fundamentos Sociologicos da Educa\u00e7\u00e3o", "creditos": 4.0, "tipo": "Obrigat\u00f3ria", "pre_requisitos": [1304157], "codigo_departamento": 13040000.0, "codigo_disciplina": 1304214, "horas": 60.0}, {"semestre": 2.0, "pos_requisitos": [1304251], "disciplina": "An\u00e1lise e Produ\u00e7\u00e3o de Textos Acad\u00eamicos", "creditos": 4.0, "tipo": "Complementar", "pre_requisitos": [1304220], "codigo_departamento": 13040000.0, "codigo_disciplina": 1304218, "horas": 60.0}, {"semestre": 2.0, "pos_requisitos": [1304236], "disciplina": "Corpo, Brinquedo e Educa\u00e7\u00e3o", "creditos": 3.0, "tipo": "Complementar", "pre_requisitos": [], "codigo_departamento": 13040000.0, "codigo_disciplina": 1304219, "horas": 45.0}, {"semestre": 3.0, "pos_requisitos": [1304215], "disciplina": "Introdu\u00e7\u00e3o \u00e0 Psicologia da Educa\u00e7\u00e3o", "creditos": 4.0, "tipo": "Obrigat\u00f3ria", "pre_requisitos": [], "codigo_departamento": 13040000.0, "codigo_disciplina": 1304210, "horas": 60.0}, {"semestre": 3.0, "pos_requisitos": [1304249], "disciplina": "Fundamentos Pol\u00edticos da Educa\u00e7\u00e3o", "creditos": 2.0, "tipo": "Obrigat\u00f3ria", "pre_requisitos": [], "codigo_departamento": 13040000.0, "codigo_disciplina": 1304216, "horas": 30.0}, {"semestre": 3.0, "pos_requisitos": [1304238], "disciplina": "Fundamentos Hist\u00f3ricos da Educa\u00e7\u00e3o II", "creditos": 4.0, "tipo": "Obrigat\u00f3ria", "pre_requisitos": [1304212], "codigo_departamento": 13040000.0, "codigo_disciplina": 1304217, "horas": 60.0}, {"semestre": 3.0, "pos_requisitos": [1304232], "disciplina": "Fundamentos Lingu\u00edsticos", "creditos": 4.0, "tipo": "Obrigat\u00f3ria", "pre_requisitos": [], "codigo_departamento": 13040000.0, "codigo_disciplina": 1304231, "horas": 60.0}, {"semestre": 3.0, "pos_requisitos": [1304252], "disciplina": "Did\u00e1tica", "creditos": 4.0, "tipo": "Obrigat\u00f3ria", "pre_requisitos": [], "codigo_departamento": 13040000.0, "codigo_disciplina": 1304004, "horas": 60.0}, {"semestre": 4.0, "pos_requisitos": [1304222], "disciplina": "Fundamentos Psicol\u00f3gicos da Educa\u00e7\u00e3o I", "creditos": 4.0, "tipo": "Obrigat\u00f3ria", "pre_requisitos": [1304210], "codigo_departamento": 13040000.0, "codigo_disciplina": 1304215, "horas": 60.0}, {"semestre": 4.0, "pos_requisitos": [1304223], "disciplina": "Matem\u00e1tica Elementar", "creditos": 4.0, "tipo": "Obrigat\u00f3ria", "pre_requisitos": [], "codigo_departamento": 13040000.0, "codigo_disciplina": 1304221, "horas": 60.0}, {"semestre": 4.0, "pos_requisitos": [1304233], "disciplina": "Aquisi\u00e7\u00e3o e Desenvolvimento da L\u00ednguagem", "creditos": 4.0, "tipo": "Obrigat\u00f3ria", "pre_requisitos": [1304231], "codigo_departamento": 13040000.0, "codigo_disciplina": 1304232, "horas": 60.0}, {"semestre": 4.0, "pos_requisitos": [1304240], "disciplina": "Pol\u00edtica e Gest\u00e3o Educacional", "creditos": 3.0, "tipo": "Complementar", "pre_requisitos": [1304216], "codigo_departamento": 13040000.0, "codigo_disciplina": 1304249, "horas": 45.0}, {"semestre": 4.0, "pos_requisitos": [1304253], "disciplina": "Introdu\u00e7\u00e3o a Pesquisa Educacional", "creditos": 4.0, "tipo": "Complementar", "pre_requisitos": [1304218], "codigo_departamento": 13040000.0, "codigo_disciplina": 1304251, "horas": 60.0}, {"semestre": 5.0, "pos_requisitos": [], "disciplina": "Fundamentos Psicol\u00f3gicos da Educa\u00e7\u00e3o II", "creditos": 4.0, "tipo": "Obrigat\u00f3ria", "pre_requisitos": [1304215], "codigo_departamento": 13040000.0, "codigo_disciplina": 1304222, "horas": 60.0}, {"semestre": 5.0, "pos_requisitos": [1304224], "disciplina": "Matem\u00e1tica I E. Inf. e Anos In E. Fund.", "creditos": 4.0, "tipo": "Obrigat\u00f3ria", "pre_requisitos": [1304221], "codigo_departamento": 13040000.0, "codigo_disciplina": 1304223, "horas": 60.0}, {"semestre": 5.0, "pos_requisitos": [1304234], "disciplina": "Processos de Alfabetizacao e Letramento", "creditos": 4.0, "tipo": "Obrigat\u00f3ria", "pre_requisitos": [1304232], "codigo_departamento": 13040000.0, "codigo_disciplina": 1304233, "horas": 60.0}, {"semestre": 5.0, "pos_requisitos": [], "disciplina": "Ed. F\u00edsica Ed. Inf. Anos Ini. Ens. Fund.", "creditos": 2.0, "tipo": "Obrigat\u00f3ria", "pre_requisitos": [1304219], "codigo_departamento": 13040000.0, "codigo_disciplina": 1304236, "horas": 30.0}, {"semestre": 5.0, "pos_requisitos": [], "disciplina": "Avalia\u00e7\u00e3o dos Processos Educacionais", "creditos": 3.0, "tipo": "Complementar", "pre_requisitos": [1304004], "codigo_departamento": 13040000.0, "codigo_disciplina": 1304252, "horas": 45.0}, {"semestre": 5.0, "pos_requisitos": [1304240], "disciplina": "Pesquisa Educacional I", "creditos": 3.0, "tipo": "Complementar", "pre_requisitos": [1304251], "codigo_departamento": 13040000.0, "codigo_disciplina": 1304253, "horas": 45.0}, {"semestre": 6.0, "pos_requisitos": [], "disciplina": "Matem\u00e1tica II E. Inf. e Anos In E. Fund.", "creditos": 4.0, "tipo": "Obrigat\u00f3ria", "pre_requisitos": [1304223], "codigo_departamento": 13040000.0, "codigo_disciplina": 1304224, "horas": 60.0}, {"semestre": 6.0, "pos_requisitos": [1304226], "disciplina": "Ci\u00eancias I E. Inf. e Anos In. E. Fund.", "creditos": 4.0, "tipo": "Obrigat\u00f3ria", "pre_requisitos": [], "codigo_departamento": 13040000.0, "codigo_disciplina": 1304225, "horas": 60.0}, {"semestre": 6.0, "pos_requisitos": [1304229], "disciplina": "Hist\u00f3ria I Ed. Inf. e An. In. En. Fund.", "creditos": 4.0, "tipo": "Obrigat\u00f3ria", "pre_requisitos": [], "codigo_departamento": 13040000.0, "codigo_disciplina": 1304227, "horas": 60.0}, {"semestre": 6.0, "pos_requisitos": [1304235, 1304255], "disciplina": "L\u00edngua Mat I Edu Inf Anos Inic Ens Fund", "creditos": 4.0, "tipo": "Obrigat\u00f3ria", "pre_requisitos": [1304233], "codigo_departamento": 13040000.0, "codigo_disciplina": 1304234, "horas": 60.0}, {"semestre": 6.0, "pos_requisitos": [1304254, 1304241], "disciplina": "Est\u00e1gio Supervisionado I", "creditos": 4.0, "tipo": "Obrigat\u00f3ria", "pre_requisitos": [1304249, 1304253], "codigo_departamento": 13040000.0, "codigo_disciplina": 1304240, "horas": 60.0}, {"semestre": 6.0, "pos_requisitos": [1304245], "disciplina": "Semin\u00e1rio em Educa\u00e7\u00e3o I", "creditos": 3.0, "tipo": "Obrigat\u00f3ria", "pre_requisitos": [], "codigo_departamento": 13040000.0, "codigo_disciplina": 1304244, "horas": 45.0}, {"semestre": 7.0, "pos_requisitos": [], "disciplina": "Ci\u00eancias II E. Inf. e Anos In. E. Fund.", "creditos": 4.0, "tipo": "Obrigat\u00f3ria", "pre_requisitos": [1304225], "codigo_departamento": 13040000.0, "codigo_disciplina": 1304226, "horas": 60.0}, {"semestre": 7.0, "pos_requisitos": [1304230], "disciplina": "Geografia I Ed Inf e Anos Inic Ens Fund", "creditos": 4.0, "tipo": "Obrigat\u00f3ria", "pre_requisitos": [], "codigo_departamento": 13040000.0, "codigo_disciplina": 1304228, "horas": 60.0}, {"semestre": 7.0, "pos_requisitos": [], "disciplina": "Hist\u00f3ria II Ed. Inf. e An. In. En. Fund.", "creditos": 4.0, "tipo": "Obrigat\u00f3ria", "pre_requisitos": [1304227], "codigo_departamento": 13040000.0, "codigo_disciplina": 1304229, "horas": 60.0}, {"semestre": 7.0, "pos_requisitos": [], "disciplina": "L\u00edngua Mat II Edu Inf Anos Inic Ens Fund", "creditos": 4.0, "tipo": "Obrigat\u00f3ria", "pre_requisitos": [1304234], "codigo_departamento": 13040000.0, "codigo_disciplina": 1304235, "horas": 60.0}, {"semestre": 7.0, "pos_requisitos": [], "disciplina": "Fundamentos da Educa\u00e7\u00e3o Infantil", "creditos": 4.0, "tipo": "Obrigat\u00f3ria", "pre_requisitos": [1304217, 1304213], "codigo_departamento": 13040000.0, "codigo_disciplina": 1304238, "horas": 60.0}, {"semestre": 8.0, "pos_requisitos": [], "disciplina": "Geografia II Ed Inf e Anos Inic Ens Fund", "creditos": 4.0, "tipo": "Obrigat\u00f3ria", "pre_requisitos": [1304228], "codigo_departamento": 13040000.0, "codigo_disciplina": 1304230, "horas": 60.0}, {"semestre": 8.0, "pos_requisitos": [1304246], "disciplina": "Semin\u00e1rio em Educa\u00e7\u00e3o II", "creditos": 2.0, "tipo": "Obrigat\u00f3ria", "pre_requisitos": [1304244], "codigo_departamento": 13040000.0, "codigo_disciplina": 1304245, "horas": 30.0}, {"semestre": 8.0, "pos_requisitos": [], "disciplina": "Educa\u00e7\u00e3o de Jovens e Adultos", "creditos": 3.0, "tipo": "Complementar", "pre_requisitos": [], "codigo_departamento": 13040000.0, "codigo_disciplina": 1304250, "horas": 45.0}, {"semestre": 8.0, "pos_requisitos": [1304241], "disciplina": "Pesquisa Educacional II", "creditos": 3.0, "tipo": "Complementar", "pre_requisitos": [1304240], "codigo_departamento": 13040000.0, "codigo_disciplina": 1304254, "horas": 45.0}, {"semestre": 8.0, "pos_requisitos": [], "disciplina": "Literatura Infantil", "creditos": 4.0, "tipo": "Complementar", "pre_requisitos": [], "codigo_departamento": 13070000.0, "codigo_disciplina": 1304291, "horas": 60.0}, {"semestre": 9.0, "pos_requisitos": [], "disciplina": "Arte na Educ Inf e Anos Inic do Ens Fund", "creditos": 4.0, "tipo": "Obrigat\u00f3ria", "pre_requisitos": [], "codigo_departamento": 13040000.0, "codigo_disciplina": 1304237, "horas": 60.0}, {"semestre": 9.0, "pos_requisitos": [], "disciplina": "Educa\u00e7\u00e3o Especial", "creditos": 4.0, "tipo": "Obrigat\u00f3ria", "pre_requisitos": [], "codigo_departamento": 13040000.0, "codigo_disciplina": 1304239, "horas": 60.0}, {"semestre": 9.0, "pos_requisitos": [1304242], "disciplina": "Est\u00e1gio Supervisionado II", "creditos": 10.0, "tipo": "Obrigat\u00f3ria", "pre_requisitos": [1304240, 1304254], "codigo_departamento": 13040000.0, "codigo_disciplina": 1304241, "horas": 150.0}, {"semestre": 9.0, "pos_requisitos": [1304247], "disciplina": "Semin\u00e1rio em Educa\u00e7\u00e3o III", "creditos": 2.0, "tipo": "Obrigat\u00f3ria", "pre_requisitos": [1304245], "codigo_departamento": 13040000.0, "codigo_disciplina": 1304246, "horas": 30.0}, {"semestre": 9.0, "pos_requisitos": [], "disciplina": "Teorias do Curriculo", "creditos": 3.0, "tipo": "Complementar", "pre_requisitos": [], "codigo_departamento": 13040000.0, "codigo_disciplina": 1304248, "horas": 45.0}, {"semestre": 9.0, "pos_requisitos": [], "disciplina": "Ensino de L\u00edngua Port na Educ de Surdos", "creditos": 3.0, "tipo": "Complementar", "pre_requisitos": [1304234], "codigo_departamento": 13040000.0, "codigo_disciplina": 1304255, "horas": 45.0}, {"semestre": 10.0, "pos_requisitos": [], "disciplina": "Est\u00e1gio Supervisionado III", "creditos": 10.0, "tipo": "Obrigat\u00f3ria", "pre_requisitos": [1304241], "codigo_departamento": 13040000.0, "codigo_disciplina": 1304242, "horas": 150.0}, {"semestre": 10.0, "pos_requisitos": [], "disciplina": "Trabalho de Conclus\u00e3o de Curso", "creditos": null, "tipo": "Obrigat\u00f3ria", "pre_requisitos": [], "codigo_departamento": 13040000.0, "codigo_disciplina": 1304243, "horas": null}, {"semestre": 10.0, "pos_requisitos": [], "disciplina": "Semin\u00e1rio em Educa\u00e7\u00e3o IV", "creditos": 2.0, "tipo": "Obrigat\u00f3ria", "pre_requisitos": [1304246], "codigo_departamento": 13040000.0, "codigo_disciplina": 1304247, "horas": 30.0}]