[{"semestre": null, "pos_requisitos": [], "disciplina": "Enade/Concluinte", "creditos": null, "tipo": "Complementar", "pre_requisitos": [], "codigo_departamento": 13050000.0, "codigo_disciplina": 1305253, "horas": null}, {"semestre": null, "pos_requisitos": [], "disciplina": "Enade/Ingressante", "creditos": null, "tipo": "Complementar", "pre_requisitos": [], "codigo_departamento": 13050000.0, "codigo_disciplina": 1305254, "horas": null}, {"semestre": 1.0, "pos_requisitos": [2103179], "disciplina": "Introdu\u00e7\u00e3o a Sociologia", "creditos": 4.0, "tipo": "Obrigat\u00f3ria", "pre_requisitos": [], "codigo_departamento": 21010000.0, "codigo_disciplina": 2101000, "horas": 60.0}, {"semestre": 1.0, "pos_requisitos": [2103044], "disciplina": "Introdu\u00e7\u00e3o \u00e0 Filosofia", "creditos": 4.0, "tipo": "Obrigat\u00f3ria", "pre_requisitos": [], "codigo_departamento": 21010000.0, "codigo_disciplina": 2101001, "horas": 60.0}, {"semestre": 1.0, "pos_requisitos": [], "disciplina": "M\u00e9todologia Cient\u00edfica", "creditos": 4.0, "tipo": "Obrigat\u00f3ria", "pre_requisitos": [], "codigo_departamento": 21030000.0, "codigo_disciplina": 2103228, "horas": 60.0}, {"semestre": 1.0, "pos_requisitos": [], "disciplina": "Leitura e Produ\u00e7\u00e3o Textual", "creditos": 4.0, "tipo": "Obrigat\u00f3ria", "pre_requisitos": [], "codigo_departamento": 21040000.0, "codigo_disciplina": 2104000, "horas": 60.0}, {"semestre": 1.0, "pos_requisitos": [], "disciplina": "Sociedade Contemporanea e Pedagogia", "creditos": 4.0, "tipo": "Obrigat\u00f3ria", "pre_requisitos": [], "codigo_departamento": 21030000.0, "codigo_disciplina": 2103253, "horas": 60.0}, {"semestre": 1.0, "pos_requisitos": [2103219, 2103220], "disciplina": "Psicologia da Educa\u00e7\u00e3o I", "creditos": 4.0, "tipo": "Obrigat\u00f3ria", "pre_requisitos": [], "codigo_departamento": 21030000.0, "codigo_disciplina": 2103264, "horas": 60.0}, {"semestre": 2.0, "pos_requisitos": [2103043], "disciplina": "Hist\u00f3ria da Educa\u00e7\u00e3o I", "creditos": 4.0, "tipo": "Obrigat\u00f3ria", "pre_requisitos": [], "codigo_departamento": 21030000.0, "codigo_disciplina": 2103042, "horas": 60.0}, {"semestre": 2.0, "pos_requisitos": [2103229], "disciplina": "Filosofia da Educa\u00e7\u00e3o I", "creditos": 4.0, "tipo": "Obrigat\u00f3ria", "pre_requisitos": [2101001], "codigo_departamento": 21030000.0, "codigo_disciplina": 2103044, "horas": 60.0}, {"semestre": 2.0, "pos_requisitos": [2103230], "disciplina": "Sociologia da Educa\u00e7\u00e3o I", "creditos": 4.0, "tipo": "Obrigat\u00f3ria", "pre_requisitos": [2101000], "codigo_departamento": 21030000.0, "codigo_disciplina": 2103179, "horas": 60.0}, {"semestre": 2.0, "pos_requisitos": [2103220, 2103227], "disciplina": "Psicologia da Educa\u00e7\u00e3o II", "creditos": 4.0, "tipo": "Obrigat\u00f3ria", "pre_requisitos": [2103264], "codigo_departamento": 21030000.0, "codigo_disciplina": 2103219, "horas": 60.0}, {"semestre": 2.0, "pos_requisitos": [], "disciplina": "Teorias da Educa\u00e7\u00e3o", "creditos": 4.0, "tipo": "Obrigat\u00f3ria", "pre_requisitos": [], "codigo_departamento": 21030000.0, "codigo_disciplina": 2103221, "horas": 60.0}, {"semestre": 2.0, "pos_requisitos": [], "disciplina": "Iniciacao ao Estudo Linguisticos", "creditos": 4.0, "tipo": "Obrigat\u00f3ria", "pre_requisitos": [], "codigo_departamento": 21040000.0, "codigo_disciplina": 2104008, "horas": 60.0}, {"semestre": 3.0, "pos_requisitos": [], "disciplina": "Hist\u00f3ria da Educa\u00e7\u00e3o II", "creditos": 4.0, "tipo": "Obrigat\u00f3ria", "pre_requisitos": [2103042], "codigo_departamento": 21030000.0, "codigo_disciplina": 2103043, "horas": 60.0}, {"semestre": 3.0, "pos_requisitos": [2103227], "disciplina": "Psicologia da Educa\u00e7\u00e3o III", "creditos": 4.0, "tipo": "Obrigat\u00f3ria", "pre_requisitos": [2103219, 2103264], "codigo_departamento": 21030000.0, "codigo_disciplina": 2103220, "horas": 60.0}, {"semestre": 3.0, "pos_requisitos": [2103226], "disciplina": "Fund. e M\u00e9todologia da Ed. Infantil I", "creditos": 6.0, "tipo": "Obrigat\u00f3ria", "pre_requisitos": [], "codigo_departamento": 21030000.0, "codigo_disciplina": 2103225, "horas": 90.0}, {"semestre": 3.0, "pos_requisitos": [], "disciplina": "Filosofia da Educa\u00e7\u00e3o II", "creditos": 4.0, "tipo": "Obrigat\u00f3ria", "pre_requisitos": [2103044], "codigo_departamento": 21030000.0, "codigo_disciplina": 2103229, "horas": 60.0}, {"semestre": 3.0, "pos_requisitos": [], "disciplina": "Sociologia da Educa\u00e7\u00e3o II", "creditos": 4.0, "tipo": "Obrigat\u00f3ria", "pre_requisitos": [2103179], "codigo_departamento": 21030000.0, "codigo_disciplina": 2103230, "horas": 60.0}, {"semestre": 4.0, "pos_requisitos": [], "disciplina": "Pol\u00edticas para Educa\u00e7\u00e3o B\u00e1sica", "creditos": 5.0, "tipo": "Obrigat\u00f3ria", "pre_requisitos": [], "codigo_departamento": 21030000.0, "codigo_disciplina": 2103222, "horas": 75.0}, {"semestre": 4.0, "pos_requisitos": [], "disciplina": "Curriculo e Escola", "creditos": 4.0, "tipo": "Obrigat\u00f3ria", "pre_requisitos": [], "codigo_departamento": 21030000.0, "codigo_disciplina": 2103223, "horas": 60.0}, {"semestre": 4.0, "pos_requisitos": [], "disciplina": "Fund. e M\u00e9todologia da Ed. Infantil II", "creditos": 6.0, "tipo": "Obrigat\u00f3ria", "pre_requisitos": [2103225], "codigo_departamento": 21030000.0, "codigo_disciplina": 2103226, "horas": 90.0}, {"semestre": 4.0, "pos_requisitos": [2103246, 2103248, 2103247, 2103244, 2103245], "disciplina": "Did\u00e1tica", "creditos": 4.0, "tipo": "Obrigat\u00f3ria", "pre_requisitos": [2103220, 2103219], "codigo_departamento": 21030000.0, "codigo_disciplina": 2103227, "horas": 60.0}, {"semestre": 4.0, "pos_requisitos": [], "disciplina": "Educa\u00e7\u00e3o Inclusiva", "creditos": 4.0, "tipo": "Obrigat\u00f3ria", "pre_requisitos": [], "codigo_departamento": 21030000.0, "codigo_disciplina": 2103238, "horas": 60.0}, {"semestre": 5.0, "pos_requisitos": [], "disciplina": "Educa\u00e7\u00e3o, Cultura e Diversidade", "creditos": 4.0, "tipo": "Obrigat\u00f3ria", "pre_requisitos": [], "codigo_departamento": 21030000.0, "codigo_disciplina": 2103240, "horas": 60.0}, {"semestre": 5.0, "pos_requisitos": [], "disciplina": "Arte e Educa\u00e7\u00e3o", "creditos": 4.0, "tipo": "Obrigat\u00f3ria", "pre_requisitos": [], "codigo_departamento": 21030000.0, "codigo_disciplina": 2103236, "horas": 60.0}, {"semestre": 5.0, "pos_requisitos": [], "disciplina": "Avalia\u00e7\u00e3o da Aprendizagem", "creditos": 4.0, "tipo": "Obrigat\u00f3ria", "pre_requisitos": [], "codigo_departamento": 21030000.0, "codigo_disciplina": 2103237, "horas": 60.0}, {"semestre": 5.0, "pos_requisitos": [], "disciplina": "Est\u00e1gio Sup. em Educa\u00e7\u00e3o Infantil", "creditos": 10.0, "tipo": "Obrigat\u00f3ria", "pre_requisitos": [], "codigo_departamento": 21030000.0, "codigo_disciplina": 2103241, "horas": 150.0}, {"semestre": 5.0, "pos_requisitos": [], "disciplina": "Fund e Met do Ensino de Ling Portuguesa", "creditos": 4.0, "tipo": "Obrigat\u00f3ria", "pre_requisitos": [2103227], "codigo_departamento": 21030000.0, "codigo_disciplina": 2103246, "horas": 60.0}, {"semestre": 5.0, "pos_requisitos": [], "disciplina": "Libras", "creditos": 4.0, "tipo": "Obrigat\u00f3ria", "pre_requisitos": [], "codigo_departamento": 21030000.0, "codigo_disciplina": 2103249, "horas": 60.0}, {"semestre": 5.0, "pos_requisitos": [], "disciplina": "Tecnologias e Educa\u00e7\u00e3o", "creditos": 4.0, "tipo": "Obrigat\u00f3ria", "pre_requisitos": [], "codigo_departamento": 21030000.0, "codigo_disciplina": 2103254, "horas": 60.0}, {"semestre": 6.0, "pos_requisitos": [], "disciplina": "Gest\u00e3o Escolar", "creditos": 4.0, "tipo": "Complementar", "pre_requisitos": [], "codigo_departamento": 21030000.0, "codigo_disciplina": 2103183, "horas": 60.0}, {"semestre": 6.0, "pos_requisitos": [], "disciplina": "Semin\u00e1rios Tematicos I", "creditos": 4.0, "tipo": "Obrigat\u00f3ria", "pre_requisitos": [], "codigo_departamento": 21030000.0, "codigo_disciplina": 2103224, "horas": 60.0}, {"semestre": 6.0, "pos_requisitos": [], "disciplina": "Educa\u00e7\u00e3o Popular e Pedagogia Freireana", "creditos": 4.0, "tipo": "Obrigat\u00f3ria", "pre_requisitos": [], "codigo_departamento": 21030000.0, "codigo_disciplina": 2103239, "horas": 60.0}, {"semestre": 6.0, "pos_requisitos": [], "disciplina": "\u00c9tica e Educa\u00e7\u00e3o", "creditos": 4.0, "tipo": "Obrigat\u00f3ria", "pre_requisitos": [], "codigo_departamento": 21030000.0, "codigo_disciplina": 2103243, "horas": 60.0}, {"semestre": 6.0, "pos_requisitos": [], "disciplina": "Fund. e Met. do Ensino de Matem\u00e1tica", "creditos": 4.0, "tipo": "Obrigat\u00f3ria", "pre_requisitos": [2103227], "codigo_departamento": 21030000.0, "codigo_disciplina": 2103247, "horas": 60.0}, {"semestre": 6.0, "pos_requisitos": [], "disciplina": "Fund. e Met. do Ensino de Ci\u00eancias", "creditos": 4.0, "tipo": "Obrigat\u00f3ria", "pre_requisitos": [2103227], "codigo_departamento": 21030000.0, "codigo_disciplina": 2103248, "horas": 60.0}, {"semestre": 6.0, "pos_requisitos": [], "disciplina": "Planejamento e Projetos Educacionais", "creditos": 4.0, "tipo": "Complementar", "pre_requisitos": [], "codigo_departamento": 21030000.0, "codigo_disciplina": 2103256, "horas": 60.0}, {"semestre": 6.0, "pos_requisitos": [], "disciplina": "Organizacao Social do Trabalho na Escola", "creditos": 4.0, "tipo": "Complementar", "pre_requisitos": [], "codigo_departamento": 21030000.0, "codigo_disciplina": 2103257, "horas": 60.0}, {"semestre": 6.0, "pos_requisitos": [], "disciplina": "Relacoes Interpessoais na Escola", "creditos": 4.0, "tipo": "Complementar", "pre_requisitos": [], "codigo_departamento": 21030000.0, "codigo_disciplina": 2103258, "horas": 60.0}, {"semestre": 6.0, "pos_requisitos": [], "disciplina": "Teorias da Gest\u00e3o", "creditos": 4.0, "tipo": "Complementar", "pre_requisitos": [], "codigo_departamento": 21030000.0, "codigo_disciplina": 2103259, "horas": 60.0}, {"semestre": 6.0, "pos_requisitos": [], "disciplina": "Educa\u00e7\u00e3o de Jovens e Adultos", "creditos": 4.0, "tipo": "Complementar", "pre_requisitos": [], "codigo_departamento": 21030000.0, "codigo_disciplina": 2103260, "horas": 60.0}, {"semestre": 6.0, "pos_requisitos": [], "disciplina": "Fundamentos Te\u00f3ricos e M\u00e9todol. em Eja", "creditos": 4.0, "tipo": "Complementar", "pre_requisitos": [], "codigo_departamento": 21030000.0, "codigo_disciplina": 2103261, "horas": 60.0}, {"semestre": 6.0, "pos_requisitos": [], "disciplina": "Pol\u00edticas Publicas e Formacao Docen Eja", "creditos": 4.0, "tipo": "Complementar", "pre_requisitos": [], "codigo_departamento": 21030000.0, "codigo_disciplina": 2103262, "horas": 60.0}, {"semestre": 6.0, "pos_requisitos": [], "disciplina": "Semin\u00e1rios Tematicos em Eja", "creditos": 4.0, "tipo": "Complementar", "pre_requisitos": [], "codigo_departamento": 21030000.0, "codigo_disciplina": 2103263, "horas": 60.0}, {"semestre": 7.0, "pos_requisitos": [], "disciplina": "Fund e Met do Ensino de Geografia", "creditos": 4.0, "tipo": "Obrigat\u00f3ria", "pre_requisitos": [2103227], "codigo_departamento": 21030000.0, "codigo_disciplina": 2103244, "horas": 60.0}, {"semestre": 7.0, "pos_requisitos": [], "disciplina": "Fund. e Met. do Ensino de Hist\u00f3ria", "creditos": 4.0, "tipo": "Obrigat\u00f3ria", "pre_requisitos": [2103227], "codigo_departamento": 21030000.0, "codigo_disciplina": 2103245, "horas": 60.0}, {"semestre": 7.0, "pos_requisitos": [2103251], "disciplina": "Pesquisa em Educa\u00e7\u00e3o I", "creditos": 4.0, "tipo": "Obrigat\u00f3ria", "pre_requisitos": [], "codigo_departamento": 21030000.0, "codigo_disciplina": 2103250, "horas": 60.0}, {"semestre": 7.0, "pos_requisitos": [], "disciplina": "Semin\u00e1rios Tematicos II", "creditos": 4.0, "tipo": "Obrigat\u00f3ria", "pre_requisitos": [], "codigo_departamento": 21030000.0, "codigo_disciplina": 2103252, "horas": 60.0}, {"semestre": 8.0, "pos_requisitos": [], "disciplina": "Est\u00e1gio Sup nos Anos Inic do Ens Fundam", "creditos": 10.0, "tipo": "Obrigat\u00f3ria", "pre_requisitos": [], "codigo_departamento": 21030000.0, "codigo_disciplina": 2103242, "horas": 150.0}, {"semestre": 8.0, "pos_requisitos": [], "disciplina": "Pesquisa em Educa\u00e7\u00e3o II", "creditos": 4.0, "tipo": "Obrigat\u00f3ria", "pre_requisitos": [2103250], "codigo_departamento": 21030000.0, "codigo_disciplina": 2103251, "horas": 60.0}, {"semestre": 9.0, "pos_requisitos": [], "disciplina": "Tcc (Monografia)", "creditos": 10.0, "tipo": "Obrigat\u00f3ria", "pre_requisitos": [], "codigo_departamento": 21030000.0, "codigo_disciplina": 2103255, "horas": 150.0}]