[{"semestre": 1.0, "pos_requisitos": [], "disciplina": "Hist\u00f3ria da Psicologia", "creditos": 4.0, "tipo": "Obrigat\u00f3ria", "pre_requisitos": [], "codigo_departamento": 12050000.0, "codigo_disciplina": 1205147, "horas": 60.0}, {"semestre": 1.0, "pos_requisitos": [1205201], "disciplina": "Bases Epistemol\u00f3gicas da Psicologia I", "creditos": 4.0, "tipo": "Obrigat\u00f3ria", "pre_requisitos": [], "codigo_departamento": 12050000.0, "codigo_disciplina": 1205148, "horas": 60.0}, {"semestre": 1.0, "pos_requisitos": [], "disciplina": "M\u00e9todologia Cient\u00edfica", "creditos": 4.0, "tipo": "Obrigat\u00f3ria", "pre_requisitos": [], "codigo_departamento": 12050000.0, "codigo_disciplina": 1205151, "horas": 60.0}, {"semestre": 1.0, "pos_requisitos": [], "disciplina": "Sociologia da Sa\u00fade", "creditos": 4.0, "tipo": "Obrigat\u00f3ria", "pre_requisitos": [], "codigo_departamento": 12050000.0, "codigo_disciplina": 1205199, "horas": 60.0}, {"semestre": 1.0, "pos_requisitos": [], "disciplina": "Bases Anatomofisiologicas da Psicologia", "creditos": 4.0, "tipo": "Obrigat\u00f3ria", "pre_requisitos": [], "codigo_departamento": 12050000.0, "codigo_disciplina": 1205200, "horas": 60.0}, {"semestre": 2.0, "pos_requisitos": [1205214], "disciplina": "Sa\u00fade Mental e Atencao Psicossocial I", "creditos": 4.0, "tipo": "Obrigat\u00f3ria", "pre_requisitos": [], "codigo_departamento": 12050000.0, "codigo_disciplina": 1205149, "horas": 60.0}, {"semestre": 2.0, "pos_requisitos": [], "disciplina": "Bases Epistemol\u00f3gicas da Psicologia II", "creditos": 4.0, "tipo": "Obrigat\u00f3ria", "pre_requisitos": [1205148], "codigo_departamento": 12050000.0, "codigo_disciplina": 1205201, "horas": 60.0}, {"semestre": 2.0, "pos_requisitos": [], "disciplina": "Processos Psicologicos Basicos", "creditos": 4.0, "tipo": "Obrigat\u00f3ria", "pre_requisitos": [], "codigo_departamento": 12050000.0, "codigo_disciplina": 1205202, "horas": 60.0}, {"semestre": 2.0, "pos_requisitos": [], "disciplina": "Antropologia", "creditos": 4.0, "tipo": "Obrigat\u00f3ria", "pre_requisitos": [], "codigo_departamento": 12050000.0, "codigo_disciplina": 1205203, "horas": 60.0}, {"semestre": 2.0, "pos_requisitos": [1205216], "disciplina": "Fen\u00f4menologia e Existencialismo I", "creditos": 4.0, "tipo": "Obrigat\u00f3ria", "pre_requisitos": [], "codigo_departamento": 12050000.0, "codigo_disciplina": 1205204, "horas": 60.0}, {"semestre": 3.0, "pos_requisitos": [1205232], "disciplina": "M\u00e9todos e T\u00e9cnicas de Pesquisa I", "creditos": 4.0, "tipo": "Obrigat\u00f3ria", "pre_requisitos": [], "codigo_departamento": 12050000.0, "codigo_disciplina": 1205213, "horas": 60.0}, {"semestre": 3.0, "pos_requisitos": [], "disciplina": "Sa\u00fade Mental e Atencao Psicossocial II", "creditos": 4.0, "tipo": "Obrigat\u00f3ria", "pre_requisitos": [1205149], "codigo_departamento": 12050000.0, "codigo_disciplina": 1205214, "horas": 60.0}, {"semestre": 3.0, "pos_requisitos": [1205233], "disciplina": "Psicologia Social I", "creditos": 4.0, "tipo": "Obrigat\u00f3ria", "pre_requisitos": [], "codigo_departamento": 12050000.0, "codigo_disciplina": 1205215, "horas": 60.0}, {"semestre": 3.0, "pos_requisitos": [], "disciplina": "Fen\u00f4menologia e Existencialismo II", "creditos": 4.0, "tipo": "Obrigat\u00f3ria", "pre_requisitos": [1205204], "codigo_departamento": 12050000.0, "codigo_disciplina": 1205216, "horas": 60.0}, {"semestre": 3.0, "pos_requisitos": [1205251, 1205268], "disciplina": "Pr\u00e1ticas Integrativas em Psicologia I", "creditos": 4.0, "tipo": "Obrigat\u00f3ria", "pre_requisitos": [], "codigo_departamento": 12050000.0, "codigo_disciplina": 1205217, "horas": 60.0}, {"semestre": 4.0, "pos_requisitos": [1205274], "disciplina": "Sa\u00fade Coletiva", "creditos": 4.0, "tipo": "Obrigat\u00f3ria", "pre_requisitos": [], "codigo_departamento": 12050000.0, "codigo_disciplina": 1205150, "horas": 60.0}, {"semestre": 4.0, "pos_requisitos": [1205246], "disciplina": "Genealogia e Cosnt da Subj I : Infancia", "creditos": 4.0, "tipo": "Obrigat\u00f3ria", "pre_requisitos": [], "codigo_departamento": 12050000.0, "codigo_disciplina": 1205231, "horas": 60.0}, {"semestre": 4.0, "pos_requisitos": [], "disciplina": "M\u00e9todos e T\u00e9cnicas de Pesquisa II", "creditos": 4.0, "tipo": "Obrigat\u00f3ria", "pre_requisitos": [1205213], "codigo_departamento": 12050000.0, "codigo_disciplina": 1205232, "horas": 60.0}, {"semestre": 4.0, "pos_requisitos": [], "disciplina": "Psicologia Social II", "creditos": 4.0, "tipo": "Obrigat\u00f3ria", "pre_requisitos": [1205215], "codigo_departamento": 12050000.0, "codigo_disciplina": 1205233, "horas": 60.0}, {"semestre": 4.0, "pos_requisitos": [1205247], "disciplina": "Psican\u00e1lise I", "creditos": 4.0, "tipo": "Obrigat\u00f3ria", "pre_requisitos": [], "codigo_departamento": 12050000.0, "codigo_disciplina": 1205234, "horas": 60.0}, {"semestre": 5.0, "pos_requisitos": [], "disciplina": "Psicologia Educacional", "creditos": 4.0, "tipo": "Obrigat\u00f3ria", "pre_requisitos": [], "codigo_departamento": 12050000.0, "codigo_disciplina": 1205248, "horas": 60.0}, {"semestre": 5.0, "pos_requisitos": [], "disciplina": "Psicologia Comunitaria", "creditos": 4.0, "tipo": "Obrigat\u00f3ria", "pre_requisitos": [], "codigo_departamento": 12050000.0, "codigo_disciplina": 1205249, "horas": 60.0}, {"semestre": 5.0, "pos_requisitos": [], "disciplina": "Psicologia Juridica", "creditos": 4.0, "tipo": "Obrigat\u00f3ria", "pre_requisitos": [], "codigo_departamento": 12050000.0, "codigo_disciplina": 1205250, "horas": 60.0}, {"semestre": 5.0, "pos_requisitos": [1205268], "disciplina": "Pr\u00e1ticas Integrativas em Psicologia II", "creditos": 6.0, "tipo": "Obrigat\u00f3ria", "pre_requisitos": [1205217], "codigo_departamento": 12050000.0, "codigo_disciplina": 1205251, "horas": 90.0}, {"semestre": 5.0, "pos_requisitos": [], "disciplina": "\u00c9tica", "creditos": 2.0, "tipo": "Obrigat\u00f3ria", "pre_requisitos": [], "codigo_departamento": 12050000.0, "codigo_disciplina": 1205245, "horas": 30.0}, {"semestre": 5.0, "pos_requisitos": [1205260], "disciplina": "Genealogia e Cosnt da Subj Ii: Adolescenc", "creditos": 4.0, "tipo": "Obrigat\u00f3ria", "pre_requisitos": [1205231], "codigo_departamento": 12050000.0, "codigo_disciplina": 1205246, "horas": 60.0}, {"semestre": 5.0, "pos_requisitos": [], "disciplina": "Psican\u00e1lise II", "creditos": 4.0, "tipo": "Obrigat\u00f3ria", "pre_requisitos": [1205234], "codigo_departamento": 12050000.0, "codigo_disciplina": 1205247, "horas": 60.0}, {"semestre": 6.0, "pos_requisitos": [1205271], "disciplina": "T\u00e9c. de Exame e Acons. Psicol\u00f3gico I", "creditos": 4.0, "tipo": "Obrigat\u00f3ria", "pre_requisitos": [], "codigo_departamento": 12050000.0, "codigo_disciplina": 1205259, "horas": 60.0}, {"semestre": 6.0, "pos_requisitos": [], "disciplina": "Genea e Const da Subjetividade: Iii: Idoso", "creditos": 4.0, "tipo": "Obrigat\u00f3ria", "pre_requisitos": [1205246], "codigo_departamento": 12050000.0, "codigo_disciplina": 1205260, "horas": 60.0}, {"semestre": 6.0, "pos_requisitos": [], "disciplina": "Educa\u00e7\u00e3o em Sa\u00fade", "creditos": 4.0, "tipo": "Obrigat\u00f3ria", "pre_requisitos": [], "codigo_departamento": 12050000.0, "codigo_disciplina": 1205261, "horas": 60.0}, {"semestre": 6.0, "pos_requisitos": [], "disciplina": "Psicologia Organizacional e do Trabalho", "creditos": 4.0, "tipo": "Obrigat\u00f3ria", "pre_requisitos": [], "codigo_departamento": 12050000.0, "codigo_disciplina": 1205262, "horas": 60.0}, {"semestre": 7.0, "pos_requisitos": [1205279], "disciplina": "Est\u00e1gio Supervisionado Basico I", "creditos": 8.0, "tipo": "Complementar", "pre_requisitos": [1205217, 1205251], "codigo_departamento": 12050000.0, "codigo_disciplina": 1205268, "horas": 120.0}, {"semestre": 7.0, "pos_requisitos": [], "disciplina": "Psiquiatria Classica", "creditos": 4.0, "tipo": "Obrigat\u00f3ria", "pre_requisitos": [], "codigo_departamento": 12050000.0, "codigo_disciplina": 1205269, "horas": 60.0}, {"semestre": 7.0, "pos_requisitos": [], "disciplina": "T\u00e9c. de Exame e Acons. Psicol\u00f3gico II", "creditos": 4.0, "tipo": "Obrigat\u00f3ria", "pre_requisitos": [1205259], "codigo_departamento": 12050000.0, "codigo_disciplina": 1205271, "horas": 60.0}, {"semestre": 7.0, "pos_requisitos": [], "disciplina": "Psicopatologia", "creditos": 4.0, "tipo": "Obrigat\u00f3ria", "pre_requisitos": [], "codigo_departamento": 12050000.0, "codigo_disciplina": 1205272, "horas": 60.0}, {"semestre": 7.0, "pos_requisitos": [], "disciplina": "Teorias e Pr\u00e1ticas Cl\u00ednicas", "creditos": 4.0, "tipo": "Obrigat\u00f3ria", "pre_requisitos": [], "codigo_departamento": 12050000.0, "codigo_disciplina": 1205273, "horas": 60.0}, {"semestre": 7.0, "pos_requisitos": [1205286], "disciplina": "Psicologia da Sa\u00fade", "creditos": 4.0, "tipo": "Obrigat\u00f3ria", "pre_requisitos": [1205150], "codigo_departamento": 12050000.0, "codigo_disciplina": 1205274, "horas": 60.0}, {"semestre": 8.0, "pos_requisitos": [], "disciplina": "Psicoterapias", "creditos": 4.0, "tipo": "Obrigat\u00f3ria", "pre_requisitos": [], "codigo_departamento": 12050000.0, "codigo_disciplina": 1205280, "horas": 60.0}, {"semestre": 8.0, "pos_requisitos": [], "disciplina": "Avalia\u00e7\u00e3o Psicol\u00f3gica", "creditos": 4.0, "tipo": "Obrigat\u00f3ria", "pre_requisitos": [], "codigo_departamento": 12050000.0, "codigo_disciplina": 1205276, "horas": 60.0}, {"semestre": 8.0, "pos_requisitos": [], "disciplina": "Sa\u00fade Mental e Trabalho", "creditos": 4.0, "tipo": "Obrigat\u00f3ria", "pre_requisitos": [], "codigo_departamento": 12050000.0, "codigo_disciplina": 1205275, "horas": 60.0}, {"semestre": 8.0, "pos_requisitos": [], "disciplina": "Psicologia Hospitalar", "creditos": 4.0, "tipo": "Obrigat\u00f3ria", "pre_requisitos": [], "codigo_departamento": 12050000.0, "codigo_disciplina": 1205277, "horas": 60.0}, {"semestre": 8.0, "pos_requisitos": [], "disciplina": "Topicos Emergentes em Psicologia", "creditos": 40.0, "tipo": "Obrigat\u00f3ria", "pre_requisitos": [], "codigo_departamento": 12050000.0, "codigo_disciplina": 1205278, "horas": 60.0}, {"semestre": 8.0, "pos_requisitos": [], "disciplina": "Est\u00e1gio Supervisionado Basico II", "creditos": 8.0, "tipo": "Complementar", "pre_requisitos": [1205268], "codigo_departamento": 12050000.0, "codigo_disciplina": 1205279, "horas": 120.0}, {"semestre": 9.0, "pos_requisitos": [], "disciplina": "Clinica Ampliada", "creditos": 2.0, "tipo": "Obrigat\u00f3ria", "pre_requisitos": [], "codigo_departamento": 12050000.0, "codigo_disciplina": 1205281, "horas": 30.0}, {"semestre": 9.0, "pos_requisitos": [], "disciplina": "Construcao de Casos Clin e Dir do Tratam", "creditos": 4.0, "tipo": "Obrigat\u00f3ria", "pre_requisitos": [], "codigo_departamento": 12050000.0, "codigo_disciplina": 1205282, "horas": 60.0}, {"semestre": 9.0, "pos_requisitos": [1205291], "disciplina": "Pr\u00e1ticas Clinicas I", "creditos": 4.0, "tipo": "Obrigat\u00f3ria", "pre_requisitos": [], "codigo_departamento": 12050000.0, "codigo_disciplina": 1205283, "horas": 60.0}, {"semestre": 9.0, "pos_requisitos": [], "disciplina": "Psicologia e Prat Comunitarias em Sa\u00fade", "creditos": 2.0, "tipo": "Obrigat\u00f3ria", "pre_requisitos": [], "codigo_departamento": 12050000.0, "codigo_disciplina": 1205284, "horas": 30.0}, {"semestre": 9.0, "pos_requisitos": [], "disciplina": "Psicologia e Prat Interdisc em Sa\u00fade", "creditos": 4.0, "tipo": "Obrigat\u00f3ria", "pre_requisitos": [], "codigo_departamento": 12050000.0, "codigo_disciplina": 1205285, "horas": 60.0}, {"semestre": 9.0, "pos_requisitos": [], "disciplina": "Psicologia e Prat de Cuidado em Sa\u00fade", "creditos": 4.0, "tipo": "Obrigat\u00f3ria", "pre_requisitos": [1205274], "codigo_departamento": 12050000.0, "codigo_disciplina": 1205286, "horas": 60.0}, {"semestre": 9.0, "pos_requisitos": [1205293], "disciplina": "Trabalho de Conclus\u00e3o de Curso I", "creditos": 5.0, "tipo": "Obrigat\u00f3ria", "pre_requisitos": [], "codigo_departamento": 12050000.0, "codigo_disciplina": 1205287, "horas": 75.0}, {"semestre": 9.0, "pos_requisitos": [1205294], "disciplina": "Est\u00e1gio Supervisionado Especifico I", "creditos": 12.0, "tipo": "Complementar", "pre_requisitos": [], "codigo_departamento": 12050000.0, "codigo_disciplina": 1205288, "horas": 180.0}, {"semestre": 10.0, "pos_requisitos": [], "disciplina": "Pr\u00e1ticas Clinicas II", "creditos": 4.0, "tipo": "Obrigat\u00f3ria", "pre_requisitos": [1205283], "codigo_departamento": 12050000.0, "codigo_disciplina": 1205291, "horas": 60.0}, {"semestre": 10.0, "pos_requisitos": [], "disciplina": "Atencao Basica em Sa\u00fade", "creditos": 4.0, "tipo": "Obrigat\u00f3ria", "pre_requisitos": [], "codigo_departamento": 12050000.0, "codigo_disciplina": 1205292, "horas": 60.0}, {"semestre": 10.0, "pos_requisitos": [], "disciplina": "Trabalho de Conclus\u00e3o de Curso II", "creditos": 11.0, "tipo": "Complementar", "pre_requisitos": [1205287], "codigo_departamento": 12050000.0, "codigo_disciplina": 1205293, "horas": 165.0}, {"semestre": 10.0, "pos_requisitos": [], "disciplina": "Est\u00e1gio Supervisionado Especifico II", "creditos": 16.0, "tipo": "Complementar", "pre_requisitos": [1205288], "codigo_departamento": 12050000.0, "codigo_disciplina": 1205294, "horas": 240.0}]