[{"semestre": 1.0, "pos_requisitos": [], "disciplina": "Qu\u00edmica Geral I", "creditos": 4.0, "tipo": "Obrigat\u00f3ria", "pre_requisitos": [], "codigo_departamento": 19020000.0, "codigo_disciplina": 1902001, "horas": 60.0}, {"semestre": 1.0, "pos_requisitos": [], "disciplina": "Qu\u00edmica Geral Experimental I", "creditos": 2.0, "tipo": "Obrigat\u00f3ria", "pre_requisitos": [], "codigo_departamento": 19020000.0, "codigo_disciplina": 1902002, "horas": 30.0}, {"semestre": 1.0, "pos_requisitos": [], "disciplina": "Psicologia da Educa\u00e7\u00e3o", "creditos": 4.0, "tipo": "Obrigat\u00f3ria", "pre_requisitos": [], "codigo_departamento": 19020000.0, "codigo_disciplina": 1902003, "horas": 60.0}, {"semestre": 1.0, "pos_requisitos": [], "disciplina": "L\u00edngua Ingl\u00easa Instrumental", "creditos": 4.0, "tipo": "Obrigat\u00f3ria", "pre_requisitos": [], "codigo_departamento": 19020000.0, "codigo_disciplina": 1902004, "horas": 60.0}, {"semestre": 1.0, "pos_requisitos": [], "disciplina": "L\u00edngua Portuguesa", "creditos": 4.0, "tipo": "Obrigat\u00f3ria", "pre_requisitos": [], "codigo_departamento": 19020000.0, "codigo_disciplina": 1902005, "horas": 60.0}, {"semestre": 2.0, "pos_requisitos": [], "disciplina": "C\u00e1lculo Diferencial e Integral I", "creditos": 4.0, "tipo": "Obrigat\u00f3ria", "pre_requisitos": [], "codigo_departamento": 19020000.0, "codigo_disciplina": 1902006, "horas": 60.0}, {"semestre": 2.0, "pos_requisitos": [], "disciplina": "Qu\u00edmica Geral II", "creditos": 4.0, "tipo": "Obrigat\u00f3ria", "pre_requisitos": [], "codigo_departamento": 19020000.0, "codigo_disciplina": 1902007, "horas": 60.0}, {"semestre": 2.0, "pos_requisitos": [], "disciplina": "Qu\u00edmica Geral Experimental II", "creditos": 2.0, "tipo": "Obrigat\u00f3ria", "pre_requisitos": [], "codigo_departamento": 19020000.0, "codigo_disciplina": 1902008, "horas": 30.0}, {"semestre": 2.0, "pos_requisitos": [], "disciplina": "T\u00f3picos em Hist\u00f3ria da Qu\u00edmica", "creditos": 2.0, "tipo": "Obrigat\u00f3ria", "pre_requisitos": [], "codigo_departamento": 19020000.0, "codigo_disciplina": 1902009, "horas": 30.0}, {"semestre": 2.0, "pos_requisitos": [], "disciplina": "Fundamentos de Qu\u00edmica Org\u00e2nica", "creditos": 4.0, "tipo": "Obrigat\u00f3ria", "pre_requisitos": [], "codigo_departamento": 19020000.0, "codigo_disciplina": 1902010, "horas": 60.0}, {"semestre": 2.0, "pos_requisitos": [], "disciplina": "Did\u00e1tica", "creditos": 4.0, "tipo": "Obrigat\u00f3ria", "pre_requisitos": [], "codigo_departamento": 19020000.0, "codigo_disciplina": 1902011, "horas": 60.0}, {"semestre": 3.0, "pos_requisitos": [], "disciplina": "Qu\u00edmica Org\u00e2nica I", "creditos": 4.0, "tipo": "Obrigat\u00f3ria", "pre_requisitos": [], "codigo_departamento": 19020000.0, "codigo_disciplina": 1902012, "horas": 60.0}, {"semestre": 3.0, "pos_requisitos": [], "disciplina": "Qu\u00edmica Org\u00e2nica Experimental", "creditos": 2.0, "tipo": "Obrigat\u00f3ria", "pre_requisitos": [], "codigo_departamento": 19020000.0, "codigo_disciplina": 1902013, "horas": 30.0}, {"semestre": 3.0, "pos_requisitos": [], "disciplina": "C\u00e1lculo Diferencial e Integral II", "creditos": 4.0, "tipo": "Obrigat\u00f3ria", "pre_requisitos": [], "codigo_departamento": 19020000.0, "codigo_disciplina": 1902014, "horas": 60.0}, {"semestre": 3.0, "pos_requisitos": [], "disciplina": "Fundamentos da Mec\u00e2nica Cl\u00e1ssica I", "creditos": 4.0, "tipo": "Obrigat\u00f3ria", "pre_requisitos": [], "codigo_departamento": 19020000.0, "codigo_disciplina": 1902015, "horas": 60.0}, {"semestre": 3.0, "pos_requisitos": [], "disciplina": "Pol\u00edtica Educacional", "creditos": 4.0, "tipo": "Obrigat\u00f3ria", "pre_requisitos": [], "codigo_departamento": 19020000.0, "codigo_disciplina": 1902016, "horas": 60.0}, {"semestre": 4.0, "pos_requisitos": [], "disciplina": "Qu\u00edmica Org\u00e2nica II", "creditos": 4.0, "tipo": "Obrigat\u00f3ria", "pre_requisitos": [], "codigo_departamento": 19020000.0, "codigo_disciplina": 1902017, "horas": 60.0}, {"semestre": 4.0, "pos_requisitos": [], "disciplina": "F\u00edsico - Qu\u00edmica I", "creditos": 4.0, "tipo": "Obrigat\u00f3ria", "pre_requisitos": [], "codigo_departamento": 19020000.0, "codigo_disciplina": 1902018, "horas": 60.0}, {"semestre": 4.0, "pos_requisitos": [], "disciplina": "Instrumenta\u00e7\u00e3o para o Ensino de Qu\u00edmica", "creditos": 2.0, "tipo": "Obrigat\u00f3ria", "pre_requisitos": [], "codigo_departamento": 19020000.0, "codigo_disciplina": 1902019, "horas": 30.0}, {"semestre": 4.0, "pos_requisitos": [], "disciplina": "Fundamentos da Mec\u00e2nica Cl\u00e1ssica II", "creditos": 4.0, "tipo": "Obrigat\u00f3ria", "pre_requisitos": [], "codigo_departamento": 19020000.0, "codigo_disciplina": 1902020, "horas": 60.0}, {"semestre": 4.0, "pos_requisitos": [], "disciplina": "Biologia Celular", "creditos": 4.0, "tipo": "Obrigat\u00f3ria", "pre_requisitos": [], "codigo_departamento": 19020000.0, "codigo_disciplina": 1902022, "horas": 60.0}, {"semestre": 5.0, "pos_requisitos": [], "disciplina": "F\u00edsico - Qu\u00edmica II", "creditos": 4.0, "tipo": "Obrigat\u00f3ria", "pre_requisitos": [], "codigo_departamento": 19020000.0, "codigo_disciplina": 1902023, "horas": 60.0}, {"semestre": 5.0, "pos_requisitos": [], "disciplina": "T\u00f3picos em Qu\u00edmica Ambiental", "creditos": 4.0, "tipo": "Obrigat\u00f3ria", "pre_requisitos": [], "codigo_departamento": 19020000.0, "codigo_disciplina": 1902024, "horas": 60.0}, {"semestre": 5.0, "pos_requisitos": [], "disciplina": "Qu\u00edmica Anal\u00edtica Qualitativa", "creditos": 4.0, "tipo": "Obrigat\u00f3ria", "pre_requisitos": [], "codigo_departamento": 19020000.0, "codigo_disciplina": 1902025, "horas": 60.0}, {"semestre": 5.0, "pos_requisitos": [], "disciplina": "Bioqu\u00edmica", "creditos": 4.0, "tipo": "Obrigat\u00f3ria", "pre_requisitos": [], "codigo_departamento": 19020000.0, "codigo_disciplina": 1902026, "horas": 60.0}, {"semestre": 6.0, "pos_requisitos": [], "disciplina": "Qu\u00edmica Experimental P/ Educa\u00e7\u00e3o B\u00e1sica", "creditos": 2.0, "tipo": "Obrigat\u00f3ria", "pre_requisitos": [], "codigo_departamento": 19020000.0, "codigo_disciplina": 1902027, "horas": 30.0}, {"semestre": 6.0, "pos_requisitos": [], "disciplina": "Qu\u00edmica Inorg\u00e2nica Descritiva", "creditos": 4.0, "tipo": "Obrigat\u00f3ria", "pre_requisitos": [], "codigo_departamento": 19020000.0, "codigo_disciplina": 1902028, "horas": 60.0}, {"semestre": 6.0, "pos_requisitos": [], "disciplina": "Qu\u00edmica Anal\u00edtica Quantitativa", "creditos": 6.0, "tipo": "Obrigat\u00f3ria", "pre_requisitos": [], "codigo_departamento": 19020000.0, "codigo_disciplina": 1902029, "horas": 90.0}, {"semestre": 6.0, "pos_requisitos": [], "disciplina": "Inform e Ens das Cien Nat na Educ Basica", "creditos": 4.0, "tipo": "Obrigat\u00f3ria", "pre_requisitos": [], "codigo_departamento": 19020000.0, "codigo_disciplina": 1902030, "horas": 60.0}, {"semestre": 6.0, "pos_requisitos": [], "disciplina": "Pr\u00e1tica de Ensino de Qu\u00edmica I", "creditos": 3.0, "tipo": "Obrigat\u00f3ria", "pre_requisitos": [], "codigo_departamento": 19020000.0, "codigo_disciplina": 1902031, "horas": 45.0}, {"semestre": 7.0, "pos_requisitos": [], "disciplina": "Qu\u00edmica de Coordenacao", "creditos": 4.0, "tipo": "Obrigat\u00f3ria", "pre_requisitos": [], "codigo_departamento": 19020000.0, "codigo_disciplina": 1902032, "horas": 60.0}, {"semestre": 7.0, "pos_requisitos": [], "disciplina": "M\u00e9todologia do Ensino de Qu\u00edmica", "creditos": 2.0, "tipo": "Obrigat\u00f3ria", "pre_requisitos": [], "codigo_departamento": 19020000.0, "codigo_disciplina": 1902033, "horas": 30.0}, {"semestre": 7.0, "pos_requisitos": [], "disciplina": "Geologia Geral", "creditos": 5.0, "tipo": "Obrigat\u00f3ria", "pre_requisitos": [], "codigo_departamento": 19020000.0, "codigo_disciplina": 1902034, "horas": 75.0}, {"semestre": 7.0, "pos_requisitos": [], "disciplina": "Fundamentos do Eletromagnetismo", "creditos": 4.0, "tipo": "Obrigat\u00f3ria", "pre_requisitos": [], "codigo_departamento": 19020000.0, "codigo_disciplina": 1902035, "horas": 60.0}, {"semestre": 7.0, "pos_requisitos": [], "disciplina": "Pr\u00e1tica de Ensino de Qu\u00edmica II", "creditos": 3.0, "tipo": "Obrigat\u00f3ria", "pre_requisitos": [], "codigo_departamento": 19020000.0, "codigo_disciplina": 1902036, "horas": 45.0}, {"semestre": 8.0, "pos_requisitos": [], "disciplina": "Probabilidade e Estatistica", "creditos": 4.0, "tipo": "Obrigat\u00f3ria", "pre_requisitos": [], "codigo_departamento": 19020000.0, "codigo_disciplina": 1902037, "horas": 60.0}, {"semestre": 8.0, "pos_requisitos": [], "disciplina": "M\u00e9todologia Cient\u00edfica", "creditos": 2.0, "tipo": "Obrigat\u00f3ria", "pre_requisitos": [], "codigo_departamento": 19020000.0, "codigo_disciplina": 1902038, "horas": 30.0}, {"semestre": 8.0, "pos_requisitos": [], "disciplina": "Est\u00e1gio Curricular Sup em Qu\u00edmica I", "creditos": 9.0, "tipo": "Complementar", "pre_requisitos": [], "codigo_departamento": 19020000.0, "codigo_disciplina": 1902039, "horas": 135.0}]