[{"semestre": 1.0, "pos_requisitos": [], "disciplina": "L\u00edngua Ingl\u00easa Instrumental", "creditos": 4.0, "tipo": "Obrigat\u00f3ria", "pre_requisitos": [], "codigo_departamento": 21040000.0, "codigo_disciplina": 2104001, "horas": 60.0}, {"semestre": 1.0, "pos_requisitos": [], "disciplina": "L\u00edngua Portuguesa", "creditos": 4.0, "tipo": "Obrigat\u00f3ria", "pre_requisitos": [], "codigo_departamento": 21040000.0, "codigo_disciplina": 2104017, "horas": 60.0}, {"semestre": 1.0, "pos_requisitos": [2102321], "disciplina": "Psicologia da Educa\u00e7\u00e3o", "creditos": 4.0, "tipo": "Obrigat\u00f3ria", "pre_requisitos": [], "codigo_departamento": 21030000.0, "codigo_disciplina": 2103265, "horas": 60.0}, {"semestre": 1.0, "pos_requisitos": [2102258, 2102255, 2102278], "disciplina": "Qu\u00edmica Geral I", "creditos": 4.0, "tipo": "Obrigat\u00f3ria", "pre_requisitos": [], "codigo_departamento": 21020000.0, "codigo_disciplina": 2102247, "horas": 60.0}, {"semestre": 1.0, "pos_requisitos": [2102256, 2102268], "disciplina": "Qu\u00edmica Geral Experimental I", "creditos": 2.0, "tipo": "Obrigat\u00f3ria", "pre_requisitos": [], "codigo_departamento": 21020000.0, "codigo_disciplina": 2102248, "horas": 30.0}, {"semestre": 2.0, "pos_requisitos": [2102321], "disciplina": "Did\u00e1tica", "creditos": 4.0, "tipo": "Obrigat\u00f3ria", "pre_requisitos": [], "codigo_departamento": 21030000.0, "codigo_disciplina": 2103227, "horas": 60.0}, {"semestre": 2.0, "pos_requisitos": [2102269], "disciplina": "C\u00e1lculo Diferencial e Integral I", "creditos": 4.0, "tipo": "Obrigat\u00f3ria", "pre_requisitos": [], "codigo_departamento": 21020000.0, "codigo_disciplina": 2102252, "horas": 60.0}, {"semestre": 2.0, "pos_requisitos": [2102277, 2102299, 2102298, 2102319], "disciplina": "Qu\u00edmica Geral II", "creditos": 4.0, "tipo": "Obrigat\u00f3ria", "pre_requisitos": [2102247], "codigo_departamento": 21020000.0, "codigo_disciplina": 2102255, "horas": 60.0}, {"semestre": 2.0, "pos_requisitos": [], "disciplina": "Qu\u00edmica Geral Experimental II", "creditos": 2.0, "tipo": "Obrigat\u00f3ria", "pre_requisitos": [2102248], "codigo_departamento": 21020000.0, "codigo_disciplina": 2102256, "horas": 30.0}, {"semestre": 2.0, "pos_requisitos": [], "disciplina": "T\u00f3picos em Hist\u00f3ria da Qu\u00edmica", "creditos": 2.0, "tipo": "Obrigat\u00f3ria", "pre_requisitos": [], "codigo_departamento": 21020000.0, "codigo_disciplina": 2102257, "horas": 30.0}, {"semestre": 2.0, "pos_requisitos": [2102267, 2106016], "disciplina": "Fundamentos de Qu\u00edmica Org\u00e2nica", "creditos": 4.0, "tipo": "Obrigat\u00f3ria", "pre_requisitos": [2102247], "codigo_departamento": 21020000.0, "codigo_disciplina": 2102258, "horas": 60.0}, {"semestre": 3.0, "pos_requisitos": [], "disciplina": "Pol\u00edtica Educacional", "creditos": 4.0, "tipo": "Obrigat\u00f3ria", "pre_requisitos": [], "codigo_departamento": 21030000.0, "codigo_disciplina": 2103266, "horas": 60.0}, {"semestre": 3.0, "pos_requisitos": [2102276], "disciplina": "Qu\u00edmica Org\u00e2nica I", "creditos": 4.0, "tipo": "Obrigat\u00f3ria", "pre_requisitos": [2102258], "codigo_departamento": 21020000.0, "codigo_disciplina": 2102267, "horas": 60.0}, {"semestre": 3.0, "pos_requisitos": [], "disciplina": "Qu\u00edmica Org\u00e2nica Experimental", "creditos": 2.0, "tipo": "Obrigat\u00f3ria", "pre_requisitos": [2102248], "codigo_departamento": 21020000.0, "codigo_disciplina": 2102268, "horas": 30.0}, {"semestre": 3.0, "pos_requisitos": [2102347], "disciplina": "C\u00e1lculo Diferencial e Integral II", "creditos": 4.0, "tipo": "Obrigat\u00f3ria", "pre_requisitos": [2102252], "codigo_departamento": 21020000.0, "codigo_disciplina": 2102269, "horas": 60.0}, {"semestre": 4.0, "pos_requisitos": [], "disciplina": "Qu\u00edmica Org\u00e2nica II", "creditos": 4.0, "tipo": "Obrigat\u00f3ria", "pre_requisitos": [2102267], "codigo_departamento": 21020000.0, "codigo_disciplina": 2102276, "horas": 60.0}, {"semestre": 4.0, "pos_requisitos": [2102297], "disciplina": "F\u00edsico - Qu\u00edmica I", "creditos": 4.0, "tipo": "Obrigat\u00f3ria", "pre_requisitos": [2102255], "codigo_departamento": 21020000.0, "codigo_disciplina": 2102277, "horas": 60.0}, {"semestre": 4.0, "pos_requisitos": [2102322, 2102318], "disciplina": "Instrumenta\u00e7\u00e3o para o Ensino de Qu\u00edmica", "creditos": 2.0, "tipo": "Obrigat\u00f3ria", "pre_requisitos": [2102247], "codigo_departamento": 21020000.0, "codigo_disciplina": 2102278, "horas": 30.0}, {"semestre": 4.0, "pos_requisitos": [2102347], "disciplina": "Fundamentos da Mec\u00e2nica Cl\u00e1ssica II", "creditos": 4.0, "tipo": "Obrigat\u00f3ria", "pre_requisitos": [], "codigo_departamento": 21020000.0, "codigo_disciplina": 2102279, "horas": 60.0}, {"semestre": 4.0, "pos_requisitos": [], "disciplina": "Biologia Celular", "creditos": 4.0, "tipo": "Obrigat\u00f3ria", "pre_requisitos": [], "codigo_departamento": 21050000.0, "codigo_disciplina": 2105122, "horas": 60.0}, {"semestre": 5.0, "pos_requisitos": [], "disciplina": "F\u00edsico - Qu\u00edmica II", "creditos": 4.0, "tipo": "Obrigat\u00f3ria", "pre_requisitos": [2102277], "codigo_departamento": 21020000.0, "codigo_disciplina": 2102297, "horas": 60.0}, {"semestre": 5.0, "pos_requisitos": [], "disciplina": "T\u00f3picos em Qu\u00edmica Ambiental", "creditos": 4.0, "tipo": "Obrigat\u00f3ria", "pre_requisitos": [2102255], "codigo_departamento": 21020000.0, "codigo_disciplina": 2102298, "horas": 60.0}, {"semestre": 5.0, "pos_requisitos": [2102320], "disciplina": "Qu\u00edmica Anal\u00edtica Qualitativa", "creditos": 4.0, "tipo": "Obrigat\u00f3ria", "pre_requisitos": [2102255], "codigo_departamento": 21020000.0, "codigo_disciplina": 2102299, "horas": 60.0}, {"semestre": 5.0, "pos_requisitos": [], "disciplina": "Bioqu\u00edmica", "creditos": 4.0, "tipo": "Obrigat\u00f3ria", "pre_requisitos": [2102258], "codigo_departamento": 21060000.0, "codigo_disciplina": 2106016, "horas": 60.0}, {"semestre": 6.0, "pos_requisitos": [], "disciplina": "Qu\u00edmica Experimental P/ Educa\u00e7\u00e3o B\u00e1sica", "creditos": 2.0, "tipo": "Obrigat\u00f3ria", "pre_requisitos": [2102278], "codigo_departamento": 21020000.0, "codigo_disciplina": 2102318, "horas": 30.0}, {"semestre": 6.0, "pos_requisitos": [2102344], "disciplina": "Qu\u00edmica Inorg\u00e2nica Descritiva", "creditos": 4.0, "tipo": "Obrigat\u00f3ria", "pre_requisitos": [2102255], "codigo_departamento": 21020000.0, "codigo_disciplina": 2102319, "horas": 60.0}, {"semestre": 6.0, "pos_requisitos": [], "disciplina": "Qu\u00edmica Anal\u00edtica Quantitativa", "creditos": 6.0, "tipo": "Obrigat\u00f3ria", "pre_requisitos": [2102299], "codigo_departamento": 21020000.0, "codigo_disciplina": 2102320, "horas": 90.0}, {"semestre": 6.0, "pos_requisitos": [], "disciplina": "Inform e Ens das Cien Nat na Educ Basica", "creditos": 4.0, "tipo": "Obrigat\u00f3ria", "pre_requisitos": [2103265, 2103227], "codigo_departamento": 21020000.0, "codigo_disciplina": 2102321, "horas": 60.0}, {"semestre": 6.0, "pos_requisitos": [2102348, 2102357], "disciplina": "Pr\u00e1tica de Ensino de Qu\u00edmica I", "creditos": 3.0, "tipo": "Obrigat\u00f3ria", "pre_requisitos": [2102278], "codigo_departamento": 21020000.0, "codigo_disciplina": 2102322, "horas": 45.0}, {"semestre": 7.0, "pos_requisitos": [], "disciplina": "Qu\u00edmica de Coordenacao", "creditos": 4.0, "tipo": "Obrigat\u00f3ria", "pre_requisitos": [2102319], "codigo_departamento": 21020000.0, "codigo_disciplina": 2102344, "horas": 60.0}, {"semestre": 7.0, "pos_requisitos": [], "disciplina": "M\u00e9todologia do Ensino de Qu\u00edmica", "creditos": 2.0, "tipo": "Obrigat\u00f3ria", "pre_requisitos": [], "codigo_departamento": 21020000.0, "codigo_disciplina": 2102345, "horas": 30.0}, {"semestre": 7.0, "pos_requisitos": [], "disciplina": "Geologia Geral", "creditos": 5.0, "tipo": "Obrigat\u00f3ria", "pre_requisitos": [], "codigo_departamento": 21020000.0, "codigo_disciplina": 2102346, "horas": 75.0}, {"semestre": 7.0, "pos_requisitos": [], "disciplina": "Fundamentos do Eletromagnetismo", "creditos": 4.0, "tipo": "Obrigat\u00f3ria", "pre_requisitos": [2102269, 2102279], "codigo_departamento": 21020000.0, "codigo_disciplina": 2102347, "horas": 60.0}, {"semestre": 7.0, "pos_requisitos": [], "disciplina": "Pr\u00e1tica de Ensino de Qu\u00edmica II", "creditos": 3.0, "tipo": "Obrigat\u00f3ria", "pre_requisitos": [2102322], "codigo_departamento": 21020000.0, "codigo_disciplina": 2102348, "horas": 45.0}, {"semestre": 8.0, "pos_requisitos": [], "disciplina": "Probabilidade e Estatistica", "creditos": 4.0, "tipo": "Obrigat\u00f3ria", "pre_requisitos": [], "codigo_departamento": 21020000.0, "codigo_disciplina": 2102343, "horas": 60.0}, {"semestre": 8.0, "pos_requisitos": [], "disciplina": "M\u00e9todologia Cient\u00edfica", "creditos": 2.0, "tipo": "Obrigat\u00f3ria", "pre_requisitos": [], "codigo_departamento": 21020000.0, "codigo_disciplina": 2102356, "horas": 30.0}, {"semestre": 8.0, "pos_requisitos": [], "disciplina": "Est\u00e1gio Curricular Sup em Qu\u00edmica I", "creditos": 9.0, "tipo": "Complementar", "pre_requisitos": [2102322], "codigo_departamento": 21020000.0, "codigo_disciplina": 2102357, "horas": 135.0}]