[{"semestre": null, "pos_requisitos": [], "disciplina": "Enade/Concluinte", "creditos": null, "tipo": "Complementar", "pre_requisitos": [], "codigo_departamento": 13050000.0, "codigo_disciplina": 1305253, "horas": null}, {"semestre": null, "pos_requisitos": [], "disciplina": "Enade/Ingressante", "creditos": null, "tipo": "Complementar", "pre_requisitos": [], "codigo_departamento": 13050000.0, "codigo_disciplina": 1305254, "horas": null}, {"semestre": 1.0, "pos_requisitos": [5101031, 5101056], "disciplina": "Qu\u00edmica Geral I", "creditos": 4.0, "tipo": "Obrigat\u00f3ria", "pre_requisitos": [], "codigo_departamento": 51010000.0, "codigo_disciplina": 5101007, "horas": 60.0}, {"semestre": 1.0, "pos_requisitos": [], "disciplina": "Introdu\u00e7\u00e3o \u00e0 Pr\u00e1tica em Ens. de Qu\u00edmica", "creditos": 3.0, "tipo": "Obrigat\u00f3ria", "pre_requisitos": [], "codigo_departamento": 51010000.0, "codigo_disciplina": 5101008, "horas": 45.0}, {"semestre": 1.0, "pos_requisitos": [5101057, 5101097, 5101096, 5101123, 5101124], "disciplina": "Princ\u00edpios de Seguran\u00e7a em Laborat\u00f3rios", "creditos": 2.0, "tipo": "Obrigat\u00f3ria", "pre_requisitos": [], "codigo_departamento": 51010000.0, "codigo_disciplina": 5101009, "horas": 30.0}, {"semestre": 1.0, "pos_requisitos": [5101032], "disciplina": "M\u00e9todologia Cient\u00edfica", "creditos": 4.0, "tipo": "Obrigat\u00f3ria", "pre_requisitos": [], "codigo_departamento": 51010000.0, "codigo_disciplina": 5101010, "horas": 60.0}, {"semestre": 1.0, "pos_requisitos": [], "disciplina": "\u00c1lgebra Vetorial e Geometria Anal\u00edtica", "creditos": 4.0, "tipo": "Obrigat\u00f3ria", "pre_requisitos": [], "codigo_departamento": 51010000.0, "codigo_disciplina": 5101012, "horas": 60.0}, {"semestre": 1.0, "pos_requisitos": [], "disciplina": "Legisla\u00e7\u00e3o da Educa\u00e7\u00e3o B\u00e1sica", "creditos": 3.0, "tipo": "Obrigat\u00f3ria", "pre_requisitos": [], "codigo_departamento": 51010000.0, "codigo_disciplina": 5101033, "horas": 45.0}, {"semestre": 2.0, "pos_requisitos": [5101048, 5101058], "disciplina": "C\u00e1lculo Diferencial e Integral I", "creditos": 6.0, "tipo": "Obrigat\u00f3ria", "pre_requisitos": [], "codigo_departamento": 51010000.0, "codigo_disciplina": 5101082, "horas": 90.0}, {"semestre": 2.0, "pos_requisitos": [], "disciplina": "Hist\u00f3ria da Qu\u00edmica", "creditos": 2.0, "tipo": "Obrigat\u00f3ria", "pre_requisitos": [], "codigo_departamento": 51010000.0, "codigo_disciplina": 5101089, "horas": 30.0}, {"semestre": 2.0, "pos_requisitos": [], "disciplina": "Inform\u00e1tica Aplicada ao Ensino", "creditos": 4.0, "tipo": "Obrigat\u00f3ria", "pre_requisitos": [], "codigo_departamento": 51010000.0, "codigo_disciplina": 5101021, "horas": 60.0}, {"semestre": 2.0, "pos_requisitos": [5101054, 5101052], "disciplina": "Psicologia e Educa\u00e7\u00e3o", "creditos": 4.0, "tipo": "Obrigat\u00f3ria", "pre_requisitos": [], "codigo_departamento": 51010000.0, "codigo_disciplina": 5101016, "horas": 60.0}, {"semestre": 2.0, "pos_requisitos": [5101057, 5101059, 5101073, 5101070, 5101074, 5101121], "disciplina": "Qu\u00edmica Geral II", "creditos": 4.0, "tipo": "Obrigat\u00f3ria", "pre_requisitos": [5101007], "codigo_departamento": 51010000.0, "codigo_disciplina": 5101031, "horas": 60.0}, {"semestre": 3.0, "pos_requisitos": [5101071], "disciplina": "Qu\u00edmica Org\u00e2nica I", "creditos": 4.0, "tipo": "Obrigat\u00f3ria", "pre_requisitos": [5101007], "codigo_departamento": 51010000.0, "codigo_disciplina": 5101056, "horas": 60.0}, {"semestre": 3.0, "pos_requisitos": [], "disciplina": "Qu\u00edmica Experimental", "creditos": 2.0, "tipo": "Obrigat\u00f3ria", "pre_requisitos": [5101031, 5101009], "codigo_departamento": 51010000.0, "codigo_disciplina": 5101057, "horas": 30.0}, {"semestre": 3.0, "pos_requisitos": [], "disciplina": "Ingl\u00eas Instrumental", "creditos": 4.0, "tipo": "Obrigat\u00f3ria", "pre_requisitos": [], "codigo_departamento": 51010000.0, "codigo_disciplina": 5101015, "horas": 60.0}, {"semestre": 3.0, "pos_requisitos": [], "disciplina": "Pesquisa no Ensino de Qu\u00edmica", "creditos": 3.0, "tipo": "Obrigat\u00f3ria", "pre_requisitos": [5101010], "codigo_departamento": 51010000.0, "codigo_disciplina": 5101032, "horas": 45.0}, {"semestre": 3.0, "pos_requisitos": [], "disciplina": "C\u00e1lculo Diferencial e Integral II", "creditos": 4.0, "tipo": "Obrigat\u00f3ria", "pre_requisitos": [5101082], "codigo_departamento": 51010000.0, "codigo_disciplina": 5101048, "horas": 60.0}, {"semestre": 3.0, "pos_requisitos": [], "disciplina": "Planejamento em Educa\u00e7\u00e3o", "creditos": 3.0, "tipo": "Obrigat\u00f3ria", "pre_requisitos": [5101016], "codigo_departamento": 51010000.0, "codigo_disciplina": 5101054, "horas": 45.0}, {"semestre": 4.0, "pos_requisitos": [5101060], "disciplina": "F\u00edsica Geral e Experimental I", "creditos": 4.0, "tipo": "Obrigat\u00f3ria", "pre_requisitos": [5101082], "codigo_departamento": 51010000.0, "codigo_disciplina": 5101058, "horas": 60.0}, {"semestre": 4.0, "pos_requisitos": [], "disciplina": "Qu\u00edmica Inorg\u00e2nica Descritiva", "creditos": 4.0, "tipo": "Obrigat\u00f3ria", "pre_requisitos": [5101031], "codigo_departamento": 51010000.0, "codigo_disciplina": 5101059, "horas": 60.0}, {"semestre": 4.0, "pos_requisitos": [5101097, 5101038], "disciplina": "Qu\u00edmica Org\u00e2nica II", "creditos": 4.0, "tipo": "Obrigat\u00f3ria", "pre_requisitos": [5101056], "codigo_departamento": 51010000.0, "codigo_disciplina": 5101071, "horas": 60.0}, {"semestre": 4.0, "pos_requisitos": [5101122], "disciplina": "M\u00e9todologia do Ensino de Qu\u00edmica I", "creditos": 4.0, "tipo": "Obrigat\u00f3ria", "pre_requisitos": [], "codigo_departamento": 51010000.0, "codigo_disciplina": 5101034, "horas": 60.0}, {"semestre": 4.0, "pos_requisitos": [], "disciplina": "Filosofia e Sociologia da Educa\u00e7\u00e3o", "creditos": 4.0, "tipo": "Obrigat\u00f3ria", "pre_requisitos": [], "codigo_departamento": 51010000.0, "codigo_disciplina": 5101041, "horas": 60.0}, {"semestre": 5.0, "pos_requisitos": [], "disciplina": "F\u00edsica II", "creditos": 4.0, "tipo": "Obrigat\u00f3ria", "pre_requisitos": [5101058], "codigo_departamento": 51010000.0, "codigo_disciplina": 5101060, "horas": 60.0}, {"semestre": 5.0, "pos_requisitos": [5101096], "disciplina": "Qu\u00edmica Inorg\u00e2nica de Coordena\u00e7\u00e3o", "creditos": 4.0, "tipo": "Obrigat\u00f3ria", "pre_requisitos": [5101031], "codigo_departamento": 51010000.0, "codigo_disciplina": 5101070, "horas": 60.0}, {"semestre": 5.0, "pos_requisitos": [5101098], "disciplina": "Qu\u00edmica Anal\u00edtica I", "creditos": 4.0, "tipo": "Obrigat\u00f3ria", "pre_requisitos": [5101031], "codigo_departamento": 51010000.0, "codigo_disciplina": 5101073, "horas": 60.0}, {"semestre": 5.0, "pos_requisitos": [], "disciplina": "Qu\u00edmica Org\u00e2nica Experimental", "creditos": 2.0, "tipo": "Obrigat\u00f3ria", "pre_requisitos": [5101071, 5101009], "codigo_departamento": 51010000.0, "codigo_disciplina": 5101097, "horas": 30.0}, {"semestre": 5.0, "pos_requisitos": [], "disciplina": "Qu\u00edmica Ambiental", "creditos": 2.0, "tipo": "Obrigat\u00f3ria", "pre_requisitos": [], "codigo_departamento": 51010000.0, "codigo_disciplina": 5101125, "horas": 30.0}, {"semestre": 5.0, "pos_requisitos": [5101122], "disciplina": "M\u00e9todologia do Ensino de Qu\u00edmica II", "creditos": 4.0, "tipo": "Obrigat\u00f3ria", "pre_requisitos": [], "codigo_departamento": 51010000.0, "codigo_disciplina": 5101055, "horas": 60.0}, {"semestre": 6.0, "pos_requisitos": [5101099], "disciplina": "F\u00edsico - Qu\u00edmica I", "creditos": 4.0, "tipo": "Obrigat\u00f3ria", "pre_requisitos": [5101031], "codigo_departamento": 51010000.0, "codigo_disciplina": 5101074, "horas": 60.0}, {"semestre": 6.0, "pos_requisitos": [], "disciplina": "Qu\u00edmica Inorg\u00e2nica Experimental", "creditos": 2.0, "tipo": "Obrigat\u00f3ria", "pre_requisitos": [5101070, 5101009], "codigo_departamento": 51010000.0, "codigo_disciplina": 5101096, "horas": 30.0}, {"semestre": 6.0, "pos_requisitos": [5101123], "disciplina": "Qu\u00edmica Anal\u00edtica II", "creditos": 4.0, "tipo": "Obrigat\u00f3ria", "pre_requisitos": [5101073], "codigo_departamento": 51010000.0, "codigo_disciplina": 5101098, "horas": 60.0}, {"semestre": 6.0, "pos_requisitos": [], "disciplina": "Estatistica Descritiva", "creditos": 4.0, "tipo": "Obrigat\u00f3ria", "pre_requisitos": [], "codigo_departamento": 51010000.0, "codigo_disciplina": 5101050, "horas": 60.0}, {"semestre": 6.0, "pos_requisitos": [], "disciplina": "Avalia\u00e7\u00e3o e Aprendizagem", "creditos": 3.0, "tipo": "Obrigat\u00f3ria", "pre_requisitos": [5101016], "codigo_departamento": 51010000.0, "codigo_disciplina": 5101052, "horas": 45.0}, {"semestre": 7.0, "pos_requisitos": [5101124], "disciplina": "F\u00edsico - Qu\u00edmica II", "creditos": 4.0, "tipo": "Obrigat\u00f3ria", "pre_requisitos": [5101074], "codigo_departamento": 51010000.0, "codigo_disciplina": 5101099, "horas": 60.0}, {"semestre": 7.0, "pos_requisitos": [], "disciplina": "Instrumenta\u00e7\u00e3o no Ensino de Qu\u00edmica", "creditos": 4.0, "tipo": "Obrigat\u00f3ria", "pre_requisitos": [], "codigo_departamento": 51010000.0, "codigo_disciplina": 5101120, "horas": 60.0}, {"semestre": 7.0, "pos_requisitos": [5101149], "disciplina": "Est\u00e1gio Superv. em Ensino de Qu\u00edmica I", "creditos": 6.0, "tipo": "Obrigat\u00f3ria", "pre_requisitos": [5101034, 5101055], "codigo_departamento": 51010000.0, "codigo_disciplina": 5101122, "horas": 90.0}, {"semestre": 7.0, "pos_requisitos": [], "disciplina": "Qu\u00edmica Anal\u00edtica Experimental", "creditos": 3.0, "tipo": "Obrigat\u00f3ria", "pre_requisitos": [5101098, 5101009], "codigo_departamento": 51010000.0, "codigo_disciplina": 5101123, "horas": 45.0}, {"semestre": 8.0, "pos_requisitos": [], "disciplina": "Cin\u00e9tica Qu\u00edmica", "creditos": 2.0, "tipo": "Obrigat\u00f3ria", "pre_requisitos": [5101031], "codigo_departamento": 51010000.0, "codigo_disciplina": 5101121, "horas": 30.0}, {"semestre": 8.0, "pos_requisitos": [], "disciplina": "F\u00edsico - Qu\u00edmica Experimental", "creditos": 2.0, "tipo": "Obrigat\u00f3ria", "pre_requisitos": [5101099, 5101009], "codigo_departamento": 51010000.0, "codigo_disciplina": 5101124, "horas": 30.0}, {"semestre": 8.0, "pos_requisitos": [], "disciplina": "L\u00edngua Brasileira de Sinais", "creditos": 4.0, "tipo": "Obrigat\u00f3ria", "pre_requisitos": [], "codigo_departamento": 51010000.0, "codigo_disciplina": 5101148, "horas": 60.0}, {"semestre": 8.0, "pos_requisitos": [5101170], "disciplina": "Est\u00e1gio Superv. em Ensino de Qu\u00edmica II", "creditos": 8.0, "tipo": "Obrigat\u00f3ria", "pre_requisitos": [5101122], "codigo_departamento": 51010000.0, "codigo_disciplina": 5101149, "horas": 120.0}, {"semestre": 8.0, "pos_requisitos": [], "disciplina": "Bioqu\u00edmica Geral", "creditos": 4.0, "tipo": "Obrigat\u00f3ria", "pre_requisitos": [5101071], "codigo_departamento": 51010000.0, "codigo_disciplina": 5101038, "horas": 60.0}, {"semestre": 9.0, "pos_requisitos": [], "disciplina": "Atividades Acad\u00eamico - Cient\u00edfico - Culturais", "creditos": 14.0, "tipo": "Complementar", "pre_requisitos": [], "codigo_departamento": 51010000.0, "codigo_disciplina": 5101163, "horas": 210.0}, {"semestre": 9.0, "pos_requisitos": [], "disciplina": "Est\u00e1gio Superv. em Ensino de Qu\u00edmica III", "creditos": 13.0, "tipo": "Obrigat\u00f3ria", "pre_requisitos": [5101149], "codigo_departamento": 51010000.0, "codigo_disciplina": 5101170, "horas": 195.0}, {"semestre": 9.0, "pos_requisitos": [], "disciplina": "Trabalho de Conclus\u00e3o de Curso", "creditos": 2.0, "tipo": "Obrigat\u00f3ria", "pre_requisitos": [], "codigo_departamento": 51010000.0, "codigo_disciplina": 5101171, "horas": 30.0}]