[{"semestre": 1.0, "pos_requisitos": [3101130], "disciplina": "Introdu\u00e7\u00e3o ao Servi\u00e7o Social", "creditos": 4.0, "tipo": "Obrigat\u00f3ria", "pre_requisitos": [], "codigo_departamento": 31010000.0, "codigo_disciplina": 3101123, "horas": 60.0}, {"semestre": 1.0, "pos_requisitos": [3101133], "disciplina": "Sociologia I", "creditos": 4.0, "tipo": "Obrigat\u00f3ria", "pre_requisitos": [], "codigo_departamento": 31010000.0, "codigo_disciplina": 3101124, "horas": 60.0}, {"semestre": 1.0, "pos_requisitos": [3101132], "disciplina": "Filosofia", "creditos": 4.0, "tipo": "Obrigat\u00f3ria", "pre_requisitos": [], "codigo_departamento": 31010000.0, "codigo_disciplina": 3101125, "horas": 60.0}, {"semestre": 1.0, "pos_requisitos": [], "disciplina": "Psicologia Social", "creditos": 4.0, "tipo": "Obrigat\u00f3ria", "pre_requisitos": [], "codigo_departamento": 31010000.0, "codigo_disciplina": 3101126, "horas": 60.0}, {"semestre": 1.0, "pos_requisitos": [], "disciplina": "Formacao Social do Brasil", "creditos": 4.0, "tipo": "Obrigat\u00f3ria", "pre_requisitos": [], "codigo_departamento": 31010000.0, "codigo_disciplina": 3101127, "horas": 60.0}, {"semestre": 1.0, "pos_requisitos": [], "disciplina": "M\u00e9todologia do Trabalho Academico", "creditos": 2.0, "tipo": "Obrigat\u00f3ria", "pre_requisitos": [], "codigo_departamento": 31010000.0, "codigo_disciplina": 3101128, "horas": 30.0}, {"semestre": 2.0, "pos_requisitos": [3101138], "disciplina": "Servi\u00e7o Social I", "creditos": 4.0, "tipo": "Obrigat\u00f3ria", "pre_requisitos": [3101123], "codigo_departamento": 31010000.0, "codigo_disciplina": 3101130, "horas": 60.0}, {"semestre": 2.0, "pos_requisitos": [3101139], "disciplina": "Teoria Pol\u00edtica Moderna", "creditos": 4.0, "tipo": "Obrigat\u00f3ria", "pre_requisitos": [], "codigo_departamento": 31010000.0, "codigo_disciplina": 3101131, "horas": 60.0}, {"semestre": 2.0, "pos_requisitos": [], "disciplina": "Filosofia Pol\u00edtica", "creditos": 4.0, "tipo": "Obrigat\u00f3ria", "pre_requisitos": [3101125], "codigo_departamento": 31010000.0, "codigo_disciplina": 3101132, "horas": 60.0}, {"semestre": 2.0, "pos_requisitos": [], "disciplina": "Sociologia II", "creditos": 4.0, "tipo": "Obrigat\u00f3ria", "pre_requisitos": [3101124], "codigo_departamento": 31010000.0, "codigo_disciplina": 3101133, "horas": 60.0}, {"semestre": 2.0, "pos_requisitos": [], "disciplina": "Influencias Filosoficas no Serv Social", "creditos": 4.0, "tipo": "Obrigat\u00f3ria", "pre_requisitos": [], "codigo_departamento": 31010000.0, "codigo_disciplina": 3101134, "horas": 60.0}, {"semestre": 3.0, "pos_requisitos": [], "disciplina": "Antropologia", "creditos": 4.0, "tipo": "Obrigat\u00f3ria", "pre_requisitos": [], "codigo_departamento": 31010000.0, "codigo_disciplina": 3101135, "horas": 60.0}, {"semestre": 3.0, "pos_requisitos": [3101144], "disciplina": "Servi\u00e7o Social II", "creditos": 4.0, "tipo": "Obrigat\u00f3ria", "pre_requisitos": [3101130], "codigo_departamento": 31010000.0, "codigo_disciplina": 3101138, "horas": 60.0}, {"semestre": 3.0, "pos_requisitos": [], "disciplina": "Teoria Pol\u00edtica Contemporanea", "creditos": 4.0, "tipo": "Obrigat\u00f3ria", "pre_requisitos": [3101131], "codigo_departamento": 31010000.0, "codigo_disciplina": 3101139, "horas": 60.0}, {"semestre": 3.0, "pos_requisitos": [], "disciplina": "Direito e Legisla\u00e7\u00e3o Social", "creditos": 4.0, "tipo": "Obrigat\u00f3ria", "pre_requisitos": [], "codigo_departamento": 31010000.0, "codigo_disciplina": 3101140, "horas": 60.0}, {"semestre": 3.0, "pos_requisitos": [], "disciplina": "Economia Pol\u00edtica e Servi\u00e7o Social", "creditos": 4.0, "tipo": "Obrigat\u00f3ria", "pre_requisitos": [], "codigo_departamento": 31010000.0, "codigo_disciplina": 3101141, "horas": 60.0}, {"semestre": 4.0, "pos_requisitos": [3101151], "disciplina": "Servi\u00e7o Social III", "creditos": 4.0, "tipo": "Obrigat\u00f3ria", "pre_requisitos": [3101138], "codigo_departamento": 31010000.0, "codigo_disciplina": 3101144, "horas": 60.0}, {"semestre": 4.0, "pos_requisitos": [], "disciplina": "Questao Social no Brasil", "creditos": 4.0, "tipo": "Obrigat\u00f3ria", "pre_requisitos": [], "codigo_departamento": 31010000.0, "codigo_disciplina": 3101145, "horas": 60.0}, {"semestre": 4.0, "pos_requisitos": [], "disciplina": "Movimentos Sociais", "creditos": 4.0, "tipo": "Obrigat\u00f3ria", "pre_requisitos": [], "codigo_departamento": 31010000.0, "codigo_disciplina": 3101146, "horas": 60.0}, {"semestre": 4.0, "pos_requisitos": [], "disciplina": "Trabalho e Sociabilidade", "creditos": 4.0, "tipo": "Obrigat\u00f3ria", "pre_requisitos": [], "codigo_departamento": 31010000.0, "codigo_disciplina": 3101147, "horas": 60.0}, {"semestre": 4.0, "pos_requisitos": [3101152, 3101156, 3101159, 3101160, 3101149, 3101170], "disciplina": "Pol\u00edtica Social I", "creditos": 4.0, "tipo": "Obrigat\u00f3ria", "pre_requisitos": [], "codigo_departamento": 31010000.0, "codigo_disciplina": 3101148, "horas": 60.0}, {"semestre": 5.0, "pos_requisitos": [3101157, 3101165, 3101163], "disciplina": "Servi\u00e7o Social IV", "creditos": 4.0, "tipo": "Obrigat\u00f3ria", "pre_requisitos": [3101144], "codigo_departamento": 31010000.0, "codigo_disciplina": 3101151, "horas": 60.0}, {"semestre": 5.0, "pos_requisitos": [3101149, 3101170], "disciplina": "Pol\u00edtica Social II", "creditos": 4.0, "tipo": "Obrigat\u00f3ria", "pre_requisitos": [3101148], "codigo_departamento": 31010000.0, "codigo_disciplina": 3101152, "horas": 60.0}, {"semestre": 5.0, "pos_requisitos": [3101158], "disciplina": "M\u00e9todologia da Pesquisa", "creditos": 4.0, "tipo": "Obrigat\u00f3ria", "pre_requisitos": [], "codigo_departamento": 31010000.0, "codigo_disciplina": 3101153, "horas": 60.0}, {"semestre": 5.0, "pos_requisitos": [3101161], "disciplina": "\u00c9tica Profissional", "creditos": 4.0, "tipo": "Obrigat\u00f3ria", "pre_requisitos": [], "codigo_departamento": 31010000.0, "codigo_disciplina": 3101154, "horas": 60.0}, {"semestre": 5.0, "pos_requisitos": [], "disciplina": "Seguridade Social do Brasil", "creditos": 4.0, "tipo": "Obrigat\u00f3ria", "pre_requisitos": [3101148], "codigo_departamento": 31010000.0, "codigo_disciplina": 3101156, "horas": 60.0}, {"semestre": 6.0, "pos_requisitos": [], "disciplina": "Debate Contemporaneo do Servi\u00e7o Social", "creditos": 4.0, "tipo": "Obrigat\u00f3ria", "pre_requisitos": [3101151], "codigo_departamento": 31010000.0, "codigo_disciplina": 3101157, "horas": 60.0}, {"semestre": 6.0, "pos_requisitos": [], "disciplina": "Pesquisa em Servi\u00e7o Social", "creditos": 4.0, "tipo": "Obrigat\u00f3ria", "pre_requisitos": [3101153], "codigo_departamento": 31010000.0, "codigo_disciplina": 3101158, "horas": 60.0}, {"semestre": 6.0, "pos_requisitos": [], "disciplina": "Pol\u00edtica de Assistencia Social", "creditos": 4.0, "tipo": "Obrigat\u00f3ria", "pre_requisitos": [3101148], "codigo_departamento": 31010000.0, "codigo_disciplina": 3101159, "horas": 60.0}, {"semestre": 6.0, "pos_requisitos": [], "disciplina": "Pol\u00edtica de Prot a Crianca e ao Adolesc", "creditos": 4.0, "tipo": "Obrigat\u00f3ria", "pre_requisitos": [3101148], "codigo_departamento": 31010000.0, "codigo_disciplina": 3101160, "horas": 60.0}, {"semestre": 6.0, "pos_requisitos": [3101166], "disciplina": "Semin\u00e1rio Tematico I", "creditos": 4.0, "tipo": "Obrigat\u00f3ria", "pre_requisitos": [3101154], "codigo_departamento": 31010000.0, "codigo_disciplina": 3101161, "horas": 60.0}, {"semestre": 6.0, "pos_requisitos": [3101167], "disciplina": "Est\u00e1gio Curricular Supervisionado I", "creditos": 4.0, "tipo": "Complementar", "pre_requisitos": [], "codigo_departamento": 31010000.0, "codigo_disciplina": 3101162, "horas": 60.0}, {"semestre": 7.0, "pos_requisitos": [], "disciplina": "Servi\u00e7o Social e Processo de Trabalho", "creditos": 4.0, "tipo": "Obrigat\u00f3ria", "pre_requisitos": [3101151], "codigo_departamento": 31010000.0, "codigo_disciplina": 3101163, "horas": 60.0}, {"semestre": 7.0, "pos_requisitos": [3101169], "disciplina": "Semin\u00e1rio de Monografia", "creditos": 4.0, "tipo": "Obrigat\u00f3ria", "pre_requisitos": [], "codigo_departamento": 31010000.0, "codigo_disciplina": 3101164, "horas": 60.0}, {"semestre": 7.0, "pos_requisitos": [], "disciplina": "Planejamento Social", "creditos": 4.0, "tipo": "Obrigat\u00f3ria", "pre_requisitos": [3101151], "codigo_departamento": 31010000.0, "codigo_disciplina": 3101165, "horas": 60.0}, {"semestre": 7.0, "pos_requisitos": [], "disciplina": "Semin\u00e1rio Tematico II", "creditos": 4.0, "tipo": "Obrigat\u00f3ria", "pre_requisitos": [3101161], "codigo_departamento": 31010000.0, "codigo_disciplina": 3101166, "horas": 60.0}, {"semestre": 7.0, "pos_requisitos": [], "disciplina": "Est\u00e1gio Curricular Supervisionado II", "creditos": 10.0, "tipo": "Complementar", "pre_requisitos": [3101162], "codigo_departamento": 31010000.0, "codigo_disciplina": 3101167, "horas": 150.0}, {"semestre": 8.0, "pos_requisitos": [], "disciplina": "Atividades Complementares Flex\u00edveis", "creditos": 10.0, "tipo": "Complementar", "pre_requisitos": [], "codigo_departamento": 31010000.0, "codigo_disciplina": 3101318, "horas": 150.0}, {"semestre": 8.0, "pos_requisitos": [], "disciplina": "Pol\u00edtica de Previdencia Social", "creditos": 4.0, "tipo": "Obrigat\u00f3ria", "pre_requisitos": [3101148, 3101152], "codigo_departamento": 31010000.0, "codigo_disciplina": 3101149, "horas": 60.0}, {"semestre": 8.0, "pos_requisitos": [], "disciplina": "Trabalho de Conclus\u00e3o de Curso", "creditos": 4.0, "tipo": "Complementar", "pre_requisitos": [3101164], "codigo_departamento": 31010000.0, "codigo_disciplina": 3101169, "horas": 60.0}, {"semestre": 8.0, "pos_requisitos": [], "disciplina": "Pol\u00edtica de Sa\u00fade no Brasil", "creditos": 4.0, "tipo": "Obrigat\u00f3ria", "pre_requisitos": [3101148, 3101152], "codigo_departamento": 31010000.0, "codigo_disciplina": 3101170, "horas": 60.0}]